
🌉 OWU Bridge — 22/3/2026, 11:09:49 pm
📅 Checking for conversations since 21/3/2026, 11:09:50 pm

🌉 OWU Bridge — 22/3/2026, 11:11:20 pm
📅 Checking for conversations since 21/3/2026, 11:11:20 pm
📨 Found 0 new messages
✅ Nothing new. Done.

🌉 OWU Bridge — 22/3/2026, 11:16:20 pm
📅 Checking for conversations since 16/3/2026, 1:39:21 am
📨 Found 0 new messages
✅ Nothing new. Done.

🌉 OWU Bridge — 22/3/2026, 11:19:31 pm
📅 Checking since 16/3/2026, 1:39:21 am
📨 Found 0 new messages
✅ Nothing new. Done.

🌉 OWU Bridge — 22/3/2026, 11:24:31 pm
📅 Checking since 22/3/2026, 11:19:31 pm
📨 Found 0 new messages
✅ Nothing new. Done.

🌉 OWU Bridge — 22/3/2026, 11:29:32 pm
📅 Checking since 22/3/2026, 11:24:32 pm
📨 Found 0 new messages
✅ Nothing new. Done.

🌉 OWU Bridge — 22/3/2026, 11:34:32 pm
📅 Checking since 22/3/2026, 11:29:32 pm
📨 Found 0 new messages
✅ Nothing new. Done.

🌉 OWU Bridge — 22/3/2026, 11:39:37 pm
📅 Checking since 22/3/2026, 11:34:32 pm
📨 Found 0 new messages
✅ Nothing new. Done.

🌉 OWU Bridge — 22/3/2026, 11:44:38 pm
📅 Checking since 22/3/2026, 11:39:38 pm
📨 Found 0 new messages
✅ Nothing new. Done.

🌉 OWU Bridge — 22/3/2026, 11:49:38 pm
📅 Checking since 22/3/2026, 11:44:38 pm
📨 Found 0 new messages
✅ Nothing new. Done.

🌉 OWU Bridge — 22/3/2026, 11:54:38 pm
📅 Checking since 22/3/2026, 11:49:38 pm
📨 Found 0 new messages
✅ Nothing new. Done.

🌉 OWU Bridge — 22/3/2026, 11:59:38 pm
📅 Checking since 22/3/2026, 11:54:38 pm
📨 Found 0 new messages
✅ Nothing new. Done.

🌉 OWU Bridge — 23/3/2026, 12:04:38 am
📅 Checking since 22/3/2026, 11:59:38 pm
📨 Found 0 new messages
✅ Nothing new. Done.

🌉 OWU Bridge — 23/3/2026, 12:09:39 am
📅 Checking since 23/3/2026, 12:04:39 am
📨 Found 0 new messages
✅ Nothing new. Done.

🌉 OWU Bridge — 23/3/2026, 12:14:39 am
📅 Checking since 23/3/2026, 12:09:39 am
📨 Found 0 new messages
✅ Nothing new. Done.

🌉 OWU Bridge — 23/3/2026, 12:19:39 am
📅 Checking since 23/3/2026, 12:14:39 am
📨 Found 0 new messages
✅ Nothing new. Done.

🌉 OWU Bridge — 23/3/2026, 12:24:40 am
📅 Checking since 23/3/2026, 12:19:39 am
📨 Found 0 new messages
✅ Nothing new. Done.

🌉 OWU Bridge — 23/3/2026, 12:29:40 am
📅 Checking since 23/3/2026, 12:24:40 am
📨 Found 0 new messages
✅ Nothing new. Done.

🌉 OWU Bridge — 23/3/2026, 12:34:40 am
📅 Checking since 23/3/2026, 12:29:40 am
📨 Found 0 new messages
✅ Nothing new. Done.

🌉 OWU Bridge — 23/3/2026, 12:39:40 am
📅 Checking since 23/3/2026, 12:34:40 am
📨 Found 0 new messages
✅ Nothing new. Done.

🌉 OWU Bridge — 23/3/2026, 12:44:40 am
📅 Checking since 23/3/2026, 12:39:40 am
📨 Found 0 new messages
✅ Nothing new. Done.

🌉 OWU Bridge — 23/3/2026, 12:49:41 am
📅 Checking since 23/3/2026, 12:44:40 am
📨 Found 0 new messages
✅ Nothing new. Done.

🌉 OWU Bridge — 23/3/2026, 12:54:41 am
📅 Checking since 23/3/2026, 12:49:41 am
📨 Found 0 new messages
✅ Nothing new. Done.

🌉 OWU Bridge — 23/3/2026, 12:59:41 am
📅 Checking since 23/3/2026, 12:54:41 am
📨 Found 0 new messages
✅ Nothing new. Done.

🌉 OWU Bridge — 23/3/2026, 1:04:41 am
📅 Checking since 23/3/2026, 12:59:41 am
📨 Found 0 new messages
✅ Nothing new. Done.

🌉 OWU Bridge — 23/3/2026, 1:09:41 am
📅 Checking since 23/3/2026, 1:04:41 am
📨 Found 0 new messages
✅ Nothing new. Done.

🌉 OWU Bridge — 23/3/2026, 1:14:41 am
📅 Checking since 23/3/2026, 1:09:41 am
📨 Found 0 new messages
✅ Nothing new. Done.

🌉 OWU Bridge — 23/3/2026, 1:19:42 am
📅 Checking since 23/3/2026, 1:14:42 am
📨 Found 0 new messages
✅ Nothing new. Done.

🌉 OWU Bridge — 23/3/2026, 1:24:42 am
📅 Checking since 23/3/2026, 1:19:42 am
📨 Found 0 new messages
✅ Nothing new. Done.

🌉 OWU Bridge — 23/3/2026, 1:29:42 am
📅 Checking since 23/3/2026, 1:24:42 am
📨 Found 0 new messages
✅ Nothing new. Done.

🌉 OWU Bridge — 23/3/2026, 1:34:42 am
📅 Checking since 23/3/2026, 1:29:42 am
📨 Found 0 new messages
✅ Nothing new. Done.

🌉 OWU Bridge — 23/3/2026, 1:39:43 am
📅 Checking since 23/3/2026, 1:34:42 am
📨 Found 0 new messages
✅ Nothing new. Done.

🌉 OWU Bridge — 23/3/2026, 1:44:43 am
📅 Checking since 23/3/2026, 1:39:43 am
📨 Found 0 new messages
✅ Nothing new. Done.

🌉 OWU Bridge — 23/3/2026, 1:49:43 am
📅 Checking since 23/3/2026, 1:44:43 am
📨 Found 0 new messages
✅ Nothing new. Done.

🌉 OWU Bridge — 23/3/2026, 1:54:43 am
📅 Checking since 23/3/2026, 1:49:43 am
📨 Found 0 new messages
✅ Nothing new. Done.

🌉 OWU Bridge — 23/3/2026, 1:59:43 am
📅 Checking since 23/3/2026, 1:54:43 am
📨 Found 0 new messages
✅ Nothing new. Done.

🌉 OWU Bridge — 23/3/2026, 2:04:44 am
📅 Checking since 23/3/2026, 1:59:43 am
📨 Found 0 new messages
✅ Nothing new. Done.

🌉 OWU Bridge — 23/3/2026, 2:09:44 am
📅 Checking since 23/3/2026, 2:04:44 am
📨 Found 0 new messages
✅ Nothing new. Done.

🌉 OWU Bridge — 23/3/2026, 2:14:44 am
📅 Checking since 23/3/2026, 2:09:44 am
📨 Found 0 new messages
✅ Nothing new. Done.

🌉 OWU Bridge — 23/3/2026, 2:19:44 am
📅 Checking since 23/3/2026, 2:14:44 am
📨 Found 0 new messages
✅ Nothing new. Done.

🌉 OWU Bridge — 23/3/2026, 2:24:44 am
📅 Checking since 23/3/2026, 2:19:44 am
📨 Found 0 new messages
✅ Nothing new. Done.

🌉 OWU Bridge — 23/3/2026, 2:29:44 am
📅 Checking since 23/3/2026, 2:24:44 am
📨 Found 0 new messages
✅ Nothing new. Done.

🌉 OWU Bridge — 23/3/2026, 2:34:45 am
📅 Checking since 23/3/2026, 2:29:45 am
📨 Found 0 new messages
✅ Nothing new. Done.

🌉 OWU Bridge — 23/3/2026, 2:39:45 am
📅 Checking since 23/3/2026, 2:34:45 am
📨 Found 0 new messages
✅ Nothing new. Done.

🌉 OWU Bridge — 23/3/2026, 2:44:45 am
📅 Checking since 23/3/2026, 2:39:45 am
📨 Found 0 new messages
✅ Nothing new. Done.

🌉 OWU Bridge — 23/3/2026, 2:49:47 am
📅 Checking since 23/3/2026, 2:44:47 am
📨 Found 0 new messages
✅ Nothing new. Done.

🌉 OWU Bridge — 23/3/2026, 2:54:48 am
📅 Checking since 23/3/2026, 2:49:48 am
📨 Found 0 new messages
✅ Nothing new. Done.

🌉 OWU Bridge — 23/3/2026, 2:59:48 am
📅 Checking since 23/3/2026, 2:54:48 am
📨 Found 0 new messages
✅ Nothing new. Done.

🌉 OWU Bridge — 23/3/2026, 3:04:48 am
📅 Checking since 23/3/2026, 2:59:48 am
📨 Found 0 new messages
✅ Nothing new. Done.

🌉 OWU Bridge — 23/3/2026, 3:09:48 am
📅 Checking since 23/3/2026, 3:04:48 am
📨 Found 0 new messages
✅ Nothing new. Done.

🌉 OWU Bridge — 23/3/2026, 3:14:48 am
📅 Checking since 23/3/2026, 3:09:48 am
📨 Found 0 new messages
✅ Nothing new. Done.

🌉 OWU Bridge — 23/3/2026, 3:19:49 am
📅 Checking since 23/3/2026, 3:14:49 am
📨 Found 0 new messages
✅ Nothing new. Done.

🌉 OWU Bridge — 23/3/2026, 3:24:49 am
📅 Checking since 23/3/2026, 3:19:49 am
📨 Found 0 new messages
✅ Nothing new. Done.

🌉 OWU Bridge — 23/3/2026, 3:29:49 am
📅 Checking since 23/3/2026, 3:24:49 am
📨 Found 0 new messages
✅ Nothing new. Done.

🌉 OWU Bridge — 23/3/2026, 3:34:49 am
📅 Checking since 23/3/2026, 3:29:49 am
📨 Found 0 new messages
✅ Nothing new. Done.

🌉 OWU Bridge — 23/3/2026, 3:39:49 am
📅 Checking since 23/3/2026, 3:34:49 am
📨 Found 0 new messages
✅ Nothing new. Done.

🌉 OWU Bridge — 23/3/2026, 3:44:50 am
📅 Checking since 23/3/2026, 3:39:49 am
📨 Found 0 new messages
✅ Nothing new. Done.

🌉 OWU Bridge — 23/3/2026, 3:49:50 am
📅 Checking since 23/3/2026, 3:44:50 am
📨 Found 0 new messages
✅ Nothing new. Done.

🌉 OWU Bridge — 23/3/2026, 3:54:50 am
📅 Checking since 23/3/2026, 3:49:50 am
📨 Found 0 new messages
✅ Nothing new. Done.

🌉 OWU Bridge — 23/3/2026, 3:59:50 am
📅 Checking since 23/3/2026, 3:54:50 am
📨 Found 0 new messages
✅ Nothing new. Done.

🌉 OWU Bridge — 23/3/2026, 4:04:50 am
📅 Checking since 23/3/2026, 3:59:50 am
📨 Found 0 new messages
✅ Nothing new. Done.

🌉 OWU Bridge — 23/3/2026, 4:09:50 am
📅 Checking since 23/3/2026, 4:04:50 am
📨 Found 0 new messages
✅ Nothing new. Done.

🌉 OWU Bridge — 23/3/2026, 4:14:51 am
📅 Checking since 23/3/2026, 4:09:51 am
📨 Found 0 new messages
✅ Nothing new. Done.

🌉 OWU Bridge — 23/3/2026, 4:19:51 am
📅 Checking since 23/3/2026, 4:14:51 am
📨 Found 0 new messages
✅ Nothing new. Done.

🌉 OWU Bridge — 23/3/2026, 4:24:51 am
📅 Checking since 23/3/2026, 4:19:51 am
📨 Found 0 new messages
✅ Nothing new. Done.

🌉 OWU Bridge — 23/3/2026, 4:29:51 am
📅 Checking since 23/3/2026, 4:24:51 am
📨 Found 0 new messages
✅ Nothing new. Done.

🌉 OWU Bridge — 23/3/2026, 4:34:51 am
📅 Checking since 23/3/2026, 4:29:51 am
📨 Found 0 new messages
✅ Nothing new. Done.

🌉 OWU Bridge — 23/3/2026, 4:39:52 am
📅 Checking since 23/3/2026, 4:34:52 am
📨 Found 0 new messages
✅ Nothing new. Done.

🌉 OWU Bridge — 23/3/2026, 4:44:52 am
📅 Checking since 23/3/2026, 4:39:52 am
📨 Found 0 new messages
✅ Nothing new. Done.

🌉 OWU Bridge — 23/3/2026, 4:49:52 am
📅 Checking since 23/3/2026, 4:44:52 am
📨 Found 0 new messages
✅ Nothing new. Done.

🌉 OWU Bridge — 23/3/2026, 4:54:52 am
📅 Checking since 23/3/2026, 4:49:52 am
📨 Found 0 new messages
✅ Nothing new. Done.

🌉 OWU Bridge — 23/3/2026, 4:59:52 am
📅 Checking since 23/3/2026, 4:54:52 am
📨 Found 0 new messages
✅ Nothing new. Done.

🌉 OWU Bridge — 23/3/2026, 5:04:53 am
📅 Checking since 23/3/2026, 4:59:53 am
📨 Found 0 new messages
✅ Nothing new. Done.

🌉 OWU Bridge — 23/3/2026, 5:09:53 am
📅 Checking since 23/3/2026, 5:04:53 am
📨 Found 0 new messages
✅ Nothing new. Done.

🌉 OWU Bridge — 23/3/2026, 5:14:53 am
📅 Checking since 23/3/2026, 5:09:53 am
📨 Found 0 new messages
✅ Nothing new. Done.

🌉 OWU Bridge — 23/3/2026, 5:19:53 am
📅 Checking since 23/3/2026, 5:14:53 am
📨 Found 0 new messages
✅ Nothing new. Done.

🌉 OWU Bridge — 23/3/2026, 5:24:53 am
📅 Checking since 23/3/2026, 5:19:53 am
📨 Found 0 new messages
✅ Nothing new. Done.

🌉 OWU Bridge — 23/3/2026, 5:29:54 am
📅 Checking since 23/3/2026, 5:24:53 am
📨 Found 0 new messages
✅ Nothing new. Done.

🌉 OWU Bridge — 23/3/2026, 5:34:54 am
📅 Checking since 23/3/2026, 5:29:54 am
📨 Found 0 new messages
✅ Nothing new. Done.

🌉 OWU Bridge — 23/3/2026, 5:39:54 am
📅 Checking since 23/3/2026, 5:34:54 am
📨 Found 0 new messages
✅ Nothing new. Done.

🌉 OWU Bridge — 23/3/2026, 5:44:54 am
📅 Checking since 23/3/2026, 5:39:54 am
📨 Found 0 new messages
✅ Nothing new. Done.

🌉 OWU Bridge — 23/3/2026, 5:49:54 am
📅 Checking since 23/3/2026, 5:44:54 am
📨 Found 0 new messages
✅ Nothing new. Done.

🌉 OWU Bridge — 23/3/2026, 5:54:55 am
📅 Checking since 23/3/2026, 5:49:54 am
📨 Found 0 new messages
✅ Nothing new. Done.

🌉 OWU Bridge — 23/3/2026, 5:59:55 am
📅 Checking since 23/3/2026, 5:54:55 am
📨 Found 0 new messages
✅ Nothing new. Done.

🌉 OWU Bridge — 23/3/2026, 6:04:55 am
📅 Checking since 23/3/2026, 5:59:55 am
📨 Found 0 new messages
✅ Nothing new. Done.

🌉 OWU Bridge — 23/3/2026, 6:09:55 am
📅 Checking since 23/3/2026, 6:04:55 am
📨 Found 0 new messages
✅ Nothing new. Done.

🌉 OWU Bridge — 23/3/2026, 6:14:55 am
📅 Checking since 23/3/2026, 6:09:55 am
📨 Found 0 new messages
✅ Nothing new. Done.

🌉 OWU Bridge — 23/3/2026, 6:19:56 am
📅 Checking since 23/3/2026, 6:14:55 am
📨 Found 0 new messages
✅ Nothing new. Done.

🌉 OWU Bridge — 23/3/2026, 6:24:56 am
📅 Checking since 23/3/2026, 6:19:56 am
📨 Found 0 new messages
✅ Nothing new. Done.

🌉 OWU Bridge — 23/3/2026, 6:29:56 am
📅 Checking since 23/3/2026, 6:24:56 am
📨 Found 0 new messages
✅ Nothing new. Done.

🌉 OWU Bridge — 23/3/2026, 6:34:56 am
📅 Checking since 23/3/2026, 6:29:56 am
📨 Found 0 new messages
✅ Nothing new. Done.

🌉 OWU Bridge — 23/3/2026, 6:39:56 am
📅 Checking since 23/3/2026, 6:34:56 am
📨 Found 0 new messages
✅ Nothing new. Done.

🌉 OWU Bridge — 23/3/2026, 6:44:56 am
📅 Checking since 23/3/2026, 6:39:56 am
📨 Found 0 new messages
✅ Nothing new. Done.

🌉 OWU Bridge — 23/3/2026, 6:49:57 am
📅 Checking since 23/3/2026, 6:44:57 am
📨 Found 0 new messages
✅ Nothing new. Done.

🌉 OWU Bridge — 23/3/2026, 6:54:57 am
📅 Checking since 23/3/2026, 6:49:57 am
📨 Found 0 new messages
✅ Nothing new. Done.

🌉 OWU Bridge — 23/3/2026, 6:59:57 am
📅 Checking since 23/3/2026, 6:54:57 am
📨 Found 0 new messages
✅ Nothing new. Done.

🌉 OWU Bridge — 23/3/2026, 7:04:57 am
📅 Checking since 23/3/2026, 6:59:57 am
📨 Found 0 new messages
✅ Nothing new. Done.

🌉 OWU Bridge — 23/3/2026, 7:09:57 am
📅 Checking since 23/3/2026, 7:04:57 am
📨 Found 0 new messages
✅ Nothing new. Done.

🌉 OWU Bridge — 23/3/2026, 7:14:58 am
📅 Checking since 23/3/2026, 7:09:57 am
📨 Found 0 new messages
✅ Nothing new. Done.

🌉 OWU Bridge — 23/3/2026, 7:19:58 am
📅 Checking since 23/3/2026, 7:14:58 am
📨 Found 0 new messages
✅ Nothing new. Done.

🌉 OWU Bridge — 23/3/2026, 7:24:58 am
📅 Checking since 23/3/2026, 7:19:58 am
📨 Found 0 new messages
✅ Nothing new. Done.

🌉 OWU Bridge — 23/3/2026, 7:29:58 am
📅 Checking since 23/3/2026, 7:24:58 am
📨 Found 0 new messages
✅ Nothing new. Done.

🌉 OWU Bridge — 23/3/2026, 7:34:58 am
📅 Checking since 23/3/2026, 7:29:58 am
📨 Found 0 new messages
✅ Nothing new. Done.

🌉 OWU Bridge — 23/3/2026, 7:39:59 am
📅 Checking since 23/3/2026, 7:34:58 am
📨 Found 0 new messages
✅ Nothing new. Done.

🌉 OWU Bridge — 23/3/2026, 7:44:59 am
📅 Checking since 23/3/2026, 7:39:59 am
📨 Found 0 new messages
✅ Nothing new. Done.

🌉 OWU Bridge — 23/3/2026, 7:49:59 am
📅 Checking since 23/3/2026, 7:44:59 am
📨 Found 0 new messages
✅ Nothing new. Done.

🌉 OWU Bridge — 23/3/2026, 7:54:59 am
📅 Checking since 23/3/2026, 7:49:59 am
📨 Found 0 new messages
✅ Nothing new. Done.

🌉 OWU Bridge — 23/3/2026, 7:59:59 am
📅 Checking since 23/3/2026, 7:54:59 am
📨 Found 0 new messages
✅ Nothing new. Done.

🌉 OWU Bridge — 23/3/2026, 8:04:59 am
📅 Checking since 23/3/2026, 7:59:59 am
📨 Found 0 new messages
✅ Nothing new. Done.

🌉 OWU Bridge — 23/3/2026, 8:10:00 am
📅 Checking since 23/3/2026, 8:05:00 am
📨 Found 0 new messages
✅ Nothing new. Done.

🌉 OWU Bridge — 23/3/2026, 8:15:00 am
📅 Checking since 23/3/2026, 8:10:00 am
📨 Found 0 new messages
✅ Nothing new. Done.

🌉 OWU Bridge — 23/3/2026, 8:20:00 am
📅 Checking since 23/3/2026, 8:15:00 am
📨 Found 0 new messages
✅ Nothing new. Done.

🌉 OWU Bridge — 23/3/2026, 8:25:00 am
📅 Checking since 23/3/2026, 8:20:00 am
📨 Found 0 new messages
✅ Nothing new. Done.

🌉 OWU Bridge — 23/3/2026, 8:30:00 am
📅 Checking since 23/3/2026, 8:25:00 am
📨 Found 0 new messages
✅ Nothing new. Done.

🌉 OWU Bridge — 23/3/2026, 8:35:01 am
📅 Checking since 23/3/2026, 8:30:01 am
📨 Found 0 new messages
✅ Nothing new. Done.

🌉 OWU Bridge — 23/3/2026, 8:40:01 am
📅 Checking since 23/3/2026, 8:35:01 am
📨 Found 0 new messages
✅ Nothing new. Done.

🌉 OWU Bridge — 23/3/2026, 8:45:01 am
📅 Checking since 23/3/2026, 8:40:01 am
📨 Found 0 new messages
✅ Nothing new. Done.

🌉 OWU Bridge — 23/3/2026, 8:50:01 am
📅 Checking since 23/3/2026, 8:45:01 am
📨 Found 0 new messages
✅ Nothing new. Done.

🌉 OWU Bridge — 23/3/2026, 8:55:01 am
📅 Checking since 23/3/2026, 8:50:01 am
📨 Found 0 new messages
✅ Nothing new. Done.

🌉 OWU Bridge — 23/3/2026, 9:00:02 am
📅 Checking since 23/3/2026, 8:55:02 am
📨 Found 0 new messages
✅ Nothing new. Done.

🌉 OWU Bridge — 23/3/2026, 9:05:02 am
📅 Checking since 23/3/2026, 9:00:02 am
📨 Found 0 new messages
✅ Nothing new. Done.

🌉 OWU Bridge — 23/3/2026, 9:10:02 am
📅 Checking since 23/3/2026, 9:05:02 am
📨 Found 0 new messages
✅ Nothing new. Done.

🌉 OWU Bridge — 23/3/2026, 9:15:02 am
📅 Checking since 23/3/2026, 9:10:02 am
📨 Found 0 new messages
✅ Nothing new. Done.

🌉 OWU Bridge — 23/3/2026, 9:20:02 am
📅 Checking since 23/3/2026, 9:15:02 am
📨 Found 0 new messages
✅ Nothing new. Done.

🌉 OWU Bridge — 23/3/2026, 9:25:03 am
📅 Checking since 23/3/2026, 9:20:02 am
📨 Found 0 new messages
✅ Nothing new. Done.

🌉 OWU Bridge — 23/3/2026, 9:30:03 am
📅 Checking since 23/3/2026, 9:25:03 am
📨 Found 0 new messages
✅ Nothing new. Done.

🌉 OWU Bridge — 23/3/2026, 9:35:03 am
📅 Checking since 23/3/2026, 9:30:03 am
📨 Found 0 new messages
✅ Nothing new. Done.

🌉 OWU Bridge — 23/3/2026, 9:40:03 am
📅 Checking since 23/3/2026, 9:35:03 am
📨 Found 0 new messages
✅ Nothing new. Done.

🌉 OWU Bridge — 23/3/2026, 9:45:03 am
📅 Checking since 23/3/2026, 9:40:03 am
📨 Found 0 new messages
✅ Nothing new. Done.

🌉 OWU Bridge — 23/3/2026, 9:50:04 am
📅 Checking since 23/3/2026, 9:45:03 am
📨 Found 0 new messages
✅ Nothing new. Done.

🌉 OWU Bridge — 23/3/2026, 9:55:04 am
📅 Checking since 23/3/2026, 9:50:04 am
📨 Found 0 new messages
✅ Nothing new. Done.

🌉 OWU Bridge — 23/3/2026, 10:00:04 am
📅 Checking since 23/3/2026, 9:55:04 am
📨 Found 0 new messages
✅ Nothing new. Done.

🌉 OWU Bridge — 23/3/2026, 10:05:04 am
📅 Checking since 23/3/2026, 10:00:04 am
📨 Found 0 new messages
✅ Nothing new. Done.

🌉 OWU Bridge — 23/3/2026, 10:10:04 am
📅 Checking since 23/3/2026, 10:05:04 am
📨 Found 0 new messages
✅ Nothing new. Done.

🌉 OWU Bridge — 23/3/2026, 10:15:04 am
📅 Checking since 23/3/2026, 10:10:04 am
📨 Found 0 new messages
✅ Nothing new. Done.

🌉 OWU Bridge — 23/3/2026, 10:20:05 am
📅 Checking since 23/3/2026, 10:15:05 am
📨 Found 0 new messages
✅ Nothing new. Done.

🌉 OWU Bridge — 23/3/2026, 10:25:05 am
📅 Checking since 23/3/2026, 10:20:05 am
📨 Found 0 new messages
✅ Nothing new. Done.

🌉 OWU Bridge — 23/3/2026, 10:30:05 am
📅 Checking since 23/3/2026, 10:25:05 am
📨 Found 0 new messages
✅ Nothing new. Done.

🌉 OWU Bridge — 23/3/2026, 10:35:05 am
📅 Checking since 23/3/2026, 10:30:05 am
📨 Found 0 new messages
✅ Nothing new. Done.

🌉 OWU Bridge — 23/3/2026, 10:40:05 am
📅 Checking since 23/3/2026, 10:35:05 am
📨 Found 0 new messages
✅ Nothing new. Done.

🌉 OWU Bridge — 23/3/2026, 10:45:06 am
📅 Checking since 23/3/2026, 10:40:05 am
📨 Found 0 new messages
✅ Nothing new. Done.

🌉 OWU Bridge — 23/3/2026, 10:50:06 am
📅 Checking since 23/3/2026, 10:45:06 am
📨 Found 0 new messages
✅ Nothing new. Done.

🌉 OWU Bridge — 23/3/2026, 10:55:06 am
📅 Checking since 23/3/2026, 10:50:06 am
📨 Found 0 new messages
✅ Nothing new. Done.

🌉 OWU Bridge — 23/3/2026, 11:00:06 am
📅 Checking since 23/3/2026, 10:55:06 am
📨 Found 0 new messages
✅ Nothing new. Done.

🌉 OWU Bridge — 23/3/2026, 11:05:06 am
📅 Checking since 23/3/2026, 11:00:06 am
📨 Found 0 new messages
✅ Nothing new. Done.

🌉 OWU Bridge — 23/3/2026, 11:10:06 am
📅 Checking since 23/3/2026, 11:05:06 am
📨 Found 0 new messages
✅ Nothing new. Done.

🌉 OWU Bridge — 23/3/2026, 11:15:07 am
📅 Checking since 23/3/2026, 11:10:07 am
📨 Found 0 new messages
✅ Nothing new. Done.

🌉 OWU Bridge — 23/3/2026, 11:20:07 am
📅 Checking since 23/3/2026, 11:15:07 am
📨 Found 0 new messages
✅ Nothing new. Done.

🌉 OWU Bridge — 23/3/2026, 11:25:07 am
📅 Checking since 23/3/2026, 11:20:07 am
📨 Found 0 new messages
✅ Nothing new. Done.

🌉 OWU Bridge — 23/3/2026, 11:30:07 am
📅 Checking since 23/3/2026, 11:25:07 am
📨 Found 0 new messages
✅ Nothing new. Done.

🌉 OWU Bridge — 23/3/2026, 11:35:07 am
📅 Checking since 23/3/2026, 11:30:07 am
📨 Found 0 new messages
✅ Nothing new. Done.

🌉 OWU Bridge — 23/3/2026, 11:40:08 am
📅 Checking since 23/3/2026, 11:35:08 am
📨 Found 0 new messages
✅ Nothing new. Done.

🌉 OWU Bridge — 23/3/2026, 11:45:08 am
📅 Checking since 23/3/2026, 11:40:08 am
📨 Found 0 new messages
✅ Nothing new. Done.

🌉 OWU Bridge — 23/3/2026, 11:50:08 am
📅 Checking since 23/3/2026, 11:45:08 am
📨 Found 0 new messages
✅ Nothing new. Done.

🌉 OWU Bridge — 23/3/2026, 11:55:08 am
📅 Checking since 23/3/2026, 11:50:08 am
📨 Found 0 new messages
✅ Nothing new. Done.

🌉 OWU Bridge — 23/3/2026, 12:00:08 pm
📅 Checking since 23/3/2026, 11:55:08 am
📨 Found 0 new messages
✅ Nothing new. Done.

🌉 OWU Bridge — 23/3/2026, 12:05:09 pm
📅 Checking since 23/3/2026, 12:00:09 pm
📨 Found 0 new messages
✅ Nothing new. Done.

🌉 OWU Bridge — 23/3/2026, 12:10:09 pm
📅 Checking since 23/3/2026, 12:05:09 pm
📨 Found 0 new messages
✅ Nothing new. Done.

🌉 OWU Bridge — 23/3/2026, 12:15:09 pm
📅 Checking since 23/3/2026, 12:10:09 pm
📨 Found 0 new messages
✅ Nothing new. Done.

🌉 OWU Bridge — 23/3/2026, 12:20:09 pm
📅 Checking since 23/3/2026, 12:15:09 pm
📨 Found 0 new messages
✅ Nothing new. Done.

🌉 OWU Bridge — 23/3/2026, 12:25:09 pm
📅 Checking since 23/3/2026, 12:20:09 pm
📨 Found 0 new messages
✅ Nothing new. Done.

🌉 OWU Bridge — 23/3/2026, 12:30:10 pm
📅 Checking since 23/3/2026, 12:25:09 pm
📨 Found 0 new messages
✅ Nothing new. Done.

🌉 OWU Bridge — 23/3/2026, 12:35:10 pm
📅 Checking since 23/3/2026, 12:30:10 pm
📨 Found 0 new messages
✅ Nothing new. Done.

🌉 OWU Bridge — 23/3/2026, 12:40:10 pm
📅 Checking since 23/3/2026, 12:35:10 pm
📨 Found 0 new messages
✅ Nothing new. Done.

🌉 OWU Bridge — 23/3/2026, 12:45:10 pm
📅 Checking since 23/3/2026, 12:40:10 pm
📨 Found 0 new messages
✅ Nothing new. Done.

🌉 OWU Bridge — 23/3/2026, 12:50:10 pm
📅 Checking since 23/3/2026, 12:45:10 pm
📨 Found 0 new messages
✅ Nothing new. Done.

🌉 OWU Bridge — 23/3/2026, 12:55:10 pm
📅 Checking since 23/3/2026, 12:50:10 pm
📨 Found 0 new messages
✅ Nothing new. Done.

🌉 OWU Bridge — 23/3/2026, 1:00:11 pm
📅 Checking since 23/3/2026, 12:55:11 pm
📨 Found 0 new messages
✅ Nothing new. Done.

🌉 OWU Bridge — 23/3/2026, 1:05:11 pm
📅 Checking since 23/3/2026, 1:00:11 pm
📨 Found 0 new messages
✅ Nothing new. Done.

🌉 OWU Bridge — 23/3/2026, 1:10:11 pm
📅 Checking since 23/3/2026, 1:05:11 pm
📨 Found 0 new messages
✅ Nothing new. Done.

🌉 OWU Bridge — 23/3/2026, 1:15:11 pm
📅 Checking since 23/3/2026, 1:10:11 pm
📨 Found 0 new messages
✅ Nothing new. Done.

🌉 OWU Bridge — 23/3/2026, 1:20:11 pm
📅 Checking since 23/3/2026, 1:15:11 pm
📨 Found 0 new messages
✅ Nothing new. Done.

🌉 OWU Bridge — 23/3/2026, 1:24:25 pm
📅 Checking since 23/3/2026, 1:20:11 pm

🌉 OWU Bridge — 23/3/2026, 1:29:26 pm
📅 Checking since 23/3/2026, 1:20:11 pm

🌉 OWU Bridge — 23/3/2026, 1:34:26 pm
📅 Checking since 23/3/2026, 1:20:11 pm

🌉 OWU Bridge — 23/3/2026, 2:03:31 pm
📅 Checking since 23/3/2026, 1:20:11 pm

🌉 OWU Bridge — 23/3/2026, 2:08:32 pm
📅 Checking since 23/3/2026, 1:20:11 pm

🌉 OWU Bridge — 23/3/2026, 2:13:32 pm
📅 Checking since 23/3/2026, 1:20:11 pm

🌉 OWU Bridge — 23/3/2026, 2:18:33 pm
📅 Checking since 23/3/2026, 1:20:11 pm

🌉 OWU Bridge — 23/3/2026, 2:23:33 pm
📅 Checking since 23/3/2026, 1:20:11 pm

🌉 OWU Bridge — 23/3/2026, 2:28:33 pm
📅 Checking since 23/3/2026, 1:20:11 pm

🌉 OWU Bridge — 23/3/2026, 2:33:33 pm
📅 Checking since 23/3/2026, 1:20:11 pm

🌉 OWU Bridge — 23/3/2026, 2:38:33 pm
📅 Checking since 23/3/2026, 1:20:11 pm

🌉 OWU Bridge — 23/3/2026, 2:43:34 pm
📅 Checking since 23/3/2026, 1:20:11 pm

🌉 OWU Bridge — 23/3/2026, 3:43:59 pm
📅 Checking since 23/3/2026, 1:20:11 pm

🌉 OWU Bridge — 23/3/2026, 3:48:59 pm
📅 Checking since 23/3/2026, 1:20:11 pm

🌉 OWU Bridge — 23/3/2026, 4:09:06 pm
📅 Checking since 23/3/2026, 1:20:11 pm

🌉 OWU Bridge — 23/3/2026, 5:49:47 pm
📅 Checking since 23/3/2026, 1:20:11 pm

🌉 OWU Bridge — 23/3/2026, 7:40:32 pm
📅 Checking since 23/3/2026, 1:20:11 pm

🌉 OWU Bridge — 23/3/2026, 8:46:33 pm
📅 Checking since 23/3/2026, 1:20:11 pm

🌉 OWU Bridge — 23/3/2026, 8:51:31 pm
📅 Checking since 23/3/2026, 1:20:11 pm

🌉 OWU Bridge — 23/3/2026, 8:56:32 pm
📅 Checking since 23/3/2026, 1:20:11 pm

🌉 OWU Bridge — 23/3/2026, 9:01:32 pm
📅 Checking since 23/3/2026, 1:20:11 pm

🌉 OWU Bridge — 23/3/2026, 9:06:32 pm
📅 Checking since 23/3/2026, 1:20:11 pm

🌉 OWU Bridge — 23/3/2026, 9:11:32 pm
📅 Checking since 23/3/2026, 1:20:11 pm

🌉 OWU Bridge — 23/3/2026, 9:16:33 pm
📅 Checking since 23/3/2026, 1:20:11 pm

🌉 OWU Bridge — 23/3/2026, 9:21:33 pm
📅 Checking since 23/3/2026, 1:20:11 pm

🌉 OWU Bridge — 23/3/2026, 9:26:33 pm
📅 Checking since 23/3/2026, 1:20:11 pm

🌉 OWU Bridge — 23/3/2026, 9:32:30 pm
📅 Checking since 23/3/2026, 1:20:11 pm

🌉 OWU Bridge — 23/3/2026, 9:37:30 pm
📅 Checking since 23/3/2026, 1:20:11 pm

🌉 OWU Bridge — 23/3/2026, 9:44:17 pm
📅 Checking since 23/3/2026, 1:20:11 pm

🌉 OWU Bridge — 23/3/2026, 9:49:17 pm
📅 Checking since 23/3/2026, 1:20:11 pm

🌉 OWU Bridge — 23/3/2026, 9:54:17 pm
📅 Checking since 23/3/2026, 1:20:11 pm

🌉 OWU Bridge — 23/3/2026, 9:59:17 pm
📅 Checking since 23/3/2026, 1:20:11 pm

🌉 OWU Bridge — 23/3/2026, 10:08:25 pm
📅 Checking since 23/3/2026, 1:20:11 pm

🌉 OWU Bridge — 23/3/2026, 10:13:25 pm
📅 Checking since 23/3/2026, 1:20:11 pm

🌉 OWU Bridge — 23/3/2026, 10:18:26 pm
📅 Checking since 23/3/2026, 1:20:11 pm

🌉 OWU Bridge — 23/3/2026, 10:31:47 pm
📅 Checking since 23/3/2026, 1:20:11 pm

🌉 OWU Bridge — 23/3/2026, 10:36:47 pm
📅 Checking since 23/3/2026, 1:20:11 pm

🌉 OWU Bridge — 23/3/2026, 11:45:50 pm
📅 Checking since 23/3/2026, 1:20:11 pm

🌉 OWU Bridge — 23/3/2026, 11:50:50 pm
📅 Checking since 23/3/2026, 1:20:11 pm

🌉 OWU Bridge — 23/3/2026, 11:55:51 pm
📅 Checking since 23/3/2026, 1:20:11 pm

🌉 OWU Bridge — 24/3/2026, 12:00:52 am
📅 Checking since 23/3/2026, 1:20:11 pm

🌉 OWU Bridge — 24/3/2026, 12:05:52 am
📅 Checking since 23/3/2026, 1:20:11 pm

🌉 OWU Bridge — 24/3/2026, 12:10:53 am
📅 Checking since 23/3/2026, 1:20:11 pm

🌉 OWU Bridge — 24/3/2026, 12:15:53 am
📅 Checking since 23/3/2026, 1:20:11 pm

🌉 OWU Bridge — 24/3/2026, 12:20:53 am
📅 Checking since 23/3/2026, 1:20:11 pm

🌉 OWU Bridge — 24/3/2026, 12:25:53 am
📅 Checking since 23/3/2026, 1:20:11 pm

🌉 OWU Bridge — 24/3/2026, 12:30:54 am
📅 Checking since 23/3/2026, 1:20:11 pm

🌉 OWU Bridge — 24/3/2026, 12:35:54 am
📅 Checking since 23/3/2026, 1:20:11 pm

🌉 OWU Bridge — 24/3/2026, 12:40:54 am
📅 Checking since 23/3/2026, 1:20:11 pm

🌉 OWU Bridge — 24/3/2026, 12:45:54 am
📅 Checking since 23/3/2026, 1:20:11 pm

🌉 OWU Bridge — 24/3/2026, 12:50:54 am
📅 Checking since 23/3/2026, 1:20:11 pm

🌉 OWU Bridge — 24/3/2026, 12:55:55 am
📅 Checking since 23/3/2026, 1:20:11 pm

🌉 OWU Bridge — 24/3/2026, 1:00:55 am
📅 Checking since 23/3/2026, 1:20:11 pm

🌉 OWU Bridge — 24/3/2026, 1:05:55 am
📅 Checking since 23/3/2026, 1:20:11 pm

🌉 OWU Bridge — 24/3/2026, 1:10:55 am
📅 Checking since 23/3/2026, 1:20:11 pm

🌉 OWU Bridge — 24/3/2026, 1:15:56 am
📅 Checking since 23/3/2026, 1:20:11 pm

🌉 OWU Bridge — 24/3/2026, 1:20:56 am
📅 Checking since 23/3/2026, 1:20:11 pm

🌉 OWU Bridge — 24/3/2026, 1:25:56 am
📅 Checking since 23/3/2026, 1:20:11 pm

🌉 OWU Bridge — 24/3/2026, 1:30:56 am
📅 Checking since 23/3/2026, 1:20:11 pm

🌉 OWU Bridge — 24/3/2026, 1:35:57 am
📅 Checking since 23/3/2026, 1:20:11 pm

🌉 OWU Bridge — 24/3/2026, 1:40:57 am
📅 Checking since 23/3/2026, 1:20:11 pm

🌉 OWU Bridge — 24/3/2026, 1:45:57 am
📅 Checking since 23/3/2026, 1:20:11 pm

🌉 OWU Bridge — 24/3/2026, 1:50:58 am
📅 Checking since 23/3/2026, 1:20:11 pm

🌉 OWU Bridge — 24/3/2026, 1:55:58 am
📅 Checking since 23/3/2026, 1:20:11 pm

🌉 OWU Bridge — 24/3/2026, 2:00:58 am
📅 Checking since 23/3/2026, 1:20:11 pm

🌉 OWU Bridge — 24/3/2026, 2:05:58 am
📅 Checking since 23/3/2026, 1:20:11 pm

🌉 OWU Bridge — 24/3/2026, 2:10:59 am
📅 Checking since 23/3/2026, 1:20:11 pm

🌉 OWU Bridge — 24/3/2026, 2:15:59 am
📅 Checking since 23/3/2026, 1:20:11 pm

🌉 OWU Bridge — 24/3/2026, 3:03:40 am
📅 Checking since 23/3/2026, 1:20:11 pm

🌉 OWU Bridge — 24/3/2026, 3:08:41 am
📅 Checking since 23/3/2026, 1:20:11 pm

🌉 OWU Bridge — 24/3/2026, 3:13:41 am
📅 Checking since 23/3/2026, 1:20:11 pm

🌉 OWU Bridge — 24/3/2026, 3:18:41 am
📅 Checking since 23/3/2026, 1:20:11 pm

🌉 OWU Bridge — 24/3/2026, 4:24:13 am
📅 Checking since 23/3/2026, 1:20:11 pm

🌉 OWU Bridge — 24/3/2026, 6:07:33 am
📅 Checking since 23/3/2026, 1:20:11 pm

🌉 OWU Bridge — 24/3/2026, 6:50:20 am
📅 Checking since 23/3/2026, 1:20:11 pm

🌉 OWU Bridge — 24/3/2026, 6:55:20 am
📅 Checking since 23/3/2026, 1:20:11 pm

🌉 OWU Bridge — 24/3/2026, 7:00:21 am
📅 Checking since 23/3/2026, 1:20:11 pm

🌉 OWU Bridge — 24/3/2026, 7:05:21 am
📅 Checking since 23/3/2026, 1:20:11 pm

🌉 OWU Bridge — 24/3/2026, 7:10:21 am
📅 Checking since 23/3/2026, 1:20:11 pm

🌉 OWU Bridge — 24/3/2026, 7:15:21 am
📅 Checking since 23/3/2026, 1:20:11 pm

🌉 OWU Bridge — 24/3/2026, 7:20:22 am
📅 Checking since 23/3/2026, 1:20:11 pm

🌉 OWU Bridge — 24/3/2026, 7:25:22 am
📅 Checking since 23/3/2026, 1:20:11 pm

🌉 OWU Bridge — 24/3/2026, 7:30:22 am
📅 Checking since 23/3/2026, 1:20:11 pm

🌉 OWU Bridge — 24/3/2026, 7:49:33 am
📅 Checking since 23/3/2026, 1:20:11 pm

🌉 OWU Bridge — 24/3/2026, 7:54:34 am
📅 Checking since 23/3/2026, 1:20:11 pm

🌉 OWU Bridge — 24/3/2026, 7:59:34 am
📅 Checking since 23/3/2026, 1:20:11 pm

🌉 OWU Bridge — 24/3/2026, 8:04:34 am
📅 Checking since 23/3/2026, 1:20:11 pm

🌉 OWU Bridge — 24/3/2026, 8:09:34 am
📅 Checking since 23/3/2026, 1:20:11 pm

🌉 OWU Bridge — 24/3/2026, 8:31:05 am
📅 Checking since 23/3/2026, 1:20:11 pm

🌉 OWU Bridge — 24/3/2026, 10:10:32 am
📅 Checking since 23/3/2026, 1:20:11 pm

🌉 OWU Bridge — 24/3/2026, 10:47:40 am
📅 Checking since 23/3/2026, 1:20:11 pm

🌉 OWU Bridge — 24/3/2026, 10:52:40 am
📅 Checking since 23/3/2026, 1:20:11 pm

🌉 OWU Bridge — 24/3/2026, 10:57:41 am
📅 Checking since 23/3/2026, 1:20:11 pm

🌉 OWU Bridge — 24/3/2026, 11:02:41 am
📅 Checking since 23/3/2026, 1:20:11 pm

🌉 OWU Bridge — 24/3/2026, 11:07:41 am
📅 Checking since 23/3/2026, 1:20:11 pm

🌉 OWU Bridge — 24/3/2026, 11:12:42 am
📅 Checking since 23/3/2026, 1:20:11 pm

🌉 OWU Bridge — 24/3/2026, 11:17:42 am
📅 Checking since 23/3/2026, 1:20:11 pm

🌉 OWU Bridge — 24/3/2026, 11:22:42 am
📅 Checking since 23/3/2026, 1:20:11 pm

🌉 OWU Bridge — 24/3/2026, 11:27:43 am
📅 Checking since 23/3/2026, 1:20:11 pm

🌉 OWU Bridge — 24/3/2026, 11:32:43 am
📅 Checking since 23/3/2026, 1:20:11 pm

🌉 OWU Bridge — 24/3/2026, 11:52:03 am
📅 Checking since 23/3/2026, 1:20:11 pm

🌉 OWU Bridge — 24/3/2026, 11:57:04 am
📅 Checking since 23/3/2026, 1:20:11 pm

🌉 OWU Bridge — 24/3/2026, 12:02:04 pm
📅 Checking since 23/3/2026, 1:20:11 pm

🌉 OWU Bridge — 24/3/2026, 12:07:04 pm
📅 Checking since 23/3/2026, 1:20:11 pm

🌉 OWU Bridge — 24/3/2026, 12:12:05 pm
📅 Checking since 23/3/2026, 1:20:11 pm

🌉 OWU Bridge — 24/3/2026, 12:17:05 pm
📅 Checking since 23/3/2026, 1:20:11 pm

🌉 OWU Bridge — 24/3/2026, 1:28:29 pm
📅 Checking since 23/3/2026, 1:20:11 pm

🌉 OWU Bridge — 24/3/2026, 2:17:31 pm
📅 Checking since 23/3/2026, 1:20:11 pm

🌉 OWU Bridge — 24/3/2026, 2:22:31 pm
📅 Checking since 23/3/2026, 1:20:11 pm

🌉 OWU Bridge — 24/3/2026, 2:27:31 pm
📅 Checking since 23/3/2026, 1:20:11 pm

🌉 OWU Bridge — 24/3/2026, 2:32:31 pm
📅 Checking since 23/3/2026, 1:20:11 pm

🌉 OWU Bridge — 24/3/2026, 2:37:32 pm
📅 Checking since 23/3/2026, 1:20:11 pm

🌉 OWU Bridge — 24/3/2026, 2:42:32 pm
📅 Checking since 23/3/2026, 1:20:11 pm

🌉 OWU Bridge — 24/3/2026, 2:47:32 pm
📅 Checking since 23/3/2026, 1:20:11 pm

🌉 OWU Bridge — 24/3/2026, 2:52:32 pm
📅 Checking since 23/3/2026, 1:20:11 pm

🌉 OWU Bridge — 24/3/2026, 2:57:33 pm
📅 Checking since 23/3/2026, 1:20:11 pm

🌉 OWU Bridge — 24/3/2026, 3:02:33 pm
📅 Checking since 23/3/2026, 1:20:11 pm

🌉 OWU Bridge — 24/3/2026, 3:07:33 pm
📅 Checking since 23/3/2026, 1:20:11 pm

🌉 OWU Bridge — 24/3/2026, 3:12:34 pm
📅 Checking since 23/3/2026, 1:20:11 pm

🌉 OWU Bridge — 24/3/2026, 4:05:00 pm
📅 Checking since 23/3/2026, 1:20:11 pm

🌉 OWU Bridge — 24/3/2026, 4:53:25 pm
📅 Checking since 23/3/2026, 1:20:11 pm

🌉 OWU Bridge — 24/3/2026, 4:58:25 pm
📅 Checking since 23/3/2026, 1:20:11 pm

🌉 OWU Bridge — 24/3/2026, 5:03:26 pm
📅 Checking since 23/3/2026, 1:20:11 pm

🌉 OWU Bridge — 24/3/2026, 5:08:26 pm
📅 Checking since 23/3/2026, 1:20:11 pm

🌉 OWU Bridge — 24/3/2026, 5:13:26 pm
📅 Checking since 23/3/2026, 1:20:11 pm

🌉 OWU Bridge — 24/3/2026, 5:18:26 pm
📅 Checking since 23/3/2026, 1:20:11 pm

🌉 OWU Bridge — 24/3/2026, 5:23:27 pm
📅 Checking since 23/3/2026, 1:20:11 pm

🌉 OWU Bridge — 24/3/2026, 5:28:27 pm
📅 Checking since 23/3/2026, 1:20:11 pm

🌉 OWU Bridge — 24/3/2026, 6:53:55 pm
📅 Checking since 23/3/2026, 1:20:11 pm

🌉 OWU Bridge — 24/3/2026, 8:27:09 pm
📅 Checking since 23/3/2026, 1:20:11 pm

🌉 OWU Bridge — 24/3/2026, 8:38:18 pm
📅 Checking since 23/3/2026, 1:20:11 pm

🌉 OWU Bridge — 24/3/2026, 8:43:18 pm
📅 Checking since 23/3/2026, 1:20:11 pm

🌉 OWU Bridge — 24/3/2026, 8:48:19 pm
📅 Checking since 23/3/2026, 1:20:11 pm

🌉 OWU Bridge — 24/3/2026, 8:53:19 pm
📅 Checking since 23/3/2026, 1:20:11 pm

🌉 OWU Bridge — 24/3/2026, 8:58:19 pm
📅 Checking since 23/3/2026, 1:20:11 pm

🌉 OWU Bridge — 24/3/2026, 9:03:20 pm
📅 Checking since 23/3/2026, 1:20:11 pm

🌉 OWU Bridge — 24/3/2026, 9:08:20 pm
📅 Checking since 23/3/2026, 1:20:11 pm

🌉 OWU Bridge — 24/3/2026, 9:13:20 pm
📅 Checking since 23/3/2026, 1:20:11 pm

🌉 OWU Bridge — 24/3/2026, 9:18:21 pm
📅 Checking since 23/3/2026, 1:20:11 pm

🌉 OWU Bridge — 24/3/2026, 9:23:21 pm
📅 Checking since 23/3/2026, 1:20:11 pm

🌉 OWU Bridge — 24/3/2026, 9:28:21 pm
📅 Checking since 23/3/2026, 1:20:11 pm

🌉 OWU Bridge — 24/3/2026, 9:33:21 pm
📅 Checking since 23/3/2026, 1:20:11 pm

🌉 OWU Bridge — 24/3/2026, 9:38:22 pm
📅 Checking since 23/3/2026, 1:20:11 pm

🌉 OWU Bridge — 24/3/2026, 9:43:22 pm
📅 Checking since 23/3/2026, 1:20:11 pm

🌉 OWU Bridge — 24/3/2026, 9:48:22 pm
📅 Checking since 23/3/2026, 1:20:11 pm

🌉 OWU Bridge — 24/3/2026, 9:53:22 pm
📅 Checking since 23/3/2026, 1:20:11 pm

🌉 OWU Bridge — 24/3/2026, 9:58:23 pm
📅 Checking since 23/3/2026, 1:20:11 pm

🌉 OWU Bridge — 24/3/2026, 10:55:43 pm
📅 Checking since 23/3/2026, 1:20:11 pm

🌉 OWU Bridge — 24/3/2026, 11:44:55 pm
📅 Checking since 23/3/2026, 1:20:11 pm

🌉 OWU Bridge — 24/3/2026, 11:49:55 pm
📅 Checking since 23/3/2026, 1:20:11 pm

🌉 OWU Bridge — 24/3/2026, 11:54:56 pm
📅 Checking since 23/3/2026, 1:20:11 pm

🌉 OWU Bridge — 24/3/2026, 11:59:56 pm
📅 Checking since 23/3/2026, 1:20:11 pm

🌉 OWU Bridge — 25/3/2026, 12:04:56 am
📅 Checking since 23/3/2026, 1:20:11 pm

🌉 OWU Bridge — 25/3/2026, 12:09:56 am
📅 Checking since 23/3/2026, 1:20:11 pm

🌉 OWU Bridge — 25/3/2026, 12:14:57 am
📅 Checking since 23/3/2026, 1:20:11 pm

🌉 OWU Bridge — 25/3/2026, 12:19:57 am
📅 Checking since 23/3/2026, 1:20:11 pm

🌉 OWU Bridge — 25/3/2026, 12:24:57 am
📅 Checking since 23/3/2026, 1:20:11 pm

🌉 OWU Bridge — 25/3/2026, 12:29:58 am
📅 Checking since 23/3/2026, 1:20:11 pm

🌉 OWU Bridge — 25/3/2026, 12:34:58 am
📅 Checking since 23/3/2026, 1:20:11 pm

🌉 OWU Bridge — 25/3/2026, 12:39:58 am
📅 Checking since 23/3/2026, 1:20:11 pm

🌉 OWU Bridge — 25/3/2026, 12:44:58 am
📅 Checking since 23/3/2026, 1:20:11 pm

🌉 OWU Bridge — 25/3/2026, 12:49:58 am
📅 Checking since 23/3/2026, 1:20:11 pm

🌉 OWU Bridge — 25/3/2026, 12:54:59 am
📅 Checking since 23/3/2026, 1:20:11 pm

🌉 OWU Bridge — 25/3/2026, 12:59:59 am
📅 Checking since 23/3/2026, 1:20:11 pm

🌉 OWU Bridge — 25/3/2026, 1:04:59 am
📅 Checking since 23/3/2026, 1:20:11 pm

🌉 OWU Bridge — 25/3/2026, 1:10:00 am
📅 Checking since 23/3/2026, 1:20:11 pm

🌉 OWU Bridge — 25/3/2026, 1:15:00 am
📅 Checking since 23/3/2026, 1:20:11 pm

🌉 OWU Bridge — 25/3/2026, 1:20:00 am
📅 Checking since 23/3/2026, 1:20:11 pm

🌉 OWU Bridge — 25/3/2026, 1:25:00 am
📅 Checking since 23/3/2026, 1:20:11 pm

🌉 OWU Bridge — 25/3/2026, 1:30:01 am
📅 Checking since 23/3/2026, 1:20:11 pm

🌉 OWU Bridge — 25/3/2026, 1:35:01 am
📅 Checking since 23/3/2026, 1:20:11 pm

🌉 OWU Bridge — 25/3/2026, 1:40:01 am
📅 Checking since 23/3/2026, 1:20:11 pm

🌉 OWU Bridge — 25/3/2026, 2:17:33 am
📅 Checking since 23/3/2026, 1:20:11 pm

🌉 OWU Bridge — 25/3/2026, 3:57:29 am
📅 Checking since 23/3/2026, 1:20:11 pm

🌉 OWU Bridge — 25/3/2026, 4:18:10 am
📅 Checking since 23/3/2026, 1:20:11 pm

🌉 OWU Bridge — 25/3/2026, 5:42:19 am
📅 Checking since 23/3/2026, 1:20:11 pm

🌉 OWU Bridge — 25/3/2026, 7:09:09 am
📅 Checking since 23/3/2026, 1:20:11 pm

🌉 OWU Bridge — 25/3/2026, 8:44:36 am
📅 Checking since 23/3/2026, 1:20:11 pm

🌉 OWU Bridge — 25/3/2026, 10:20:14 am
📅 Checking since 23/3/2026, 1:20:11 pm

🌉 OWU Bridge — 25/3/2026, 11:21:43 am
📅 Checking since 23/3/2026, 1:20:11 pm

🌉 OWU Bridge — 25/3/2026, 11:26:43 am
📅 Checking since 23/3/2026, 1:20:11 pm

🌉 OWU Bridge — 25/3/2026, 11:31:43 am
📅 Checking since 23/3/2026, 1:20:11 pm

🌉 OWU Bridge — 25/3/2026, 11:36:44 am
📅 Checking since 23/3/2026, 1:20:11 pm

🌉 OWU Bridge — 25/3/2026, 11:47:41 am
📅 Checking since 23/3/2026, 1:20:11 pm

🌉 OWU Bridge — 25/3/2026, 12:55:00 pm
📅 Checking since 23/3/2026, 1:20:11 pm

🌉 OWU Bridge — 25/3/2026, 1:00:01 pm
📅 Checking since 23/3/2026, 1:20:11 pm

🌉 OWU Bridge — 25/3/2026, 1:36:13 pm
📅 Checking since 23/3/2026, 1:20:11 pm

🌉 OWU Bridge — 25/3/2026, 2:03:43 pm
📅 Checking since 23/3/2026, 1:20:11 pm

🌉 OWU Bridge — 25/3/2026, 2:08:43 pm
📅 Checking since 23/3/2026, 1:20:11 pm

🌉 OWU Bridge — 25/3/2026, 2:13:44 pm
📅 Checking since 23/3/2026, 1:20:11 pm

🌉 OWU Bridge — 25/3/2026, 2:18:44 pm
📅 Checking since 23/3/2026, 1:20:11 pm

🌉 OWU Bridge — 25/3/2026, 2:23:44 pm
📅 Checking since 23/3/2026, 1:20:11 pm

🌉 OWU Bridge — 25/3/2026, 2:28:44 pm
📅 Checking since 23/3/2026, 1:20:11 pm

🌉 OWU Bridge — 25/3/2026, 2:33:45 pm
📅 Checking since 23/3/2026, 1:20:11 pm

🌉 OWU Bridge — 25/3/2026, 2:38:45 pm
📅 Checking since 23/3/2026, 1:20:11 pm

🌉 OWU Bridge — 25/3/2026, 2:43:45 pm
📅 Checking since 23/3/2026, 1:20:11 pm

🌉 OWU Bridge — 25/3/2026, 2:48:45 pm
📅 Checking since 23/3/2026, 1:20:11 pm

🌉 OWU Bridge — 25/3/2026, 2:53:46 pm
📅 Checking since 23/3/2026, 1:20:11 pm

🌉 OWU Bridge — 25/3/2026, 2:58:46 pm
📅 Checking since 23/3/2026, 1:20:11 pm

🌉 OWU Bridge — 25/3/2026, 3:03:46 pm
📅 Checking since 23/3/2026, 1:20:11 pm

🌉 OWU Bridge — 25/3/2026, 3:08:46 pm
📅 Checking since 23/3/2026, 1:20:11 pm

🌉 OWU Bridge — 25/3/2026, 3:13:47 pm
📅 Checking since 23/3/2026, 1:20:11 pm

🌉 OWU Bridge — 25/3/2026, 3:18:47 pm
📅 Checking since 23/3/2026, 1:20:11 pm

🌉 OWU Bridge — 25/3/2026, 3:23:47 pm
📅 Checking since 23/3/2026, 1:20:11 pm

🌉 OWU Bridge — 25/3/2026, 3:28:48 pm
📅 Checking since 23/3/2026, 1:20:11 pm

🌉 OWU Bridge — 25/3/2026, 3:33:48 pm
📅 Checking since 23/3/2026, 1:20:11 pm

🌉 OWU Bridge — 25/3/2026, 3:38:48 pm
📅 Checking since 23/3/2026, 1:20:11 pm

🌉 OWU Bridge — 25/3/2026, 3:43:48 pm
📅 Checking since 23/3/2026, 1:20:11 pm

🌉 OWU Bridge — 25/3/2026, 3:48:49 pm
📅 Checking since 23/3/2026, 1:20:11 pm

🌉 OWU Bridge — 25/3/2026, 4:12:10 pm
📅 Checking since 23/3/2026, 1:20:11 pm

🌉 OWU Bridge — 25/3/2026, 4:17:10 pm
📅 Checking since 23/3/2026, 1:20:11 pm

🌉 OWU Bridge — 25/3/2026, 4:22:11 pm
📅 Checking since 23/3/2026, 1:20:11 pm

🌉 OWU Bridge — 25/3/2026, 4:34:54 pm
📅 Checking since 23/3/2026, 1:20:11 pm

🌉 OWU Bridge — 25/3/2026, 4:39:55 pm
📅 Checking since 23/3/2026, 1:20:11 pm

🌉 OWU Bridge — 25/3/2026, 4:44:55 pm
📅 Checking since 23/3/2026, 1:20:11 pm

🌉 OWU Bridge — 25/3/2026, 4:49:55 pm
📅 Checking since 23/3/2026, 1:20:11 pm

🌉 OWU Bridge — 25/3/2026, 4:54:55 pm
📅 Checking since 23/3/2026, 1:20:11 pm

🌉 OWU Bridge — 25/3/2026, 4:59:56 pm
📅 Checking since 23/3/2026, 1:20:11 pm

🌉 OWU Bridge — 25/3/2026, 5:04:56 pm
📅 Checking since 23/3/2026, 1:20:11 pm

🌉 OWU Bridge — 25/3/2026, 5:09:57 pm
📅 Checking since 23/3/2026, 1:20:11 pm

🌉 OWU Bridge — 25/3/2026, 5:53:47 pm
📅 Checking since 23/3/2026, 1:20:11 pm

🌉 OWU Bridge — 25/3/2026, 5:58:47 pm
📅 Checking since 23/3/2026, 1:20:11 pm

🌉 OWU Bridge — 25/3/2026, 6:20:10 pm
📅 Checking since 23/3/2026, 1:20:11 pm

🌉 OWU Bridge — 25/3/2026, 7:59:46 pm
📅 Checking since 23/3/2026, 1:20:11 pm

🌉 OWU Bridge — 25/3/2026, 8:37:40 pm
📅 Checking since 23/3/2026, 1:20:11 pm

🌉 OWU Bridge — 25/3/2026, 8:42:40 pm
📅 Checking since 23/3/2026, 1:20:11 pm

🌉 OWU Bridge — 25/3/2026, 8:47:41 pm
📅 Checking since 23/3/2026, 1:20:11 pm

🌉 OWU Bridge — 25/3/2026, 8:52:41 pm
📅 Checking since 23/3/2026, 1:20:11 pm

🌉 OWU Bridge — 25/3/2026, 8:57:41 pm
📅 Checking since 23/3/2026, 1:20:11 pm

🌉 OWU Bridge — 25/3/2026, 9:02:41 pm
📅 Checking since 23/3/2026, 1:20:11 pm

🌉 OWU Bridge — 25/3/2026, 9:07:42 pm
📅 Checking since 23/3/2026, 1:20:11 pm

🌉 OWU Bridge — 25/3/2026, 9:12:42 pm
📅 Checking since 23/3/2026, 1:20:11 pm

🌉 OWU Bridge — 25/3/2026, 9:17:42 pm
📅 Checking since 23/3/2026, 1:20:11 pm

🌉 OWU Bridge — 25/3/2026, 9:22:43 pm
📅 Checking since 23/3/2026, 1:20:11 pm

🌉 OWU Bridge — 25/3/2026, 9:27:43 pm
📅 Checking since 23/3/2026, 1:20:11 pm

🌉 OWU Bridge — 25/3/2026, 9:32:44 pm
📅 Checking since 23/3/2026, 1:20:11 pm

🌉 OWU Bridge — 25/3/2026, 9:37:44 pm
📅 Checking since 23/3/2026, 1:20:11 pm

🌉 OWU Bridge — 25/3/2026, 9:42:44 pm
📅 Checking since 23/3/2026, 1:20:11 pm

🌉 OWU Bridge — 25/3/2026, 9:47:52 pm
📅 Checking since 23/3/2026, 1:20:11 pm

🌉 OWU Bridge — 25/3/2026, 9:52:53 pm
📅 Checking since 23/3/2026, 1:20:11 pm

🌉 OWU Bridge — 25/3/2026, 9:59:05 pm
📅 Checking since 23/3/2026, 1:20:11 pm

🌉 OWU Bridge — 25/3/2026, 10:04:06 pm
📅 Checking since 23/3/2026, 1:20:11 pm

🌉 OWU Bridge — 25/3/2026, 10:09:06 pm
📅 Checking since 23/3/2026, 1:20:11 pm

🌉 OWU Bridge — 25/3/2026, 10:14:06 pm
📅 Checking since 23/3/2026, 1:20:11 pm

🌉 OWU Bridge — 25/3/2026, 10:19:07 pm
📅 Checking since 23/3/2026, 1:20:11 pm

🌉 OWU Bridge — 25/3/2026, 10:24:07 pm
📅 Checking since 23/3/2026, 1:20:11 pm

🌉 OWU Bridge — 25/3/2026, 10:29:07 pm
📅 Checking since 23/3/2026, 1:20:11 pm

🌉 OWU Bridge — 25/3/2026, 10:34:07 pm
📅 Checking since 23/3/2026, 1:20:11 pm

🌉 OWU Bridge — 25/3/2026, 10:39:08 pm
📅 Checking since 23/3/2026, 1:20:11 pm

🌉 OWU Bridge — 25/3/2026, 10:44:08 pm
📅 Checking since 23/3/2026, 1:20:11 pm

🌉 OWU Bridge — 25/3/2026, 10:49:08 pm
📅 Checking since 23/3/2026, 1:20:11 pm

🌉 OWU Bridge — 25/3/2026, 10:54:08 pm
📅 Checking since 23/3/2026, 1:20:11 pm

🌉 OWU Bridge — 25/3/2026, 10:59:09 pm
📅 Checking since 23/3/2026, 1:20:11 pm

🌉 OWU Bridge — 25/3/2026, 11:04:09 pm
📅 Checking since 23/3/2026, 1:20:11 pm

🌉 OWU Bridge — 25/3/2026, 11:09:09 pm
📅 Checking since 23/3/2026, 1:20:11 pm

🌉 OWU Bridge — 25/3/2026, 11:14:10 pm
📅 Checking since 23/3/2026, 1:20:11 pm

🌉 OWU Bridge — 25/3/2026, 11:19:10 pm
📅 Checking since 23/3/2026, 1:20:11 pm

🌉 OWU Bridge — 25/3/2026, 11:24:10 pm
📅 Checking since 23/3/2026, 1:20:11 pm

🌉 OWU Bridge — 25/3/2026, 11:29:11 pm
📅 Checking since 23/3/2026, 1:20:11 pm

🌉 OWU Bridge — 25/3/2026, 11:34:11 pm
📅 Checking since 23/3/2026, 1:20:11 pm

🌉 OWU Bridge — 25/3/2026, 11:39:11 pm
📅 Checking since 23/3/2026, 1:20:11 pm

🌉 OWU Bridge — 25/3/2026, 11:44:11 pm
📅 Checking since 23/3/2026, 1:20:11 pm

🌉 OWU Bridge — 25/3/2026, 11:49:12 pm
📅 Checking since 23/3/2026, 1:20:11 pm

🌉 OWU Bridge — 25/3/2026, 11:54:10 pm
📅 Checking since 23/3/2026, 1:20:11 pm

🌉 OWU Bridge — 25/3/2026, 11:59:10 pm
📅 Checking since 23/3/2026, 1:20:11 pm

🌉 OWU Bridge — 26/3/2026, 12:04:10 am
📅 Checking since 23/3/2026, 1:20:11 pm

🌉 OWU Bridge — 26/3/2026, 12:09:11 am
📅 Checking since 23/3/2026, 1:20:11 pm

🌉 OWU Bridge — 26/3/2026, 12:14:11 am
📅 Checking since 23/3/2026, 1:20:11 pm

🌉 OWU Bridge — 26/3/2026, 12:19:11 am
📅 Checking since 23/3/2026, 1:20:11 pm

🌉 OWU Bridge — 26/3/2026, 12:24:11 am
📅 Checking since 23/3/2026, 1:20:11 pm

🌉 OWU Bridge — 26/3/2026, 12:29:12 am
📅 Checking since 23/3/2026, 1:20:11 pm

🌉 OWU Bridge — 26/3/2026, 12:34:12 am
📅 Checking since 23/3/2026, 1:20:11 pm

🌉 OWU Bridge — 26/3/2026, 12:39:12 am
📅 Checking since 23/3/2026, 1:20:11 pm

🌉 OWU Bridge — 26/3/2026, 12:44:13 am
📅 Checking since 23/3/2026, 1:20:11 pm

🌉 OWU Bridge — 26/3/2026, 12:49:13 am
📅 Checking since 23/3/2026, 1:20:11 pm

🌉 OWU Bridge — 26/3/2026, 12:54:13 am
📅 Checking since 23/3/2026, 1:20:11 pm

🌉 OWU Bridge — 26/3/2026, 12:59:13 am
📅 Checking since 23/3/2026, 1:20:11 pm

🌉 OWU Bridge — 26/3/2026, 1:04:13 am
📅 Checking since 23/3/2026, 1:20:11 pm

🌉 OWU Bridge — 26/3/2026, 1:09:14 am
📅 Checking since 23/3/2026, 1:20:11 pm

🌉 OWU Bridge — 26/3/2026, 1:14:14 am
📅 Checking since 23/3/2026, 1:20:11 pm

🌉 OWU Bridge — 26/3/2026, 1:19:14 am
📅 Checking since 23/3/2026, 1:20:11 pm

🌉 OWU Bridge — 26/3/2026, 1:24:15 am
📅 Checking since 23/3/2026, 1:20:11 pm

🌉 OWU Bridge — 26/3/2026, 1:29:15 am
📅 Checking since 23/3/2026, 1:20:11 pm

🌉 OWU Bridge — 26/3/2026, 1:34:15 am
📅 Checking since 23/3/2026, 1:20:11 pm

🌉 OWU Bridge — 26/3/2026, 1:39:15 am
📅 Checking since 23/3/2026, 1:20:11 pm

🌉 OWU Bridge — 26/3/2026, 1:44:15 am
📅 Checking since 23/3/2026, 1:20:11 pm

🌉 OWU Bridge — 26/3/2026, 1:49:16 am
📅 Checking since 23/3/2026, 1:20:11 pm

🌉 OWU Bridge — 26/3/2026, 1:54:16 am
📅 Checking since 23/3/2026, 1:20:11 pm

🌉 OWU Bridge — 26/3/2026, 1:59:16 am
📅 Checking since 23/3/2026, 1:20:11 pm

🌉 OWU Bridge — 26/3/2026, 2:04:16 am
📅 Checking since 23/3/2026, 1:20:11 pm

🌉 OWU Bridge — 26/3/2026, 2:09:17 am
📅 Checking since 23/3/2026, 1:20:11 pm

🌉 OWU Bridge — 26/3/2026, 2:14:17 am
📅 Checking since 23/3/2026, 1:20:11 pm

🌉 OWU Bridge — 26/3/2026, 2:19:17 am
📅 Checking since 23/3/2026, 1:20:11 pm

🌉 OWU Bridge — 26/3/2026, 2:24:17 am
📅 Checking since 23/3/2026, 1:20:11 pm

🌉 OWU Bridge — 26/3/2026, 2:29:18 am
📅 Checking since 23/3/2026, 1:20:11 pm

🌉 OWU Bridge — 26/3/2026, 2:34:18 am
📅 Checking since 23/3/2026, 1:20:11 pm

🌉 OWU Bridge — 26/3/2026, 2:39:18 am
📅 Checking since 23/3/2026, 1:20:11 pm

🌉 OWU Bridge — 26/3/2026, 2:44:18 am
📅 Checking since 23/3/2026, 1:20:11 pm

🌉 OWU Bridge — 26/3/2026, 2:49:19 am
📅 Checking since 23/3/2026, 1:20:11 pm

🌉 OWU Bridge — 26/3/2026, 2:54:19 am
📅 Checking since 23/3/2026, 1:20:11 pm

🌉 OWU Bridge — 26/3/2026, 2:59:19 am
📅 Checking since 23/3/2026, 1:20:11 pm

🌉 OWU Bridge — 26/3/2026, 3:04:20 am
📅 Checking since 23/3/2026, 1:20:11 pm

🌉 OWU Bridge — 26/3/2026, 3:09:20 am
📅 Checking since 23/3/2026, 1:20:11 pm

🌉 OWU Bridge — 26/3/2026, 3:14:20 am
📅 Checking since 23/3/2026, 1:20:11 pm

🌉 OWU Bridge — 26/3/2026, 3:19:20 am
📅 Checking since 23/3/2026, 1:20:11 pm

🌉 OWU Bridge — 26/3/2026, 3:24:20 am
📅 Checking since 23/3/2026, 1:20:11 pm

🌉 OWU Bridge — 26/3/2026, 3:29:21 am
📅 Checking since 23/3/2026, 1:20:11 pm

🌉 OWU Bridge — 26/3/2026, 3:34:21 am
📅 Checking since 23/3/2026, 1:20:11 pm

🌉 OWU Bridge — 26/3/2026, 3:39:21 am
📅 Checking since 23/3/2026, 1:20:11 pm

🌉 OWU Bridge — 26/3/2026, 3:44:21 am
📅 Checking since 23/3/2026, 1:20:11 pm

🌉 OWU Bridge — 26/3/2026, 3:49:22 am
📅 Checking since 23/3/2026, 1:20:11 pm

🌉 OWU Bridge — 26/3/2026, 3:54:22 am
📅 Checking since 23/3/2026, 1:20:11 pm

🌉 OWU Bridge — 26/3/2026, 3:59:22 am
📅 Checking since 23/3/2026, 1:20:11 pm

🌉 OWU Bridge — 26/3/2026, 4:04:23 am
📅 Checking since 23/3/2026, 1:20:11 pm

🌉 OWU Bridge — 26/3/2026, 4:09:23 am
📅 Checking since 23/3/2026, 1:20:11 pm

🌉 OWU Bridge — 26/3/2026, 4:14:23 am
📅 Checking since 23/3/2026, 1:20:11 pm

🌉 OWU Bridge — 26/3/2026, 4:19:47 am
📅 Checking since 23/3/2026, 1:20:11 pm

🌉 OWU Bridge — 26/3/2026, 4:24:47 am
📅 Checking since 23/3/2026, 1:20:11 pm

🌉 OWU Bridge — 26/3/2026, 6:04:11 am
📅 Checking since 23/3/2026, 1:20:11 pm

🌉 OWU Bridge — 26/3/2026, 7:37:52 am
📅 Checking since 23/3/2026, 1:20:11 pm

🌉 OWU Bridge — 26/3/2026, 9:14:37 am
📅 Checking since 23/3/2026, 1:20:11 pm

🌉 OWU Bridge — 26/3/2026, 10:59:40 am
📅 Checking since 23/3/2026, 1:20:11 pm

🌉 OWU Bridge — 26/3/2026, 11:20:01 am
📅 Checking since 23/3/2026, 1:20:11 pm

🌉 OWU Bridge — 26/3/2026, 11:41:53 am
📅 Checking since 23/3/2026, 1:20:11 pm

🌉 OWU Bridge — 26/3/2026, 1:16:32 pm
📅 Checking since 23/3/2026, 1:20:11 pm

🌉 OWU Bridge — 26/3/2026, 2:26:39 pm
📅 Checking since 23/3/2026, 1:20:11 pm

🌉 OWU Bridge — 26/3/2026, 2:31:39 pm
📅 Checking since 23/3/2026, 1:20:11 pm

🌉 OWU Bridge — 26/3/2026, 2:36:39 pm
📅 Checking since 23/3/2026, 1:20:11 pm

🌉 OWU Bridge — 26/3/2026, 2:41:40 pm
📅 Checking since 23/3/2026, 1:20:11 pm

🌉 OWU Bridge — 26/3/2026, 2:46:40 pm
📅 Checking since 23/3/2026, 1:20:11 pm

🌉 OWU Bridge — 26/3/2026, 2:51:40 pm
📅 Checking since 23/3/2026, 1:20:11 pm

🌉 OWU Bridge — 26/3/2026, 3:08:51 pm
📅 Checking since 23/3/2026, 1:20:11 pm

🌉 OWU Bridge — 26/3/2026, 3:13:51 pm
📅 Checking since 23/3/2026, 1:20:11 pm

🌉 OWU Bridge — 26/3/2026, 4:05:19 pm
📅 Checking since 23/3/2026, 1:20:11 pm

🌉 OWU Bridge — 26/3/2026, 4:41:19 pm
📅 Checking since 23/3/2026, 1:20:11 pm

🌉 OWU Bridge — 26/3/2026, 4:46:20 pm
📅 Checking since 23/3/2026, 1:20:11 pm

🌉 OWU Bridge — 26/3/2026, 5:29:57 pm
📅 Checking since 23/3/2026, 1:20:11 pm

🌉 OWU Bridge — 26/3/2026, 7:03:06 pm
📅 Checking since 23/3/2026, 1:20:11 pm

🌉 OWU Bridge — 26/3/2026, 7:08:06 pm
📅 Checking since 23/3/2026, 1:20:11 pm

🌉 OWU Bridge — 26/3/2026, 7:13:06 pm
📅 Checking since 23/3/2026, 1:20:11 pm

🌉 OWU Bridge — 26/3/2026, 7:18:06 pm
📅 Checking since 23/3/2026, 1:20:11 pm

🌉 OWU Bridge — 26/3/2026, 7:23:07 pm
📅 Checking since 23/3/2026, 1:20:11 pm

🌉 OWU Bridge — 26/3/2026, 7:28:07 pm
📅 Checking since 23/3/2026, 1:20:11 pm

🌉 OWU Bridge — 26/3/2026, 7:33:07 pm
📅 Checking since 23/3/2026, 1:20:11 pm

🌉 OWU Bridge — 26/3/2026, 7:38:07 pm
📅 Checking since 23/3/2026, 1:20:11 pm

🌉 OWU Bridge — 26/3/2026, 7:43:08 pm
📅 Checking since 23/3/2026, 1:20:11 pm

🌉 OWU Bridge — 26/3/2026, 7:48:08 pm
📅 Checking since 23/3/2026, 1:20:11 pm

🌉 OWU Bridge — 26/3/2026, 7:53:08 pm
📅 Checking since 23/3/2026, 1:20:11 pm

🌉 OWU Bridge — 26/3/2026, 7:58:08 pm
📅 Checking since 23/3/2026, 1:20:11 pm

🌉 OWU Bridge — 26/3/2026, 8:03:09 pm
📅 Checking since 23/3/2026, 1:20:11 pm

🌉 OWU Bridge — 26/3/2026, 8:08:09 pm
📅 Checking since 23/3/2026, 1:20:11 pm

🌉 OWU Bridge — 26/3/2026, 8:52:56 pm
📅 Checking since 23/3/2026, 1:20:11 pm

🌉 OWU Bridge — 26/3/2026, 8:57:57 pm
📅 Checking since 23/3/2026, 1:20:11 pm

🌉 OWU Bridge — 26/3/2026, 9:02:57 pm
📅 Checking since 23/3/2026, 1:20:11 pm

🌉 OWU Bridge — 26/3/2026, 9:07:57 pm
📅 Checking since 23/3/2026, 1:20:11 pm

🌉 OWU Bridge — 26/3/2026, 9:12:57 pm
📅 Checking since 23/3/2026, 1:20:11 pm

🌉 OWU Bridge — 26/3/2026, 9:17:58 pm
📅 Checking since 23/3/2026, 1:20:11 pm

🌉 OWU Bridge — 26/3/2026, 9:22:58 pm
📅 Checking since 23/3/2026, 1:20:11 pm

🌉 OWU Bridge — 26/3/2026, 9:27:58 pm
📅 Checking since 23/3/2026, 1:20:11 pm

🌉 OWU Bridge — 26/3/2026, 9:32:59 pm
📅 Checking since 23/3/2026, 1:20:11 pm

🌉 OWU Bridge — 26/3/2026, 9:37:59 pm
📅 Checking since 23/3/2026, 1:20:11 pm

🌉 OWU Bridge — 26/3/2026, 9:42:59 pm
📅 Checking since 23/3/2026, 1:20:11 pm

🌉 OWU Bridge — 26/3/2026, 9:48:00 pm
📅 Checking since 23/3/2026, 1:20:11 pm

🌉 OWU Bridge — 26/3/2026, 9:53:00 pm
📅 Checking since 23/3/2026, 1:20:11 pm

🌉 OWU Bridge — 26/3/2026, 9:58:00 pm
📅 Checking since 23/3/2026, 1:20:11 pm

🌉 OWU Bridge — 26/3/2026, 10:03:01 pm
📅 Checking since 23/3/2026, 1:20:11 pm

🌉 OWU Bridge — 26/3/2026, 10:08:01 pm
📅 Checking since 23/3/2026, 1:20:11 pm

🌉 OWU Bridge — 26/3/2026, 10:13:01 pm
📅 Checking since 23/3/2026, 1:20:11 pm

🌉 OWU Bridge — 26/3/2026, 10:18:01 pm
📅 Checking since 23/3/2026, 1:20:11 pm

🌉 OWU Bridge — 26/3/2026, 10:23:02 pm
📅 Checking since 23/3/2026, 1:20:11 pm

🌉 OWU Bridge — 26/3/2026, 10:28:02 pm
📅 Checking since 23/3/2026, 1:20:11 pm

🌉 OWU Bridge — 26/3/2026, 10:33:02 pm
📅 Checking since 23/3/2026, 1:20:11 pm

🌉 OWU Bridge — 26/3/2026, 10:38:03 pm
📅 Checking since 23/3/2026, 1:20:11 pm

🌉 OWU Bridge — 26/3/2026, 10:43:03 pm
📅 Checking since 23/3/2026, 1:20:11 pm

🌉 OWU Bridge — 26/3/2026, 10:48:03 pm
📅 Checking since 23/3/2026, 1:20:11 pm

🌉 OWU Bridge — 26/3/2026, 10:53:03 pm
📅 Checking since 23/3/2026, 1:20:11 pm

🌉 OWU Bridge — 26/3/2026, 10:58:04 pm
📅 Checking since 23/3/2026, 1:20:11 pm

🌉 OWU Bridge — 26/3/2026, 11:03:04 pm
📅 Checking since 23/3/2026, 1:20:11 pm

🌉 OWU Bridge — 26/3/2026, 11:08:04 pm
📅 Checking since 23/3/2026, 1:20:11 pm

🌉 OWU Bridge — 26/3/2026, 11:13:05 pm
📅 Checking since 23/3/2026, 1:20:11 pm

🌉 OWU Bridge — 26/3/2026, 11:18:05 pm
📅 Checking since 23/3/2026, 1:20:11 pm

🌉 OWU Bridge — 26/3/2026, 11:23:05 pm
📅 Checking since 23/3/2026, 1:20:11 pm

🌉 OWU Bridge — 26/3/2026, 11:28:05 pm
📅 Checking since 23/3/2026, 1:20:11 pm

🌉 OWU Bridge — 26/3/2026, 11:33:06 pm
📅 Checking since 23/3/2026, 1:20:11 pm

🌉 OWU Bridge — 26/3/2026, 11:54:42 pm
📅 Checking since 23/3/2026, 1:20:11 pm

🌉 OWU Bridge — 27/3/2026, 1:29:33 am
📅 Checking since 23/3/2026, 1:20:11 pm

🌉 OWU Bridge — 27/3/2026, 1:34:34 am
📅 Checking since 23/3/2026, 1:20:11 pm

🌉 OWU Bridge — 27/3/2026, 1:39:34 am
📅 Checking since 23/3/2026, 1:20:11 pm

🌉 OWU Bridge — 27/3/2026, 1:44:34 am
📅 Checking since 23/3/2026, 1:20:11 pm

🌉 OWU Bridge — 27/3/2026, 1:49:34 am
📅 Checking since 23/3/2026, 1:20:11 pm

🌉 OWU Bridge — 27/3/2026, 1:54:35 am
📅 Checking since 23/3/2026, 1:20:11 pm

🌉 OWU Bridge — 27/3/2026, 1:59:35 am
📅 Checking since 23/3/2026, 1:20:11 pm

🌉 OWU Bridge — 27/3/2026, 2:04:35 am
📅 Checking since 23/3/2026, 1:20:11 pm

🌉 OWU Bridge — 27/3/2026, 2:09:35 am
📅 Checking since 23/3/2026, 1:20:11 pm

🌉 OWU Bridge — 27/3/2026, 2:14:36 am
📅 Checking since 23/3/2026, 1:20:11 pm

🌉 OWU Bridge — 27/3/2026, 2:19:36 am
📅 Checking since 23/3/2026, 1:20:11 pm

🌉 OWU Bridge — 27/3/2026, 2:24:36 am
📅 Checking since 23/3/2026, 1:20:11 pm

🌉 OWU Bridge — 27/3/2026, 2:29:36 am
📅 Checking since 23/3/2026, 1:20:11 pm

🌉 OWU Bridge — 27/3/2026, 2:34:37 am
📅 Checking since 23/3/2026, 1:20:11 pm

🌉 OWU Bridge — 27/3/2026, 2:46:44 am
📅 Checking since 23/3/2026, 1:20:11 pm

🌉 OWU Bridge — 27/3/2026, 2:51:44 am
📅 Checking since 23/3/2026, 1:20:11 pm

🌉 OWU Bridge — 27/3/2026, 2:56:45 am
📅 Checking since 23/3/2026, 1:20:11 pm

🌉 OWU Bridge — 27/3/2026, 3:01:45 am
📅 Checking since 23/3/2026, 1:20:11 pm

🌉 OWU Bridge — 27/3/2026, 3:06:45 am
📅 Checking since 23/3/2026, 1:20:11 pm

🌉 OWU Bridge — 27/3/2026, 3:11:46 am
📅 Checking since 23/3/2026, 1:20:11 pm

🌉 OWU Bridge — 27/3/2026, 3:16:46 am
📅 Checking since 23/3/2026, 1:20:11 pm

🌉 OWU Bridge — 27/3/2026, 3:21:46 am
📅 Checking since 23/3/2026, 1:20:11 pm

🌉 OWU Bridge — 27/3/2026, 3:26:47 am
📅 Checking since 23/3/2026, 1:20:11 pm

🌉 OWU Bridge — 27/3/2026, 3:31:47 am
📅 Checking since 23/3/2026, 1:20:11 pm

🌉 OWU Bridge — 27/3/2026, 3:36:47 am
📅 Checking since 23/3/2026, 1:20:11 pm

🌉 OWU Bridge — 27/3/2026, 3:41:47 am
📅 Checking since 23/3/2026, 1:20:11 pm

🌉 OWU Bridge — 27/3/2026, 3:46:48 am
📅 Checking since 23/3/2026, 1:20:11 pm

🌉 OWU Bridge — 27/3/2026, 3:51:48 am
📅 Checking since 23/3/2026, 1:20:11 pm

🌉 OWU Bridge — 27/3/2026, 3:56:48 am
📅 Checking since 23/3/2026, 1:20:11 pm

🌉 OWU Bridge — 27/3/2026, 4:01:49 am
📅 Checking since 23/3/2026, 1:20:11 pm

🌉 OWU Bridge — 27/3/2026, 4:06:49 am
📅 Checking since 23/3/2026, 1:20:11 pm

🌉 OWU Bridge — 27/3/2026, 4:11:49 am
📅 Checking since 23/3/2026, 1:20:11 pm

🌉 OWU Bridge — 27/3/2026, 4:16:50 am
📅 Checking since 23/3/2026, 1:20:11 pm

🌉 OWU Bridge — 27/3/2026, 4:21:50 am
📅 Checking since 23/3/2026, 1:20:11 pm

🌉 OWU Bridge — 27/3/2026, 4:26:50 am
📅 Checking since 23/3/2026, 1:20:11 pm

🌉 OWU Bridge — 27/3/2026, 4:47:42 am
📅 Checking since 23/3/2026, 1:20:11 pm

🌉 OWU Bridge — 27/3/2026, 6:27:45 am
📅 Checking since 23/3/2026, 1:20:11 pm

🌉 OWU Bridge — 27/3/2026, 7:29:07 am
📅 Checking since 23/3/2026, 1:20:11 pm

🌉 OWU Bridge — 27/3/2026, 9:19:57 am
📅 Checking since 23/3/2026, 1:20:11 pm

🌉 OWU Bridge — 27/3/2026, 10:27:23 am
📅 Checking since 23/3/2026, 1:20:11 pm

🌉 OWU Bridge — 27/3/2026, 10:32:24 am
📅 Checking since 23/3/2026, 1:20:11 pm

🌉 OWU Bridge — 27/3/2026, 10:37:24 am
📅 Checking since 23/3/2026, 1:20:11 pm

🌉 OWU Bridge — 27/3/2026, 10:42:24 am
📅 Checking since 23/3/2026, 1:20:11 pm

🌉 OWU Bridge — 27/3/2026, 10:47:24 am
📅 Checking since 23/3/2026, 1:20:11 pm

🌉 OWU Bridge — 27/3/2026, 10:52:25 am
📅 Checking since 23/3/2026, 1:20:11 pm

🌉 OWU Bridge — 27/3/2026, 10:57:25 am
📅 Checking since 23/3/2026, 1:20:11 pm

🌉 OWU Bridge — 27/3/2026, 11:02:25 am
📅 Checking since 23/3/2026, 1:20:11 pm

🌉 OWU Bridge — 27/3/2026, 11:07:25 am
📅 Checking since 23/3/2026, 1:20:11 pm

🌉 OWU Bridge — 27/3/2026, 11:12:26 am
📅 Checking since 23/3/2026, 1:20:11 pm

🌉 OWU Bridge — 27/3/2026, 11:17:26 am
📅 Checking since 23/3/2026, 1:20:11 pm

🌉 OWU Bridge — 27/3/2026, 11:22:26 am
📅 Checking since 23/3/2026, 1:20:11 pm

🌉 OWU Bridge — 27/3/2026, 11:27:27 am
📅 Checking since 23/3/2026, 1:20:11 pm

🌉 OWU Bridge — 27/3/2026, 11:32:27 am
📅 Checking since 23/3/2026, 1:20:11 pm

🌉 OWU Bridge — 27/3/2026, 11:37:27 am
📅 Checking since 23/3/2026, 1:20:11 pm

🌉 OWU Bridge — 27/3/2026, 11:42:28 am
📅 Checking since 23/3/2026, 1:20:11 pm

🌉 OWU Bridge — 27/3/2026, 11:47:28 am
📅 Checking since 23/3/2026, 1:20:11 pm

🌉 OWU Bridge — 27/3/2026, 11:52:28 am
📅 Checking since 23/3/2026, 1:20:11 pm

🌉 OWU Bridge — 27/3/2026, 11:57:29 am
📅 Checking since 23/3/2026, 1:20:11 pm

🌉 OWU Bridge — 27/3/2026, 12:02:29 pm
📅 Checking since 23/3/2026, 1:20:11 pm

🌉 OWU Bridge — 27/3/2026, 12:07:29 pm
📅 Checking since 23/3/2026, 1:20:11 pm

🌉 OWU Bridge — 27/3/2026, 12:12:29 pm
📅 Checking since 23/3/2026, 1:20:11 pm

🌉 OWU Bridge — 27/3/2026, 12:17:30 pm
📅 Checking since 23/3/2026, 1:20:11 pm

🌉 OWU Bridge — 27/3/2026, 12:22:30 pm
📅 Checking since 23/3/2026, 1:20:11 pm

🌉 OWU Bridge — 27/3/2026, 12:27:30 pm
📅 Checking since 23/3/2026, 1:20:11 pm

🌉 OWU Bridge — 27/3/2026, 12:32:31 pm
📅 Checking since 23/3/2026, 1:20:11 pm

🌉 OWU Bridge — 27/3/2026, 12:37:31 pm
📅 Checking since 23/3/2026, 1:20:11 pm

🌉 OWU Bridge — 27/3/2026, 12:42:31 pm
📅 Checking since 23/3/2026, 1:20:11 pm

🌉 OWU Bridge — 27/3/2026, 12:47:32 pm
📅 Checking since 23/3/2026, 1:20:11 pm

🌉 OWU Bridge — 27/3/2026, 12:52:32 pm
📅 Checking since 23/3/2026, 1:20:11 pm

🌉 OWU Bridge — 27/3/2026, 12:57:32 pm
📅 Checking since 23/3/2026, 1:20:11 pm

🌉 OWU Bridge — 27/3/2026, 1:02:32 pm
📅 Checking since 23/3/2026, 1:20:11 pm

🌉 OWU Bridge — 27/3/2026, 1:07:33 pm
📅 Checking since 23/3/2026, 1:20:11 pm

🌉 OWU Bridge — 27/3/2026, 1:12:33 pm
📅 Checking since 23/3/2026, 1:20:11 pm

🌉 OWU Bridge — 27/3/2026, 1:17:33 pm
📅 Checking since 23/3/2026, 1:20:11 pm

🌉 OWU Bridge — 27/3/2026, 1:22:33 pm
📅 Checking since 23/3/2026, 1:20:11 pm

🌉 OWU Bridge — 27/3/2026, 1:27:34 pm
📅 Checking since 23/3/2026, 1:20:11 pm

🌉 OWU Bridge — 27/3/2026, 1:32:34 pm
📅 Checking since 23/3/2026, 1:20:11 pm

🌉 OWU Bridge — 27/3/2026, 1:37:34 pm
📅 Checking since 23/3/2026, 1:20:11 pm

🌉 OWU Bridge — 27/3/2026, 1:42:34 pm
📅 Checking since 23/3/2026, 1:20:11 pm

🌉 OWU Bridge — 27/3/2026, 1:47:34 pm
📅 Checking since 23/3/2026, 1:20:11 pm

🌉 OWU Bridge — 27/3/2026, 1:52:35 pm
📅 Checking since 23/3/2026, 1:20:11 pm

🌉 OWU Bridge — 27/3/2026, 1:57:35 pm
📅 Checking since 23/3/2026, 1:20:11 pm

🌉 OWU Bridge — 27/3/2026, 2:02:35 pm
📅 Checking since 23/3/2026, 1:20:11 pm

🌉 OWU Bridge — 27/3/2026, 2:07:35 pm
📅 Checking since 23/3/2026, 1:20:11 pm

🌉 OWU Bridge — 27/3/2026, 2:12:35 pm
📅 Checking since 23/3/2026, 1:20:11 pm

🌉 OWU Bridge — 27/3/2026, 2:17:36 pm
📅 Checking since 23/3/2026, 1:20:11 pm

🌉 OWU Bridge — 27/3/2026, 2:22:36 pm
📅 Checking since 23/3/2026, 1:20:11 pm

🌉 OWU Bridge — 27/3/2026, 2:27:36 pm
📅 Checking since 23/3/2026, 1:20:11 pm

🌉 OWU Bridge — 27/3/2026, 2:32:37 pm
📅 Checking since 23/3/2026, 1:20:11 pm

🌉 OWU Bridge — 27/3/2026, 2:37:37 pm
📅 Checking since 23/3/2026, 1:20:11 pm

🌉 OWU Bridge — 27/3/2026, 2:42:37 pm
📅 Checking since 23/3/2026, 1:20:11 pm

🌉 OWU Bridge — 27/3/2026, 2:47:38 pm
📅 Checking since 23/3/2026, 1:20:11 pm

🌉 OWU Bridge — 27/3/2026, 2:52:38 pm
📅 Checking since 23/3/2026, 1:20:11 pm

🌉 OWU Bridge — 27/3/2026, 2:57:38 pm
📅 Checking since 23/3/2026, 1:20:11 pm

🌉 OWU Bridge — 27/3/2026, 3:02:39 pm
📅 Checking since 23/3/2026, 1:20:11 pm

🌉 OWU Bridge — 27/3/2026, 3:07:39 pm
📅 Checking since 23/3/2026, 1:20:11 pm

🌉 OWU Bridge — 27/3/2026, 3:12:39 pm
📅 Checking since 23/3/2026, 1:20:11 pm

🌉 OWU Bridge — 27/3/2026, 3:17:40 pm
📅 Checking since 23/3/2026, 1:20:11 pm

🌉 OWU Bridge — 27/3/2026, 3:22:40 pm
📅 Checking since 23/3/2026, 1:20:11 pm

🌉 OWU Bridge — 27/3/2026, 3:27:40 pm
📅 Checking since 23/3/2026, 1:20:11 pm

🌉 OWU Bridge — 27/3/2026, 3:32:40 pm
📅 Checking since 23/3/2026, 1:20:11 pm

🌉 OWU Bridge — 27/3/2026, 3:37:41 pm
📅 Checking since 23/3/2026, 1:20:11 pm

🌉 OWU Bridge — 27/3/2026, 3:42:41 pm
📅 Checking since 23/3/2026, 1:20:11 pm

🌉 OWU Bridge — 27/3/2026, 3:47:41 pm
📅 Checking since 23/3/2026, 1:20:11 pm

🌉 OWU Bridge — 27/3/2026, 3:52:41 pm
📅 Checking since 23/3/2026, 1:20:11 pm

🌉 OWU Bridge — 27/3/2026, 3:57:42 pm
📅 Checking since 23/3/2026, 1:20:11 pm

🌉 OWU Bridge — 27/3/2026, 4:02:42 pm
📅 Checking since 23/3/2026, 1:20:11 pm

🌉 OWU Bridge — 27/3/2026, 4:07:42 pm
📅 Checking since 23/3/2026, 1:20:11 pm

🌉 OWU Bridge — 27/3/2026, 4:12:42 pm
📅 Checking since 23/3/2026, 1:20:11 pm

🌉 OWU Bridge — 27/3/2026, 4:17:43 pm
📅 Checking since 23/3/2026, 1:20:11 pm

🌉 OWU Bridge — 27/3/2026, 4:22:43 pm
📅 Checking since 23/3/2026, 1:20:11 pm

🌉 OWU Bridge — 27/3/2026, 4:27:43 pm
📅 Checking since 23/3/2026, 1:20:11 pm

🌉 OWU Bridge — 27/3/2026, 4:32:43 pm
📅 Checking since 23/3/2026, 1:20:11 pm

🌉 OWU Bridge — 27/3/2026, 4:37:44 pm
📅 Checking since 23/3/2026, 1:20:11 pm

🌉 OWU Bridge — 27/3/2026, 4:42:44 pm
📅 Checking since 23/3/2026, 1:20:11 pm

🌉 OWU Bridge — 27/3/2026, 4:47:44 pm
📅 Checking since 23/3/2026, 1:20:11 pm

🌉 OWU Bridge — 27/3/2026, 4:52:45 pm
📅 Checking since 23/3/2026, 1:20:11 pm

🌉 OWU Bridge — 27/3/2026, 4:57:45 pm
📅 Checking since 23/3/2026, 1:20:11 pm

🌉 OWU Bridge — 27/3/2026, 5:02:45 pm
📅 Checking since 23/3/2026, 1:20:11 pm

🌉 OWU Bridge — 27/3/2026, 5:07:45 pm
📅 Checking since 23/3/2026, 1:20:11 pm

🌉 OWU Bridge — 27/3/2026, 5:12:46 pm
📅 Checking since 23/3/2026, 1:20:11 pm

🌉 OWU Bridge — 27/3/2026, 5:17:46 pm
📅 Checking since 23/3/2026, 1:20:11 pm

🌉 OWU Bridge — 27/3/2026, 5:22:46 pm
📅 Checking since 23/3/2026, 1:20:11 pm

🌉 OWU Bridge — 27/3/2026, 5:27:46 pm
📅 Checking since 23/3/2026, 1:20:11 pm

🌉 OWU Bridge — 27/3/2026, 5:32:47 pm
📅 Checking since 23/3/2026, 1:20:11 pm

🌉 OWU Bridge — 27/3/2026, 5:37:47 pm
📅 Checking since 23/3/2026, 1:20:11 pm

🌉 OWU Bridge — 27/3/2026, 5:42:47 pm
📅 Checking since 23/3/2026, 1:20:11 pm

🌉 OWU Bridge — 27/3/2026, 5:47:47 pm
📅 Checking since 23/3/2026, 1:20:11 pm

🌉 OWU Bridge — 27/3/2026, 5:52:48 pm
📅 Checking since 23/3/2026, 1:20:11 pm

🌉 OWU Bridge — 27/3/2026, 5:57:48 pm
📅 Checking since 23/3/2026, 1:20:11 pm

🌉 OWU Bridge — 27/3/2026, 6:02:48 pm
📅 Checking since 23/3/2026, 1:20:11 pm

🌉 OWU Bridge — 27/3/2026, 6:07:49 pm
📅 Checking since 23/3/2026, 1:20:11 pm

🌉 OWU Bridge — 27/3/2026, 6:12:49 pm
📅 Checking since 23/3/2026, 1:20:11 pm

🌉 OWU Bridge — 27/3/2026, 6:17:49 pm
📅 Checking since 23/3/2026, 1:20:11 pm

🌉 OWU Bridge — 27/3/2026, 6:22:49 pm
📅 Checking since 23/3/2026, 1:20:11 pm

🌉 OWU Bridge — 27/3/2026, 6:27:50 pm
📅 Checking since 23/3/2026, 1:20:11 pm

🌉 OWU Bridge — 27/3/2026, 6:32:50 pm
📅 Checking since 23/3/2026, 1:20:11 pm

🌉 OWU Bridge — 27/3/2026, 6:37:50 pm
📅 Checking since 23/3/2026, 1:20:11 pm

🌉 OWU Bridge — 27/3/2026, 6:42:51 pm
📅 Checking since 23/3/2026, 1:20:11 pm

🌉 OWU Bridge — 27/3/2026, 6:47:51 pm
📅 Checking since 23/3/2026, 1:20:11 pm

🌉 OWU Bridge — 27/3/2026, 6:52:51 pm
📅 Checking since 23/3/2026, 1:20:11 pm

🌉 OWU Bridge — 27/3/2026, 6:57:52 pm
📅 Checking since 23/3/2026, 1:20:11 pm

🌉 OWU Bridge — 27/3/2026, 7:02:52 pm
📅 Checking since 23/3/2026, 1:20:11 pm

🌉 OWU Bridge — 27/3/2026, 7:07:52 pm
📅 Checking since 23/3/2026, 1:20:11 pm

🌉 OWU Bridge — 27/3/2026, 7:12:52 pm
📅 Checking since 23/3/2026, 1:20:11 pm

🌉 OWU Bridge — 27/3/2026, 7:17:53 pm
📅 Checking since 23/3/2026, 1:20:11 pm

🌉 OWU Bridge — 27/3/2026, 7:22:53 pm
📅 Checking since 23/3/2026, 1:20:11 pm

🌉 OWU Bridge — 27/3/2026, 7:27:53 pm
📅 Checking since 23/3/2026, 1:20:11 pm

🌉 OWU Bridge — 27/3/2026, 7:32:53 pm
📅 Checking since 23/3/2026, 1:20:11 pm

🌉 OWU Bridge — 27/3/2026, 7:37:53 pm
📅 Checking since 23/3/2026, 1:20:11 pm

🌉 OWU Bridge — 27/3/2026, 7:42:54 pm
📅 Checking since 23/3/2026, 1:20:11 pm

🌉 OWU Bridge — 27/3/2026, 7:47:54 pm
📅 Checking since 23/3/2026, 1:20:11 pm

🌉 OWU Bridge — 27/3/2026, 7:52:54 pm
📅 Checking since 23/3/2026, 1:20:11 pm

🌉 OWU Bridge — 27/3/2026, 7:57:54 pm
📅 Checking since 23/3/2026, 1:20:11 pm

🌉 OWU Bridge — 27/3/2026, 8:02:54 pm
📅 Checking since 23/3/2026, 1:20:11 pm

🌉 OWU Bridge — 27/3/2026, 8:07:55 pm
📅 Checking since 23/3/2026, 1:20:11 pm

🌉 OWU Bridge — 27/3/2026, 8:12:55 pm
📅 Checking since 23/3/2026, 1:20:11 pm

🌉 OWU Bridge — 27/3/2026, 8:17:55 pm
📅 Checking since 23/3/2026, 1:20:11 pm

🌉 OWU Bridge — 27/3/2026, 8:22:55 pm
📅 Checking since 23/3/2026, 1:20:11 pm

🌉 OWU Bridge — 27/3/2026, 8:27:56 pm
📅 Checking since 23/3/2026, 1:20:11 pm

🌉 OWU Bridge — 27/3/2026, 8:32:56 pm
📅 Checking since 23/3/2026, 1:20:11 pm

🌉 OWU Bridge — 27/3/2026, 8:37:56 pm
📅 Checking since 23/3/2026, 1:20:11 pm

🌉 OWU Bridge — 27/3/2026, 8:42:56 pm
📅 Checking since 23/3/2026, 1:20:11 pm

🌉 OWU Bridge — 27/3/2026, 8:47:56 pm
📅 Checking since 23/3/2026, 1:20:11 pm

🌉 OWU Bridge — 27/3/2026, 8:52:57 pm
📅 Checking since 23/3/2026, 1:20:11 pm

🌉 OWU Bridge — 27/3/2026, 8:57:57 pm
📅 Checking since 23/3/2026, 1:20:11 pm

🌉 OWU Bridge — 27/3/2026, 9:02:57 pm
📅 Checking since 23/3/2026, 1:20:11 pm

🌉 OWU Bridge — 27/3/2026, 9:07:58 pm
📅 Checking since 23/3/2026, 1:20:11 pm

🌉 OWU Bridge — 27/3/2026, 9:12:58 pm
📅 Checking since 23/3/2026, 1:20:11 pm

🌉 OWU Bridge — 27/3/2026, 9:17:58 pm
📅 Checking since 23/3/2026, 1:20:11 pm

🌉 OWU Bridge — 27/3/2026, 9:22:58 pm
📅 Checking since 23/3/2026, 1:20:11 pm

🌉 OWU Bridge — 27/3/2026, 9:27:59 pm
📅 Checking since 23/3/2026, 1:20:11 pm

🌉 OWU Bridge — 27/3/2026, 9:32:59 pm
📅 Checking since 23/3/2026, 1:20:11 pm

🌉 OWU Bridge — 27/3/2026, 9:37:59 pm
📅 Checking since 23/3/2026, 1:20:11 pm

🌉 OWU Bridge — 27/3/2026, 9:43:00 pm
📅 Checking since 23/3/2026, 1:20:11 pm

🌉 OWU Bridge — 27/3/2026, 9:48:00 pm
📅 Checking since 23/3/2026, 1:20:11 pm

🌉 OWU Bridge — 27/3/2026, 9:53:00 pm
📅 Checking since 23/3/2026, 1:20:11 pm

🌉 OWU Bridge — 27/3/2026, 9:58:00 pm
📅 Checking since 23/3/2026, 1:20:11 pm

🌉 OWU Bridge — 27/3/2026, 10:03:01 pm
📅 Checking since 23/3/2026, 1:20:11 pm

🌉 OWU Bridge — 27/3/2026, 10:08:01 pm
📅 Checking since 23/3/2026, 1:20:11 pm

🌉 OWU Bridge — 27/3/2026, 10:13:02 pm
📅 Checking since 23/3/2026, 1:20:11 pm

🌉 OWU Bridge — 27/3/2026, 10:18:02 pm
📅 Checking since 23/3/2026, 1:20:11 pm

🌉 OWU Bridge — 27/3/2026, 10:23:02 pm
📅 Checking since 23/3/2026, 1:20:11 pm

🌉 OWU Bridge — 27/3/2026, 10:28:02 pm
📅 Checking since 23/3/2026, 1:20:11 pm

🌉 OWU Bridge — 27/3/2026, 10:33:03 pm
📅 Checking since 23/3/2026, 1:20:11 pm

🌉 OWU Bridge — 27/3/2026, 10:38:03 pm
📅 Checking since 23/3/2026, 1:20:11 pm

🌉 OWU Bridge — 27/3/2026, 10:43:03 pm
📅 Checking since 23/3/2026, 1:20:11 pm

🌉 OWU Bridge — 27/3/2026, 10:48:04 pm
📅 Checking since 23/3/2026, 1:20:11 pm

🌉 OWU Bridge — 27/3/2026, 10:53:04 pm
📅 Checking since 23/3/2026, 1:20:11 pm

🌉 OWU Bridge — 27/3/2026, 10:58:04 pm
📅 Checking since 23/3/2026, 1:20:11 pm

🌉 OWU Bridge — 27/3/2026, 11:03:05 pm
📅 Checking since 23/3/2026, 1:20:11 pm

🌉 OWU Bridge — 27/3/2026, 11:08:05 pm
📅 Checking since 23/3/2026, 1:20:11 pm

🌉 OWU Bridge — 27/3/2026, 11:13:05 pm
📅 Checking since 23/3/2026, 1:20:11 pm

🌉 OWU Bridge — 27/3/2026, 11:18:06 pm
📅 Checking since 23/3/2026, 1:20:11 pm

🌉 OWU Bridge — 27/3/2026, 11:23:06 pm
📅 Checking since 23/3/2026, 1:20:11 pm

🌉 OWU Bridge — 27/3/2026, 11:28:06 pm
📅 Checking since 23/3/2026, 1:20:11 pm

🌉 OWU Bridge — 27/3/2026, 11:33:07 pm
📅 Checking since 23/3/2026, 1:20:11 pm

🌉 OWU Bridge — 27/3/2026, 11:38:07 pm
📅 Checking since 23/3/2026, 1:20:11 pm

🌉 OWU Bridge — 27/3/2026, 11:43:07 pm
📅 Checking since 23/3/2026, 1:20:11 pm

🌉 OWU Bridge — 27/3/2026, 11:48:07 pm
📅 Checking since 23/3/2026, 1:20:11 pm

🌉 OWU Bridge — 27/3/2026, 11:53:08 pm
📅 Checking since 23/3/2026, 1:20:11 pm

🌉 OWU Bridge — 27/3/2026, 11:58:08 pm
📅 Checking since 23/3/2026, 1:20:11 pm

🌉 OWU Bridge — 28/3/2026, 12:03:08 am
📅 Checking since 23/3/2026, 1:20:11 pm

🌉 OWU Bridge — 28/3/2026, 12:08:09 am
📅 Checking since 23/3/2026, 1:20:11 pm

🌉 OWU Bridge — 28/3/2026, 12:13:09 am
📅 Checking since 23/3/2026, 1:20:11 pm

🌉 OWU Bridge — 28/3/2026, 12:18:09 am
📅 Checking since 23/3/2026, 1:20:11 pm

🌉 OWU Bridge — 28/3/2026, 12:23:10 am
📅 Checking since 23/3/2026, 1:20:11 pm

🌉 OWU Bridge — 28/3/2026, 12:28:10 am
📅 Checking since 23/3/2026, 1:20:11 pm

🌉 OWU Bridge — 28/3/2026, 12:33:10 am
📅 Checking since 23/3/2026, 1:20:11 pm

🌉 OWU Bridge — 28/3/2026, 12:38:11 am
📅 Checking since 23/3/2026, 1:20:11 pm

🌉 OWU Bridge — 28/3/2026, 12:43:11 am
📅 Checking since 23/3/2026, 1:20:11 pm

🌉 OWU Bridge — 28/3/2026, 12:48:11 am
📅 Checking since 23/3/2026, 1:20:11 pm

🌉 OWU Bridge — 28/3/2026, 12:53:12 am
📅 Checking since 23/3/2026, 1:20:11 pm

🌉 OWU Bridge — 28/3/2026, 12:58:12 am
📅 Checking since 23/3/2026, 1:20:11 pm

🌉 OWU Bridge — 28/3/2026, 1:03:12 am
📅 Checking since 23/3/2026, 1:20:11 pm

🌉 OWU Bridge — 28/3/2026, 1:08:12 am
📅 Checking since 23/3/2026, 1:20:11 pm

🌉 OWU Bridge — 28/3/2026, 1:13:12 am
📅 Checking since 23/3/2026, 1:20:11 pm

🌉 OWU Bridge — 28/3/2026, 1:18:13 am
📅 Checking since 23/3/2026, 1:20:11 pm

🌉 OWU Bridge — 28/3/2026, 1:23:13 am
📅 Checking since 23/3/2026, 1:20:11 pm

🌉 OWU Bridge — 28/3/2026, 1:28:13 am
📅 Checking since 23/3/2026, 1:20:11 pm

🌉 OWU Bridge — 28/3/2026, 1:33:14 am
📅 Checking since 23/3/2026, 1:20:11 pm

🌉 OWU Bridge — 28/3/2026, 1:38:14 am
📅 Checking since 23/3/2026, 1:20:11 pm

🌉 OWU Bridge — 28/3/2026, 1:43:14 am
📅 Checking since 23/3/2026, 1:20:11 pm

🌉 OWU Bridge — 28/3/2026, 1:48:14 am
📅 Checking since 23/3/2026, 1:20:11 pm

🌉 OWU Bridge — 28/3/2026, 1:53:15 am
📅 Checking since 23/3/2026, 1:20:11 pm

🌉 OWU Bridge — 28/3/2026, 1:58:15 am
📅 Checking since 23/3/2026, 1:20:11 pm

🌉 OWU Bridge — 28/3/2026, 2:03:15 am
📅 Checking since 23/3/2026, 1:20:11 pm

🌉 OWU Bridge — 28/3/2026, 2:08:16 am
📅 Checking since 23/3/2026, 1:20:11 pm

🌉 OWU Bridge — 28/3/2026, 2:13:16 am
📅 Checking since 23/3/2026, 1:20:11 pm

🌉 OWU Bridge — 28/3/2026, 2:18:16 am
📅 Checking since 23/3/2026, 1:20:11 pm

🌉 OWU Bridge — 28/3/2026, 2:23:17 am
📅 Checking since 23/3/2026, 1:20:11 pm

🌉 OWU Bridge — 28/3/2026, 2:28:17 am
📅 Checking since 23/3/2026, 1:20:11 pm

🌉 OWU Bridge — 28/3/2026, 2:33:17 am
📅 Checking since 23/3/2026, 1:20:11 pm

🌉 OWU Bridge — 28/3/2026, 2:38:17 am
📅 Checking since 23/3/2026, 1:20:11 pm

🌉 OWU Bridge — 28/3/2026, 2:43:19 am
📅 Checking since 23/3/2026, 1:20:11 pm

🌉 OWU Bridge — 28/3/2026, 2:48:19 am
📅 Checking since 23/3/2026, 1:20:11 pm

🌉 OWU Bridge — 28/3/2026, 2:53:20 am
📅 Checking since 23/3/2026, 1:20:11 pm

🌉 OWU Bridge — 28/3/2026, 2:58:20 am
📅 Checking since 23/3/2026, 1:20:11 pm

🌉 OWU Bridge — 28/3/2026, 3:03:20 am
📅 Checking since 23/3/2026, 1:20:11 pm

🌉 OWU Bridge — 28/3/2026, 3:08:21 am
📅 Checking since 23/3/2026, 1:20:11 pm

🌉 OWU Bridge — 28/3/2026, 3:13:21 am
📅 Checking since 23/3/2026, 1:20:11 pm

🌉 OWU Bridge — 28/3/2026, 3:18:21 am
📅 Checking since 23/3/2026, 1:20:11 pm

🌉 OWU Bridge — 28/3/2026, 3:23:21 am
📅 Checking since 23/3/2026, 1:20:11 pm

🌉 OWU Bridge — 28/3/2026, 3:28:21 am
📅 Checking since 23/3/2026, 1:20:11 pm

🌉 OWU Bridge — 28/3/2026, 3:33:22 am
📅 Checking since 23/3/2026, 1:20:11 pm

🌉 OWU Bridge — 28/3/2026, 3:38:22 am
📅 Checking since 23/3/2026, 1:20:11 pm

🌉 OWU Bridge — 28/3/2026, 3:43:22 am
📅 Checking since 23/3/2026, 1:20:11 pm

🌉 OWU Bridge — 28/3/2026, 3:48:23 am
📅 Checking since 23/3/2026, 1:20:11 pm

🌉 OWU Bridge — 28/3/2026, 3:53:23 am
📅 Checking since 23/3/2026, 1:20:11 pm

🌉 OWU Bridge — 28/3/2026, 3:58:23 am
📅 Checking since 23/3/2026, 1:20:11 pm

🌉 OWU Bridge — 28/3/2026, 4:03:24 am
📅 Checking since 23/3/2026, 1:20:11 pm

🌉 OWU Bridge — 28/3/2026, 4:08:24 am
📅 Checking since 23/3/2026, 1:20:11 pm

🌉 OWU Bridge — 28/3/2026, 4:13:24 am
📅 Checking since 23/3/2026, 1:20:11 pm

🌉 OWU Bridge — 28/3/2026, 4:18:24 am
📅 Checking since 23/3/2026, 1:20:11 pm

🌉 OWU Bridge — 28/3/2026, 4:23:25 am
📅 Checking since 23/3/2026, 1:20:11 pm

🌉 OWU Bridge — 28/3/2026, 4:28:25 am
📅 Checking since 23/3/2026, 1:20:11 pm

🌉 OWU Bridge — 28/3/2026, 4:33:25 am
📅 Checking since 23/3/2026, 1:20:11 pm

🌉 OWU Bridge — 28/3/2026, 4:38:25 am
📅 Checking since 23/3/2026, 1:20:11 pm

🌉 OWU Bridge — 28/3/2026, 4:43:26 am
📅 Checking since 23/3/2026, 1:20:11 pm

🌉 OWU Bridge — 28/3/2026, 4:48:26 am
📅 Checking since 23/3/2026, 1:20:11 pm

🌉 OWU Bridge — 28/3/2026, 4:53:26 am
📅 Checking since 23/3/2026, 1:20:11 pm

🌉 OWU Bridge — 28/3/2026, 4:58:27 am
📅 Checking since 23/3/2026, 1:20:11 pm

🌉 OWU Bridge — 28/3/2026, 5:03:27 am
📅 Checking since 23/3/2026, 1:20:11 pm

🌉 OWU Bridge — 28/3/2026, 5:08:27 am
📅 Checking since 23/3/2026, 1:20:11 pm

🌉 OWU Bridge — 28/3/2026, 5:13:27 am
📅 Checking since 23/3/2026, 1:20:11 pm

🌉 OWU Bridge — 28/3/2026, 5:18:28 am
📅 Checking since 23/3/2026, 1:20:11 pm

🌉 OWU Bridge — 28/3/2026, 5:23:28 am
📅 Checking since 23/3/2026, 1:20:11 pm

🌉 OWU Bridge — 28/3/2026, 5:28:28 am
📅 Checking since 23/3/2026, 1:20:11 pm

🌉 OWU Bridge — 28/3/2026, 5:33:29 am
📅 Checking since 23/3/2026, 1:20:11 pm

🌉 OWU Bridge — 28/3/2026, 5:38:29 am
📅 Checking since 23/3/2026, 1:20:11 pm

🌉 OWU Bridge — 28/3/2026, 5:43:29 am
📅 Checking since 23/3/2026, 1:20:11 pm

🌉 OWU Bridge — 28/3/2026, 5:48:30 am
📅 Checking since 23/3/2026, 1:20:11 pm

🌉 OWU Bridge — 28/3/2026, 5:53:30 am
📅 Checking since 23/3/2026, 1:20:11 pm

🌉 OWU Bridge — 28/3/2026, 5:58:30 am
📅 Checking since 23/3/2026, 1:20:11 pm

🌉 OWU Bridge — 28/3/2026, 6:03:30 am
📅 Checking since 23/3/2026, 1:20:11 pm

🌉 OWU Bridge — 28/3/2026, 6:08:31 am
📅 Checking since 23/3/2026, 1:20:11 pm

🌉 OWU Bridge — 28/3/2026, 6:13:31 am
📅 Checking since 23/3/2026, 1:20:11 pm

🌉 OWU Bridge — 28/3/2026, 6:18:31 am
📅 Checking since 23/3/2026, 1:20:11 pm

🌉 OWU Bridge — 28/3/2026, 6:23:31 am
📅 Checking since 23/3/2026, 1:20:11 pm

🌉 OWU Bridge — 28/3/2026, 6:28:32 am
📅 Checking since 23/3/2026, 1:20:11 pm

🌉 OWU Bridge — 28/3/2026, 6:33:32 am
📅 Checking since 23/3/2026, 1:20:11 pm

🌉 OWU Bridge — 28/3/2026, 6:38:32 am
📅 Checking since 23/3/2026, 1:20:11 pm

🌉 OWU Bridge — 28/3/2026, 6:43:33 am
📅 Checking since 23/3/2026, 1:20:11 pm

🌉 OWU Bridge — 28/3/2026, 6:48:33 am
📅 Checking since 23/3/2026, 1:20:11 pm

🌉 OWU Bridge — 28/3/2026, 6:53:33 am
📅 Checking since 23/3/2026, 1:20:11 pm

🌉 OWU Bridge — 28/3/2026, 6:58:34 am
📅 Checking since 23/3/2026, 1:20:11 pm

🌉 OWU Bridge — 28/3/2026, 7:03:34 am
📅 Checking since 23/3/2026, 1:20:11 pm

🌉 OWU Bridge — 28/3/2026, 7:08:34 am
📅 Checking since 23/3/2026, 1:20:11 pm

🌉 OWU Bridge — 28/3/2026, 7:13:34 am
📅 Checking since 23/3/2026, 1:20:11 pm

🌉 OWU Bridge — 28/3/2026, 7:18:35 am
📅 Checking since 23/3/2026, 1:20:11 pm

🌉 OWU Bridge — 28/3/2026, 7:23:35 am
📅 Checking since 23/3/2026, 1:20:11 pm

🌉 OWU Bridge — 28/3/2026, 7:28:35 am
📅 Checking since 23/3/2026, 1:20:11 pm

🌉 OWU Bridge — 28/3/2026, 7:33:36 am
📅 Checking since 23/3/2026, 1:20:11 pm

🌉 OWU Bridge — 28/3/2026, 7:38:36 am
📅 Checking since 23/3/2026, 1:20:11 pm

🌉 OWU Bridge — 28/3/2026, 7:43:36 am
📅 Checking since 23/3/2026, 1:20:11 pm

🌉 OWU Bridge — 28/3/2026, 7:21:18 pm
📅 Checking since 23/3/2026, 1:20:11 pm

🌉 OWU Bridge — 28/3/2026, 7:26:18 pm
📅 Checking since 23/3/2026, 1:20:11 pm

🌉 OWU Bridge — 28/3/2026, 7:31:18 pm
📅 Checking since 23/3/2026, 1:20:11 pm

🌉 OWU Bridge — 28/3/2026, 7:36:19 pm
📅 Checking since 23/3/2026, 1:20:11 pm

🌉 OWU Bridge — 28/3/2026, 7:41:19 pm
📅 Checking since 23/3/2026, 1:20:11 pm

🌉 OWU Bridge — 28/3/2026, 7:46:19 pm
📅 Checking since 23/3/2026, 1:20:11 pm

🌉 OWU Bridge — 28/3/2026, 7:51:19 pm
📅 Checking since 23/3/2026, 1:20:11 pm

🌉 OWU Bridge — 28/3/2026, 7:56:20 pm
📅 Checking since 23/3/2026, 1:20:11 pm

🌉 OWU Bridge — 28/3/2026, 8:01:20 pm
📅 Checking since 23/3/2026, 1:20:11 pm

🌉 OWU Bridge — 28/3/2026, 8:06:20 pm
📅 Checking since 23/3/2026, 1:20:11 pm

🌉 OWU Bridge — 28/3/2026, 8:11:21 pm
📅 Checking since 23/3/2026, 1:20:11 pm

🌉 OWU Bridge — 28/3/2026, 8:16:21 pm
📅 Checking since 23/3/2026, 1:20:11 pm

🌉 OWU Bridge — 28/3/2026, 8:21:21 pm
📅 Checking since 23/3/2026, 1:20:11 pm

🌉 OWU Bridge — 28/3/2026, 8:26:21 pm
📅 Checking since 23/3/2026, 1:20:11 pm

🌉 OWU Bridge — 28/3/2026, 8:31:21 pm
📅 Checking since 23/3/2026, 1:20:11 pm

🌉 OWU Bridge — 28/3/2026, 8:36:22 pm
📅 Checking since 23/3/2026, 1:20:11 pm

🌉 OWU Bridge — 28/3/2026, 8:41:22 pm
📅 Checking since 23/3/2026, 1:20:11 pm

🌉 OWU Bridge — 28/3/2026, 8:46:22 pm
📅 Checking since 23/3/2026, 1:20:11 pm

🌉 OWU Bridge — 28/3/2026, 8:51:22 pm
📅 Checking since 23/3/2026, 1:20:11 pm

🌉 OWU Bridge — 28/3/2026, 8:56:23 pm
📅 Checking since 23/3/2026, 1:20:11 pm

🌉 OWU Bridge — 28/3/2026, 9:01:23 pm
📅 Checking since 23/3/2026, 1:20:11 pm

🌉 OWU Bridge — 28/3/2026, 9:06:23 pm
📅 Checking since 23/3/2026, 1:20:11 pm

🌉 OWU Bridge — 28/3/2026, 9:11:23 pm
📅 Checking since 23/3/2026, 1:20:11 pm

🌉 OWU Bridge — 28/3/2026, 9:16:24 pm
📅 Checking since 23/3/2026, 1:20:11 pm

🌉 OWU Bridge — 28/3/2026, 9:21:24 pm
📅 Checking since 23/3/2026, 1:20:11 pm

🌉 OWU Bridge — 28/3/2026, 9:26:24 pm
📅 Checking since 23/3/2026, 1:20:11 pm

🌉 OWU Bridge — 28/3/2026, 9:31:24 pm
📅 Checking since 23/3/2026, 1:20:11 pm

🌉 OWU Bridge — 28/3/2026, 9:36:24 pm
📅 Checking since 23/3/2026, 1:20:11 pm

🌉 OWU Bridge — 28/3/2026, 9:41:25 pm
📅 Checking since 23/3/2026, 1:20:11 pm

🌉 OWU Bridge — 28/3/2026, 9:46:25 pm
📅 Checking since 23/3/2026, 1:20:11 pm

🌉 OWU Bridge — 28/3/2026, 9:51:25 pm
📅 Checking since 23/3/2026, 1:20:11 pm

🌉 OWU Bridge — 28/3/2026, 10:11:27 pm
📅 Checking since 23/3/2026, 1:20:11 pm

🌉 OWU Bridge — 28/3/2026, 10:16:27 pm
📅 Checking since 23/3/2026, 1:20:11 pm

🌉 OWU Bridge — 28/3/2026, 10:21:27 pm
📅 Checking since 23/3/2026, 1:20:11 pm

🌉 OWU Bridge — 28/3/2026, 10:26:28 pm
📅 Checking since 23/3/2026, 1:20:11 pm

🌉 OWU Bridge — 28/3/2026, 10:31:28 pm
📅 Checking since 23/3/2026, 1:20:11 pm

🌉 OWU Bridge — 28/3/2026, 10:36:28 pm
📅 Checking since 23/3/2026, 1:20:11 pm

🌉 OWU Bridge — 28/3/2026, 10:41:29 pm
📅 Checking since 23/3/2026, 1:20:11 pm

🌉 OWU Bridge — 28/3/2026, 10:46:29 pm
📅 Checking since 23/3/2026, 1:20:11 pm

🌉 OWU Bridge — 28/3/2026, 10:51:29 pm
📅 Checking since 23/3/2026, 1:20:11 pm

🌉 OWU Bridge — 28/3/2026, 10:56:30 pm
📅 Checking since 23/3/2026, 1:20:11 pm

🌉 OWU Bridge — 28/3/2026, 11:01:30 pm
📅 Checking since 23/3/2026, 1:20:11 pm

🌉 OWU Bridge — 28/3/2026, 11:06:30 pm
📅 Checking since 23/3/2026, 1:20:11 pm

🌉 OWU Bridge — 28/3/2026, 11:11:30 pm
📅 Checking since 23/3/2026, 1:20:11 pm

🌉 OWU Bridge — 28/3/2026, 11:16:31 pm
📅 Checking since 23/3/2026, 1:20:11 pm

🌉 OWU Bridge — 28/3/2026, 11:21:31 pm
📅 Checking since 23/3/2026, 1:20:11 pm

🌉 OWU Bridge — 28/3/2026, 11:26:31 pm
📅 Checking since 23/3/2026, 1:20:11 pm

🌉 OWU Bridge — 29/3/2026, 12:32:59 am
📅 Checking since 23/3/2026, 1:20:11 pm

🌉 OWU Bridge — 29/3/2026, 12:43:11 am
📅 Checking since 23/3/2026, 1:20:11 pm

🌉 OWU Bridge — 29/3/2026, 12:48:12 am
📅 Checking since 23/3/2026, 1:20:11 pm

🌉 OWU Bridge — 29/3/2026, 12:53:12 am
📅 Checking since 23/3/2026, 1:20:11 pm

🌉 OWU Bridge — 29/3/2026, 12:58:12 am
📅 Checking since 23/3/2026, 1:20:11 pm

🌉 OWU Bridge — 29/3/2026, 1:03:12 am
📅 Checking since 23/3/2026, 1:20:11 pm

🌉 OWU Bridge — 29/3/2026, 1:08:13 am
📅 Checking since 23/3/2026, 1:20:11 pm

🌉 OWU Bridge — 29/3/2026, 1:13:13 am
📅 Checking since 23/3/2026, 1:20:11 pm

🌉 OWU Bridge — 29/3/2026, 1:18:13 am
📅 Checking since 23/3/2026, 1:20:11 pm

🌉 OWU Bridge — 29/3/2026, 1:23:14 am
📅 Checking since 23/3/2026, 1:20:11 pm

🌉 OWU Bridge — 29/3/2026, 1:28:14 am
📅 Checking since 23/3/2026, 1:20:11 pm

🌉 OWU Bridge — 29/3/2026, 1:33:14 am
📅 Checking since 23/3/2026, 1:20:11 pm

🌉 OWU Bridge — 29/3/2026, 1:38:15 am
📅 Checking since 23/3/2026, 1:20:11 pm

🌉 OWU Bridge — 29/3/2026, 1:43:15 am
📅 Checking since 23/3/2026, 1:20:11 pm

🌉 OWU Bridge — 29/3/2026, 1:48:15 am
📅 Checking since 23/3/2026, 1:20:11 pm

🌉 OWU Bridge — 29/3/2026, 1:53:15 am
📅 Checking since 23/3/2026, 1:20:11 pm

🌉 OWU Bridge — 29/3/2026, 1:58:16 am
📅 Checking since 23/3/2026, 1:20:11 pm

🌉 OWU Bridge — 29/3/2026, 2:03:16 am
📅 Checking since 23/3/2026, 1:20:11 pm

🌉 OWU Bridge — 29/3/2026, 2:08:16 am
📅 Checking since 23/3/2026, 1:20:11 pm

🌉 OWU Bridge — 29/3/2026, 2:13:17 am
📅 Checking since 23/3/2026, 1:20:11 pm

🌉 OWU Bridge — 29/3/2026, 2:18:17 am
📅 Checking since 23/3/2026, 1:20:11 pm

🌉 OWU Bridge — 29/3/2026, 2:23:17 am
📅 Checking since 23/3/2026, 1:20:11 pm

🌉 OWU Bridge — 29/3/2026, 2:28:17 am
📅 Checking since 23/3/2026, 1:20:11 pm

🌉 OWU Bridge — 29/3/2026, 2:33:18 am
📅 Checking since 23/3/2026, 1:20:11 pm

🌉 OWU Bridge — 29/3/2026, 2:38:18 am
📅 Checking since 23/3/2026, 1:20:11 pm

🌉 OWU Bridge — 29/3/2026, 2:43:18 am
📅 Checking since 23/3/2026, 1:20:11 pm

🌉 OWU Bridge — 29/3/2026, 2:48:18 am
📅 Checking since 23/3/2026, 1:20:11 pm

🌉 OWU Bridge — 29/3/2026, 4:16:05 am
📅 Checking since 23/3/2026, 1:20:11 pm

🌉 OWU Bridge — 29/3/2026, 4:21:05 am
📅 Checking since 23/3/2026, 1:20:11 pm

🌉 OWU Bridge — 29/3/2026, 4:26:06 am
📅 Checking since 23/3/2026, 1:20:11 pm

🌉 OWU Bridge — 29/3/2026, 4:31:06 am
📅 Checking since 23/3/2026, 1:20:11 pm

🌉 OWU Bridge — 29/3/2026, 4:36:06 am
📅 Checking since 23/3/2026, 1:20:11 pm

🌉 OWU Bridge — 29/3/2026, 4:41:06 am
📅 Checking since 23/3/2026, 1:20:11 pm

🌉 OWU Bridge — 29/3/2026, 4:46:07 am
📅 Checking since 23/3/2026, 1:20:11 pm

🌉 OWU Bridge — 29/3/2026, 4:51:07 am
📅 Checking since 23/3/2026, 1:20:11 pm

🌉 OWU Bridge — 29/3/2026, 4:56:07 am
📅 Checking since 23/3/2026, 1:20:11 pm

🌉 OWU Bridge — 29/3/2026, 5:01:07 am
📅 Checking since 23/3/2026, 1:20:11 pm

🌉 OWU Bridge — 29/3/2026, 5:06:07 am
📅 Checking since 23/3/2026, 1:20:11 pm

🌉 OWU Bridge — 29/3/2026, 5:11:08 am
📅 Checking since 23/3/2026, 1:20:11 pm

🌉 OWU Bridge — 29/3/2026, 5:16:08 am
📅 Checking since 23/3/2026, 1:20:11 pm

🌉 OWU Bridge — 29/3/2026, 6:47:18 am
📅 Checking since 23/3/2026, 1:20:11 pm

🌉 OWU Bridge — 29/3/2026, 7:44:16 am
📅 Checking since 23/3/2026, 1:20:11 pm

🌉 OWU Bridge — 29/3/2026, 7:49:17 am
📅 Checking since 23/3/2026, 1:20:11 pm

🌉 OWU Bridge — 29/3/2026, 8:42:17 am
📅 Checking since 23/3/2026, 1:20:11 pm

🌉 OWU Bridge — 29/3/2026, 10:04:53 am
📅 Checking since 23/3/2026, 1:20:11 pm

🌉 OWU Bridge — 29/3/2026, 11:41:40 am
📅 Checking since 23/3/2026, 1:20:11 pm

🌉 OWU Bridge — 29/3/2026, 11:48:06 am
📅 Checking since 23/3/2026, 1:20:11 pm

🌉 OWU Bridge — 29/3/2026, 11:53:06 am
📅 Checking since 23/3/2026, 1:20:11 pm

🌉 OWU Bridge — 29/3/2026, 1:32:41 pm
📅 Checking since 23/3/2026, 1:20:11 pm

🌉 OWU Bridge — 29/3/2026, 3:11:46 pm
📅 Checking since 23/3/2026, 1:20:11 pm

🌉 OWU Bridge — 29/3/2026, 3:16:47 pm
📅 Checking since 23/3/2026, 1:20:11 pm

🌉 OWU Bridge — 29/3/2026, 3:21:47 pm
📅 Checking since 23/3/2026, 1:20:11 pm

🌉 OWU Bridge — 29/3/2026, 4:47:36 pm
📅 Checking since 23/3/2026, 1:20:11 pm

🌉 OWU Bridge — 29/3/2026, 5:52:16 pm
📅 Checking since 23/3/2026, 1:20:11 pm

🌉 OWU Bridge — 29/3/2026, 5:57:16 pm
📅 Checking since 23/3/2026, 1:20:11 pm

🌉 OWU Bridge — 29/3/2026, 6:02:16 pm
📅 Checking since 23/3/2026, 1:20:11 pm

🌉 OWU Bridge — 29/3/2026, 6:07:17 pm
📅 Checking since 23/3/2026, 1:20:11 pm

🌉 OWU Bridge — 29/3/2026, 6:12:17 pm
📅 Checking since 23/3/2026, 1:20:11 pm

🌉 OWU Bridge — 29/3/2026, 6:17:17 pm
📅 Checking since 23/3/2026, 1:20:11 pm

🌉 OWU Bridge — 29/3/2026, 6:22:18 pm
📅 Checking since 23/3/2026, 1:20:11 pm

🌉 OWU Bridge — 29/3/2026, 6:27:18 pm
📅 Checking since 23/3/2026, 1:20:11 pm

🌉 OWU Bridge — 29/3/2026, 6:32:18 pm
📅 Checking since 23/3/2026, 1:20:11 pm

🌉 OWU Bridge — 29/3/2026, 6:37:18 pm
📅 Checking since 23/3/2026, 1:20:11 pm

🌉 OWU Bridge — 29/3/2026, 6:42:19 pm
📅 Checking since 23/3/2026, 1:20:11 pm

🌉 OWU Bridge — 29/3/2026, 6:47:19 pm
📅 Checking since 23/3/2026, 1:20:11 pm

🌉 OWU Bridge — 29/3/2026, 6:52:19 pm
📅 Checking since 23/3/2026, 1:20:11 pm

🌉 OWU Bridge — 29/3/2026, 6:57:20 pm
📅 Checking since 23/3/2026, 1:20:11 pm

🌉 OWU Bridge — 29/3/2026, 7:02:20 pm
📅 Checking since 23/3/2026, 1:20:11 pm

🌉 OWU Bridge — 29/3/2026, 7:07:20 pm
📅 Checking since 23/3/2026, 1:20:11 pm

🌉 OWU Bridge — 29/3/2026, 7:12:21 pm
📅 Checking since 23/3/2026, 1:20:11 pm

🌉 OWU Bridge — 29/3/2026, 7:17:21 pm
📅 Checking since 23/3/2026, 1:20:11 pm

🌉 OWU Bridge — 29/3/2026, 7:22:21 pm
📅 Checking since 23/3/2026, 1:20:11 pm

🌉 OWU Bridge — 29/3/2026, 7:27:22 pm
📅 Checking since 23/3/2026, 1:20:11 pm

🌉 OWU Bridge — 29/3/2026, 7:32:22 pm
📅 Checking since 23/3/2026, 1:20:11 pm

🌉 OWU Bridge — 29/3/2026, 7:37:27 pm
📅 Checking since 23/3/2026, 1:20:11 pm

🌉 OWU Bridge — 29/3/2026, 7:42:27 pm
📅 Checking since 23/3/2026, 1:20:11 pm

🌉 OWU Bridge — 29/3/2026, 7:47:28 pm
📅 Checking since 23/3/2026, 1:20:11 pm

🌉 OWU Bridge — 29/3/2026, 7:52:28 pm
📅 Checking since 23/3/2026, 1:20:11 pm

🌉 OWU Bridge — 29/3/2026, 8:13:25 pm
📅 Checking since 23/3/2026, 1:20:11 pm

🌉 OWU Bridge — 29/3/2026, 8:52:26 pm
📅 Checking since 23/3/2026, 1:20:11 pm

🌉 OWU Bridge — 29/3/2026, 8:57:26 pm
📅 Checking since 23/3/2026, 1:20:11 pm

🌉 OWU Bridge — 29/3/2026, 9:19:05 pm
📅 Checking since 23/3/2026, 1:20:11 pm

🌉 OWU Bridge — 29/3/2026, 9:56:09 pm
📅 Checking since 23/3/2026, 1:20:11 pm

🌉 OWU Bridge — 29/3/2026, 10:01:09 pm
📅 Checking since 23/3/2026, 1:20:11 pm

🌉 OWU Bridge — 29/3/2026, 10:06:10 pm
📅 Checking since 23/3/2026, 1:20:11 pm

🌉 OWU Bridge — 29/3/2026, 10:11:10 pm
📅 Checking since 23/3/2026, 1:20:11 pm

🌉 OWU Bridge — 29/3/2026, 10:16:10 pm
📅 Checking since 23/3/2026, 1:20:11 pm

🌉 OWU Bridge — 29/3/2026, 10:21:11 pm
📅 Checking since 23/3/2026, 1:20:11 pm

🌉 OWU Bridge — 29/3/2026, 10:26:11 pm
📅 Checking since 23/3/2026, 1:20:11 pm

🌉 OWU Bridge — 29/3/2026, 10:31:11 pm
📅 Checking since 23/3/2026, 1:20:11 pm

🌉 OWU Bridge — 29/3/2026, 10:36:11 pm
📅 Checking since 23/3/2026, 1:20:11 pm

🌉 OWU Bridge — 29/3/2026, 10:41:12 pm
📅 Checking since 23/3/2026, 1:20:11 pm

🌉 OWU Bridge — 29/3/2026, 10:46:12 pm
📅 Checking since 23/3/2026, 1:20:11 pm

🌉 OWU Bridge — 29/3/2026, 10:51:12 pm
📅 Checking since 23/3/2026, 1:20:11 pm

🌉 OWU Bridge — 29/3/2026, 10:56:13 pm
📅 Checking since 23/3/2026, 1:20:11 pm

🌉 OWU Bridge — 29/3/2026, 11:01:13 pm
📅 Checking since 23/3/2026, 1:20:11 pm

🌉 OWU Bridge — 29/3/2026, 11:06:13 pm
📅 Checking since 23/3/2026, 1:20:11 pm

🌉 OWU Bridge — 29/3/2026, 11:11:14 pm
📅 Checking since 23/3/2026, 1:20:11 pm

🌉 OWU Bridge — 29/3/2026, 11:16:14 pm
📅 Checking since 23/3/2026, 1:20:11 pm

🌉 OWU Bridge — 29/3/2026, 11:21:14 pm
📅 Checking since 23/3/2026, 1:20:11 pm

🌉 OWU Bridge — 29/3/2026, 11:57:57 pm
📅 Checking since 23/3/2026, 1:20:11 pm

🌉 OWU Bridge — 30/3/2026, 12:02:57 am
📅 Checking since 23/3/2026, 1:20:11 pm

🌉 OWU Bridge — 30/3/2026, 12:12:49 am
📅 Checking since 23/3/2026, 1:20:11 pm

🌉 OWU Bridge — 30/3/2026, 12:17:49 am
📅 Checking since 23/3/2026, 1:20:11 pm

🌉 OWU Bridge — 30/3/2026, 12:24:26 am
📅 Checking since 23/3/2026, 1:20:11 pm

🌉 OWU Bridge — 30/3/2026, 12:29:27 am
📅 Checking since 23/3/2026, 1:20:11 pm

🌉 OWU Bridge — 30/3/2026, 12:34:27 am
📅 Checking since 23/3/2026, 1:20:11 pm

🌉 OWU Bridge — 30/3/2026, 12:40:59 am
📅 Checking since 23/3/2026, 1:20:11 pm

🌉 OWU Bridge — 30/3/2026, 12:46:00 am
📅 Checking since 23/3/2026, 1:20:11 pm

🌉 OWU Bridge — 30/3/2026, 12:55:43 am
📅 Checking since 23/3/2026, 1:20:11 pm

🌉 OWU Bridge — 30/3/2026, 1:00:43 am
📅 Checking since 23/3/2026, 1:20:11 pm

🌉 OWU Bridge — 30/3/2026, 1:17:39 am
📅 Checking since 23/3/2026, 1:20:11 pm

🌉 OWU Bridge — 30/3/2026, 1:22:37 am
📅 Checking since 23/3/2026, 1:20:11 pm

🌉 OWU Bridge — 30/3/2026, 1:27:37 am
📅 Checking since 23/3/2026, 1:20:11 pm

🌉 OWU Bridge — 30/3/2026, 1:32:43 am
📅 Checking since 23/3/2026, 1:20:11 pm

🌉 OWU Bridge — 30/3/2026, 1:37:43 am
📅 Checking since 23/3/2026, 1:20:11 pm

🌉 OWU Bridge — 30/3/2026, 1:42:44 am
📅 Checking since 23/3/2026, 1:20:11 pm

🌉 OWU Bridge — 30/3/2026, 1:47:44 am
📅 Checking since 23/3/2026, 1:20:11 pm

🌉 OWU Bridge — 30/3/2026, 1:52:44 am
📅 Checking since 23/3/2026, 1:20:11 pm

🌉 OWU Bridge — 30/3/2026, 1:57:44 am
📅 Checking since 23/3/2026, 1:20:11 pm

🌉 OWU Bridge — 30/3/2026, 2:02:45 am
📅 Checking since 23/3/2026, 1:20:11 pm

🌉 OWU Bridge — 30/3/2026, 2:07:45 am
📅 Checking since 23/3/2026, 1:20:11 pm

🌉 OWU Bridge — 30/3/2026, 2:12:45 am
📅 Checking since 23/3/2026, 1:20:11 pm

🌉 OWU Bridge — 30/3/2026, 2:17:46 am
📅 Checking since 23/3/2026, 1:20:11 pm

🌉 OWU Bridge — 30/3/2026, 2:22:46 am
📅 Checking since 23/3/2026, 1:20:11 pm

🌉 OWU Bridge — 30/3/2026, 2:27:46 am
📅 Checking since 23/3/2026, 1:20:11 pm

🌉 OWU Bridge — 30/3/2026, 2:32:47 am
📅 Checking since 23/3/2026, 1:20:11 pm

🌉 OWU Bridge — 30/3/2026, 2:37:47 am
📅 Checking since 23/3/2026, 1:20:11 pm

🌉 OWU Bridge — 30/3/2026, 2:42:47 am
📅 Checking since 23/3/2026, 1:20:11 pm

🌉 OWU Bridge — 30/3/2026, 2:47:48 am
📅 Checking since 23/3/2026, 1:20:11 pm

🌉 OWU Bridge — 30/3/2026, 2:52:48 am
📅 Checking since 23/3/2026, 1:20:11 pm

🌉 OWU Bridge — 30/3/2026, 2:57:51 am
📅 Checking since 23/3/2026, 1:20:11 pm

🌉 OWU Bridge — 30/3/2026, 3:02:51 am
📅 Checking since 23/3/2026, 1:20:11 pm

🌉 OWU Bridge — 30/3/2026, 3:07:51 am
📅 Checking since 23/3/2026, 1:20:11 pm

🌉 OWU Bridge — 30/3/2026, 3:12:51 am
📅 Checking since 23/3/2026, 1:20:11 pm

🌉 OWU Bridge — 30/3/2026, 3:17:52 am
📅 Checking since 23/3/2026, 1:20:11 pm

🌉 OWU Bridge — 30/3/2026, 3:22:52 am
📅 Checking since 23/3/2026, 1:20:11 pm

🌉 OWU Bridge — 30/3/2026, 3:27:52 am
📅 Checking since 23/3/2026, 1:20:11 pm

🌉 OWU Bridge — 30/3/2026, 3:32:53 am
📅 Checking since 23/3/2026, 1:20:11 pm

🌉 OWU Bridge — 30/3/2026, 3:37:53 am
📅 Checking since 23/3/2026, 1:20:11 pm

🌉 OWU Bridge — 30/3/2026, 3:42:54 am
📅 Checking since 23/3/2026, 1:20:11 pm

🌉 OWU Bridge — 30/3/2026, 3:47:54 am
📅 Checking since 23/3/2026, 1:20:11 pm

🌉 OWU Bridge — 30/3/2026, 3:52:54 am
📅 Checking since 23/3/2026, 1:20:11 pm

🌉 OWU Bridge — 30/3/2026, 3:57:54 am
📅 Checking since 23/3/2026, 1:20:11 pm

🌉 OWU Bridge — 30/3/2026, 4:02:55 am
📅 Checking since 23/3/2026, 1:20:11 pm

🌉 OWU Bridge — 30/3/2026, 4:07:55 am
📅 Checking since 23/3/2026, 1:20:11 pm

🌉 OWU Bridge — 30/3/2026, 4:12:55 am
📅 Checking since 23/3/2026, 1:20:11 pm

🌉 OWU Bridge — 30/3/2026, 4:33:48 am
📅 Checking since 23/3/2026, 1:20:11 pm

🌉 OWU Bridge — 30/3/2026, 4:54:28 am
📅 Checking since 23/3/2026, 1:20:11 pm

🌉 OWU Bridge — 30/3/2026, 6:14:14 am
📅 Checking since 23/3/2026, 1:20:11 pm

🌉 OWU Bridge — 30/3/2026, 6:34:37 am
📅 Checking since 23/3/2026, 1:20:11 pm

🌉 OWU Bridge — 30/3/2026, 8:04:33 am
📅 Checking since 23/3/2026, 1:20:11 pm

🌉 OWU Bridge — 30/3/2026, 8:22:08 am
📅 Checking since 23/3/2026, 1:20:11 pm

🌉 OWU Bridge — 30/3/2026, 8:27:08 am
📅 Checking since 23/3/2026, 1:20:11 pm

🌉 OWU Bridge — 30/3/2026, 9:18:09 am
📅 Checking since 23/3/2026, 1:20:11 pm

🌉 OWU Bridge — 30/3/2026, 11:13:58 am
📅 Checking since 23/3/2026, 1:20:11 pm

🌉 OWU Bridge — 30/3/2026, 11:56:48 am
📅 Checking since 23/3/2026, 1:20:11 pm

🌉 OWU Bridge — 30/3/2026, 12:01:48 pm
📅 Checking since 23/3/2026, 1:20:11 pm

🌉 OWU Bridge — 30/3/2026, 12:06:48 pm
📅 Checking since 23/3/2026, 1:20:11 pm

🌉 OWU Bridge — 30/3/2026, 1:49:05 pm
📅 Checking since 23/3/2026, 1:20:11 pm

🌉 OWU Bridge — 30/3/2026, 1:58:32 pm
📅 Checking since 23/3/2026, 1:20:11 pm

🌉 OWU Bridge — 30/3/2026, 2:03:33 pm
📅 Checking since 23/3/2026, 1:20:11 pm

🌉 OWU Bridge — 30/3/2026, 2:08:33 pm
📅 Checking since 23/3/2026, 1:20:11 pm

🌉 OWU Bridge — 30/3/2026, 2:15:19 pm
📅 Checking since 23/3/2026, 1:20:11 pm

🌉 OWU Bridge — 30/3/2026, 2:20:19 pm
📅 Checking since 23/3/2026, 1:20:11 pm

🌉 OWU Bridge — 30/3/2026, 2:25:20 pm
📅 Checking since 23/3/2026, 1:20:11 pm

🌉 OWU Bridge — 30/3/2026, 2:30:20 pm
📅 Checking since 23/3/2026, 1:20:11 pm

🌉 OWU Bridge — 30/3/2026, 2:35:20 pm
📅 Checking since 23/3/2026, 1:20:11 pm

🌉 OWU Bridge — 30/3/2026, 2:40:20 pm
📅 Checking since 23/3/2026, 1:20:11 pm

🌉 OWU Bridge — 30/3/2026, 2:45:21 pm
📅 Checking since 23/3/2026, 1:20:11 pm

🌉 OWU Bridge — 30/3/2026, 2:50:21 pm
📅 Checking since 23/3/2026, 1:20:11 pm

🌉 OWU Bridge — 30/3/2026, 2:55:21 pm
📅 Checking since 23/3/2026, 1:20:11 pm

🌉 OWU Bridge — 30/3/2026, 3:00:22 pm
📅 Checking since 23/3/2026, 1:20:11 pm

🌉 OWU Bridge — 30/3/2026, 3:05:22 pm
📅 Checking since 23/3/2026, 1:20:11 pm

🌉 OWU Bridge — 30/3/2026, 3:10:22 pm
📅 Checking since 23/3/2026, 1:20:11 pm

🌉 OWU Bridge — 30/3/2026, 3:15:23 pm
📅 Checking since 23/3/2026, 1:20:11 pm

🌉 OWU Bridge — 30/3/2026, 3:20:23 pm
📅 Checking since 23/3/2026, 1:20:11 pm

🌉 OWU Bridge — 30/3/2026, 3:25:23 pm
📅 Checking since 23/3/2026, 1:20:11 pm

🌉 OWU Bridge — 30/3/2026, 3:30:23 pm
📅 Checking since 23/3/2026, 1:20:11 pm

🌉 OWU Bridge — 30/3/2026, 3:35:24 pm
📅 Checking since 23/3/2026, 1:20:11 pm

🌉 OWU Bridge — 30/3/2026, 3:40:24 pm
📅 Checking since 23/3/2026, 1:20:11 pm

🌉 OWU Bridge — 30/3/2026, 3:45:24 pm
📅 Checking since 23/3/2026, 1:20:11 pm

🌉 OWU Bridge — 30/3/2026, 3:50:25 pm
📅 Checking since 23/3/2026, 1:20:11 pm

🌉 OWU Bridge — 30/3/2026, 3:55:25 pm
📅 Checking since 23/3/2026, 1:20:11 pm

🌉 OWU Bridge — 30/3/2026, 4:00:25 pm
📅 Checking since 23/3/2026, 1:20:11 pm

🌉 OWU Bridge — 30/3/2026, 4:05:26 pm
📅 Checking since 23/3/2026, 1:20:11 pm

🌉 OWU Bridge — 30/3/2026, 4:10:26 pm
📅 Checking since 23/3/2026, 1:20:11 pm

🌉 OWU Bridge — 30/3/2026, 4:36:36 pm
📅 Checking since 23/3/2026, 1:20:11 pm

🌉 OWU Bridge — 30/3/2026, 4:41:36 pm
📅 Checking since 23/3/2026, 1:20:11 pm

🌉 OWU Bridge — 30/3/2026, 4:46:37 pm
📅 Checking since 23/3/2026, 1:20:11 pm

🌉 OWU Bridge — 30/3/2026, 4:51:37 pm
📅 Checking since 23/3/2026, 1:20:11 pm

🌉 OWU Bridge — 30/3/2026, 4:56:37 pm
📅 Checking since 23/3/2026, 1:20:11 pm

🌉 OWU Bridge — 30/3/2026, 5:01:38 pm
📅 Checking since 23/3/2026, 1:20:11 pm

🌉 OWU Bridge — 30/3/2026, 5:37:02 pm
📅 Checking since 23/3/2026, 1:20:11 pm

🌉 OWU Bridge — 30/3/2026, 7:19:31 pm
📅 Checking since 23/3/2026, 1:20:11 pm

🌉 OWU Bridge — 30/3/2026, 8:41:24 pm
📅 Checking since 23/3/2026, 1:20:11 pm

🌉 OWU Bridge — 30/3/2026, 8:46:24 pm
📅 Checking since 23/3/2026, 1:20:11 pm

🌉 OWU Bridge — 30/3/2026, 8:51:25 pm
📅 Checking since 23/3/2026, 1:20:11 pm

🌉 OWU Bridge — 30/3/2026, 8:56:25 pm
📅 Checking since 23/3/2026, 1:20:11 pm

🌉 OWU Bridge — 30/3/2026, 9:01:25 pm
📅 Checking since 23/3/2026, 1:20:11 pm

🌉 OWU Bridge — 30/3/2026, 9:06:25 pm
📅 Checking since 23/3/2026, 1:20:11 pm

🌉 OWU Bridge — 30/3/2026, 9:11:26 pm
📅 Checking since 23/3/2026, 1:20:11 pm

🌉 OWU Bridge — 30/3/2026, 9:16:26 pm
📅 Checking since 23/3/2026, 1:20:11 pm

🌉 OWU Bridge — 30/3/2026, 9:21:26 pm
📅 Checking since 23/3/2026, 1:20:11 pm

🌉 OWU Bridge — 30/3/2026, 9:26:34 pm
📅 Checking since 23/3/2026, 1:20:11 pm

🌉 OWU Bridge — 30/3/2026, 9:31:35 pm
📅 Checking since 23/3/2026, 1:20:11 pm

🌉 OWU Bridge — 30/3/2026, 9:36:35 pm
📅 Checking since 23/3/2026, 1:20:11 pm

🌉 OWU Bridge — 30/3/2026, 9:41:35 pm
📅 Checking since 23/3/2026, 1:20:11 pm

🌉 OWU Bridge — 30/3/2026, 9:46:36 pm
📅 Checking since 23/3/2026, 1:20:11 pm

🌉 OWU Bridge — 30/3/2026, 9:51:36 pm
📅 Checking since 23/3/2026, 1:20:11 pm

🌉 OWU Bridge — 30/3/2026, 9:56:36 pm
📅 Checking since 23/3/2026, 1:20:11 pm

🌉 OWU Bridge — 30/3/2026, 10:01:37 pm
📅 Checking since 23/3/2026, 1:20:11 pm

🌉 OWU Bridge — 30/3/2026, 10:06:37 pm
📅 Checking since 23/3/2026, 1:20:11 pm

🌉 OWU Bridge — 30/3/2026, 10:26:26 pm
📅 Checking since 23/3/2026, 1:20:11 pm

🌉 OWU Bridge — 30/3/2026, 10:31:26 pm
📅 Checking since 23/3/2026, 1:20:11 pm

🌉 OWU Bridge — 30/3/2026, 10:36:27 pm
📅 Checking since 23/3/2026, 1:20:11 pm

🌉 OWU Bridge — 30/3/2026, 10:41:27 pm
📅 Checking since 23/3/2026, 1:20:11 pm

🌉 OWU Bridge — 30/3/2026, 10:46:27 pm
📅 Checking since 23/3/2026, 1:20:11 pm

🌉 OWU Bridge — 30/3/2026, 10:51:28 pm
📅 Checking since 23/3/2026, 1:20:11 pm

🌉 OWU Bridge — 30/3/2026, 10:56:28 pm
📅 Checking since 23/3/2026, 1:20:11 pm

🌉 OWU Bridge — 30/3/2026, 11:01:28 pm
📅 Checking since 23/3/2026, 1:20:11 pm

🌉 OWU Bridge — 30/3/2026, 11:06:28 pm
📅 Checking since 23/3/2026, 1:20:11 pm

🌉 OWU Bridge — 30/3/2026, 11:11:29 pm
📅 Checking since 23/3/2026, 1:20:11 pm

🌉 OWU Bridge — 30/3/2026, 11:16:29 pm
📅 Checking since 23/3/2026, 1:20:11 pm

🌉 OWU Bridge — 30/3/2026, 11:21:29 pm
📅 Checking since 23/3/2026, 1:20:11 pm

🌉 OWU Bridge — 30/3/2026, 11:26:30 pm
📅 Checking since 23/3/2026, 1:20:11 pm

🌉 OWU Bridge — 30/3/2026, 11:31:30 pm
📅 Checking since 23/3/2026, 1:20:11 pm

🌉 OWU Bridge — 30/3/2026, 11:36:30 pm
📅 Checking since 23/3/2026, 1:20:11 pm

🌉 OWU Bridge — 31/3/2026, 12:12:05 am
📅 Checking since 23/3/2026, 1:20:11 pm

🌉 OWU Bridge — 31/3/2026, 1:51:15 am
📅 Checking since 23/3/2026, 1:20:11 pm

🌉 OWU Bridge — 31/3/2026, 2:01:54 am
📅 Checking since 23/3/2026, 1:20:11 pm

🌉 OWU Bridge — 31/3/2026, 2:06:55 am
📅 Checking since 23/3/2026, 1:20:11 pm

🌉 OWU Bridge — 31/3/2026, 2:11:55 am
📅 Checking since 23/3/2026, 1:20:11 pm

🌉 OWU Bridge — 31/3/2026, 2:16:55 am
📅 Checking since 23/3/2026, 1:20:11 pm

🌉 OWU Bridge — 31/3/2026, 2:21:56 am
📅 Checking since 23/3/2026, 1:20:11 pm

🌉 OWU Bridge — 31/3/2026, 2:26:56 am
📅 Checking since 23/3/2026, 1:20:11 pm

🌉 OWU Bridge — 31/3/2026, 2:31:56 am
📅 Checking since 23/3/2026, 1:20:11 pm

🌉 OWU Bridge — 31/3/2026, 2:36:57 am
📅 Checking since 23/3/2026, 1:20:11 pm

🌉 OWU Bridge — 31/3/2026, 2:41:57 am
📅 Checking since 23/3/2026, 1:20:11 pm

🌉 OWU Bridge — 31/3/2026, 2:46:57 am
📅 Checking since 23/3/2026, 1:20:11 pm

🌉 OWU Bridge — 31/3/2026, 2:51:58 am
📅 Checking since 23/3/2026, 1:20:11 pm

🌉 OWU Bridge — 31/3/2026, 2:56:58 am
📅 Checking since 23/3/2026, 1:20:11 pm

🌉 OWU Bridge — 31/3/2026, 3:01:58 am
📅 Checking since 23/3/2026, 1:20:11 pm

🌉 OWU Bridge — 31/3/2026, 3:06:59 am
📅 Checking since 23/3/2026, 1:20:11 pm

🌉 OWU Bridge — 31/3/2026, 3:11:59 am
📅 Checking since 23/3/2026, 1:20:11 pm

🌉 OWU Bridge — 31/3/2026, 3:16:59 am
📅 Checking since 23/3/2026, 1:20:11 pm

🌉 OWU Bridge — 31/3/2026, 3:22:00 am
📅 Checking since 23/3/2026, 1:20:11 pm

🌉 OWU Bridge — 31/3/2026, 3:27:00 am
📅 Checking since 23/3/2026, 1:20:11 pm

🌉 OWU Bridge — 31/3/2026, 3:33:07 am
📅 Checking since 23/3/2026, 1:20:11 pm

🌉 OWU Bridge — 31/3/2026, 3:38:07 am
📅 Checking since 23/3/2026, 1:20:11 pm

🌉 OWU Bridge — 31/3/2026, 3:47:59 am
📅 Checking since 23/3/2026, 1:20:11 pm

🌉 OWU Bridge — 31/3/2026, 3:53:00 am
📅 Checking since 23/3/2026, 1:20:11 pm

🌉 OWU Bridge — 31/3/2026, 3:58:00 am
📅 Checking since 23/3/2026, 1:20:11 pm

🌉 OWU Bridge — 31/3/2026, 4:05:09 am
📅 Checking since 23/3/2026, 1:20:11 pm

🌉 OWU Bridge — 31/3/2026, 4:10:09 am
📅 Checking since 23/3/2026, 1:20:11 pm

🌉 OWU Bridge — 31/3/2026, 5:53:38 am
📅 Checking since 23/3/2026, 1:20:11 pm

🌉 OWU Bridge — 31/3/2026, 7:42:09 am
📅 Checking since 23/3/2026, 1:20:11 pm

🌉 OWU Bridge — 31/3/2026, 9:09:40 am
📅 Checking since 23/3/2026, 1:20:11 pm

🌉 OWU Bridge — 31/3/2026, 10:44:38 am
📅 Checking since 23/3/2026, 1:20:11 pm

🌉 OWU Bridge — 31/3/2026, 11:15:23 am
📅 Checking since 23/3/2026, 1:20:11 pm

🌉 OWU Bridge — 31/3/2026, 11:20:23 am
📅 Checking since 23/3/2026, 1:20:11 pm

🌉 OWU Bridge — 31/3/2026, 11:25:24 am
📅 Checking since 23/3/2026, 1:20:11 pm

🌉 OWU Bridge — 31/3/2026, 11:30:24 am
📅 Checking since 23/3/2026, 1:20:11 pm

🌉 OWU Bridge — 31/3/2026, 11:35:53 am
📅 Checking since 23/3/2026, 1:20:11 pm

🌉 OWU Bridge — 31/3/2026, 11:40:57 am
📅 Checking since 23/3/2026, 1:20:11 pm

🌉 OWU Bridge — 31/3/2026, 11:45:57 am
📅 Checking since 23/3/2026, 1:20:11 pm

🌉 OWU Bridge — 31/3/2026, 11:50:58 am
📅 Checking since 23/3/2026, 1:20:11 pm

🌉 OWU Bridge — 31/3/2026, 1:32:29 pm
📅 Checking since 23/3/2026, 1:20:11 pm

🌉 OWU Bridge — 31/3/2026, 2:05:01 pm
📅 Checking since 23/3/2026, 1:20:11 pm

🌉 OWU Bridge — 31/3/2026, 2:10:01 pm
📅 Checking since 23/3/2026, 1:20:11 pm

🌉 OWU Bridge — 31/3/2026, 2:15:01 pm
📅 Checking since 23/3/2026, 1:20:11 pm

🌉 OWU Bridge — 31/3/2026, 3:55:03 pm
📅 Checking since 23/3/2026, 1:20:11 pm

🌉 OWU Bridge — 31/3/2026, 4:38:24 pm
📅 Checking since 23/3/2026, 1:20:11 pm

🌉 OWU Bridge — 31/3/2026, 4:43:24 pm
📅 Checking since 23/3/2026, 1:20:11 pm

🌉 OWU Bridge — 31/3/2026, 4:48:24 pm
📅 Checking since 23/3/2026, 1:20:11 pm

🌉 OWU Bridge — 31/3/2026, 5:40:21 pm
📅 Checking since 23/3/2026, 1:20:11 pm

🌉 OWU Bridge — 31/3/2026, 6:48:09 pm
📅 Checking since 23/3/2026, 1:20:11 pm

🌉 OWU Bridge — 31/3/2026, 6:53:09 pm
📅 Checking since 23/3/2026, 1:20:11 pm

🌉 OWU Bridge — 31/3/2026, 6:58:10 pm
📅 Checking since 23/3/2026, 1:20:11 pm

🌉 OWU Bridge — 31/3/2026, 7:03:10 pm
📅 Checking since 23/3/2026, 1:20:11 pm

🌉 OWU Bridge — 31/3/2026, 7:08:11 pm
📅 Checking since 23/3/2026, 1:20:11 pm

🌉 OWU Bridge — 31/3/2026, 7:13:11 pm
📅 Checking since 23/3/2026, 1:20:11 pm

🌉 OWU Bridge — 31/3/2026, 7:18:11 pm
📅 Checking since 23/3/2026, 1:20:11 pm

🌉 OWU Bridge — 31/3/2026, 7:23:12 pm
📅 Checking since 23/3/2026, 1:20:11 pm

🌉 OWU Bridge — 31/3/2026, 7:28:12 pm
📅 Checking since 23/3/2026, 1:20:11 pm

🌉 OWU Bridge — 31/3/2026, 7:33:12 pm
📅 Checking since 23/3/2026, 1:20:11 pm

🌉 OWU Bridge — 31/3/2026, 7:38:12 pm
📅 Checking since 23/3/2026, 1:20:11 pm

🌉 OWU Bridge — 31/3/2026, 7:43:13 pm
📅 Checking since 23/3/2026, 1:20:11 pm

🌉 OWU Bridge — 31/3/2026, 7:48:13 pm
📅 Checking since 23/3/2026, 1:20:11 pm

🌉 OWU Bridge — 31/3/2026, 7:53:13 pm
📅 Checking since 23/3/2026, 1:20:11 pm

🌉 OWU Bridge — 31/3/2026, 7:58:14 pm
📅 Checking since 23/3/2026, 1:20:11 pm

🌉 OWU Bridge — 31/3/2026, 8:03:14 pm
📅 Checking since 23/3/2026, 1:20:11 pm

🌉 OWU Bridge — 31/3/2026, 8:08:14 pm
📅 Checking since 23/3/2026, 1:20:11 pm

🌉 OWU Bridge — 31/3/2026, 8:13:15 pm
📅 Checking since 23/3/2026, 1:20:11 pm

🌉 OWU Bridge — 31/3/2026, 8:18:15 pm
📅 Checking since 23/3/2026, 1:20:11 pm

🌉 OWU Bridge — 31/3/2026, 8:23:15 pm
📅 Checking since 23/3/2026, 1:20:11 pm

🌉 OWU Bridge — 31/3/2026, 8:28:16 pm
📅 Checking since 23/3/2026, 1:20:11 pm

🌉 OWU Bridge — 31/3/2026, 8:33:16 pm
📅 Checking since 23/3/2026, 1:20:11 pm

🌉 OWU Bridge — 31/3/2026, 8:38:16 pm
📅 Checking since 23/3/2026, 1:20:11 pm

🌉 OWU Bridge — 31/3/2026, 8:43:16 pm
📅 Checking since 23/3/2026, 1:20:11 pm

🌉 OWU Bridge — 31/3/2026, 8:48:17 pm
📅 Checking since 23/3/2026, 1:20:11 pm

🌉 OWU Bridge — 31/3/2026, 8:53:17 pm
📅 Checking since 23/3/2026, 1:20:11 pm

🌉 OWU Bridge — 31/3/2026, 8:58:17 pm
📅 Checking since 23/3/2026, 1:20:11 pm

🌉 OWU Bridge — 31/3/2026, 9:03:18 pm
📅 Checking since 23/3/2026, 1:20:11 pm

🌉 OWU Bridge — 31/3/2026, 9:08:18 pm
📅 Checking since 23/3/2026, 1:20:11 pm

🌉 OWU Bridge — 31/3/2026, 9:13:18 pm
📅 Checking since 23/3/2026, 1:20:11 pm

🌉 OWU Bridge — 31/3/2026, 9:18:18 pm
📅 Checking since 23/3/2026, 1:20:11 pm

🌉 OWU Bridge — 31/3/2026, 9:23:19 pm
📅 Checking since 23/3/2026, 1:20:11 pm

🌉 OWU Bridge — 31/3/2026, 9:28:19 pm
📅 Checking since 23/3/2026, 1:20:11 pm

🌉 OWU Bridge — 31/3/2026, 9:33:19 pm
📅 Checking since 23/3/2026, 1:20:11 pm

🌉 OWU Bridge — 31/3/2026, 9:38:20 pm
📅 Checking since 23/3/2026, 1:20:11 pm

🌉 OWU Bridge — 31/3/2026, 9:43:20 pm
📅 Checking since 23/3/2026, 1:20:11 pm

🌉 OWU Bridge — 31/3/2026, 9:48:20 pm
📅 Checking since 23/3/2026, 1:20:11 pm

🌉 OWU Bridge — 31/3/2026, 9:53:21 pm
📅 Checking since 23/3/2026, 1:20:11 pm

🌉 OWU Bridge — 31/3/2026, 9:58:21 pm
📅 Checking since 23/3/2026, 1:20:11 pm

🌉 OWU Bridge — 31/3/2026, 10:03:21 pm
📅 Checking since 23/3/2026, 1:20:11 pm

🌉 OWU Bridge — 31/3/2026, 10:08:22 pm
📅 Checking since 23/3/2026, 1:20:11 pm

🌉 OWU Bridge — 31/3/2026, 10:13:22 pm
📅 Checking since 23/3/2026, 1:20:11 pm

🌉 OWU Bridge — 31/3/2026, 10:18:22 pm
📅 Checking since 23/3/2026, 1:20:11 pm

🌉 OWU Bridge — 31/3/2026, 10:23:23 pm
📅 Checking since 23/3/2026, 1:20:11 pm

🌉 OWU Bridge — 31/3/2026, 10:28:23 pm
📅 Checking since 23/3/2026, 1:20:11 pm

🌉 OWU Bridge — 31/3/2026, 10:33:23 pm
📅 Checking since 23/3/2026, 1:20:11 pm

🌉 OWU Bridge — 31/3/2026, 11:52:44 pm
📅 Checking since 23/3/2026, 1:20:11 pm

🌉 OWU Bridge — 31/3/2026, 11:57:44 pm
📅 Checking since 23/3/2026, 1:20:11 pm

🌉 OWU Bridge — 1/4/2026, 12:02:45 am
📅 Checking since 23/3/2026, 1:20:11 pm

🌉 OWU Bridge — 1/4/2026, 12:07:45 am
📅 Checking since 23/3/2026, 1:20:11 pm

🌉 OWU Bridge — 1/4/2026, 12:12:45 am
📅 Checking since 23/3/2026, 1:20:11 pm

🌉 OWU Bridge — 1/4/2026, 12:17:45 am
📅 Checking since 23/3/2026, 1:20:11 pm

🌉 OWU Bridge — 1/4/2026, 12:22:46 am
📅 Checking since 23/3/2026, 1:20:11 pm

🌉 OWU Bridge — 1/4/2026, 12:27:46 am
📅 Checking since 23/3/2026, 1:20:11 pm

🌉 OWU Bridge — 1/4/2026, 12:32:46 am
📅 Checking since 23/3/2026, 1:20:11 pm

🌉 OWU Bridge — 1/4/2026, 12:37:46 am
📅 Checking since 23/3/2026, 1:20:11 pm

🌉 OWU Bridge — 1/4/2026, 12:42:47 am
📅 Checking since 23/3/2026, 1:20:11 pm

🌉 OWU Bridge — 1/4/2026, 12:47:47 am
📅 Checking since 23/3/2026, 1:20:11 pm

🌉 OWU Bridge — 1/4/2026, 12:52:47 am
📅 Checking since 23/3/2026, 1:20:11 pm

🌉 OWU Bridge — 1/4/2026, 12:57:48 am
📅 Checking since 23/3/2026, 1:20:11 pm

🌉 OWU Bridge — 1/4/2026, 1:02:48 am
📅 Checking since 23/3/2026, 1:20:11 pm

🌉 OWU Bridge — 1/4/2026, 1:07:48 am
📅 Checking since 23/3/2026, 1:20:11 pm

🌉 OWU Bridge — 1/4/2026, 1:12:49 am
📅 Checking since 23/3/2026, 1:20:11 pm

🌉 OWU Bridge — 1/4/2026, 1:17:49 am
📅 Checking since 23/3/2026, 1:20:11 pm

🌉 OWU Bridge — 1/4/2026, 1:22:49 am
📅 Checking since 23/3/2026, 1:20:11 pm

🌉 OWU Bridge — 1/4/2026, 1:27:50 am
📅 Checking since 23/3/2026, 1:20:11 pm

🌉 OWU Bridge — 1/4/2026, 1:32:50 am
📅 Checking since 23/3/2026, 1:20:11 pm

🌉 OWU Bridge — 1/4/2026, 1:37:50 am
📅 Checking since 23/3/2026, 1:20:11 pm

🌉 OWU Bridge — 1/4/2026, 1:42:50 am
📅 Checking since 23/3/2026, 1:20:11 pm

🌉 OWU Bridge — 1/4/2026, 1:47:51 am
📅 Checking since 23/3/2026, 1:20:11 pm

🌉 OWU Bridge — 1/4/2026, 1:52:51 am
📅 Checking since 23/3/2026, 1:20:11 pm

🌉 OWU Bridge — 1/4/2026, 1:57:51 am
📅 Checking since 23/3/2026, 1:20:11 pm

🌉 OWU Bridge — 1/4/2026, 2:02:52 am
📅 Checking since 23/3/2026, 1:20:11 pm

🌉 OWU Bridge — 1/4/2026, 2:07:52 am
📅 Checking since 23/3/2026, 1:20:11 pm

🌉 OWU Bridge — 1/4/2026, 2:12:52 am
📅 Checking since 23/3/2026, 1:20:11 pm

🌉 OWU Bridge — 1/4/2026, 2:17:53 am
📅 Checking since 23/3/2026, 1:20:11 pm

🌉 OWU Bridge — 1/4/2026, 2:22:53 am
📅 Checking since 23/3/2026, 1:20:11 pm

🌉 OWU Bridge — 1/4/2026, 2:27:53 am
📅 Checking since 23/3/2026, 1:20:11 pm

🌉 OWU Bridge — 1/4/2026, 2:32:54 am
📅 Checking since 23/3/2026, 1:20:11 pm

🌉 OWU Bridge — 1/4/2026, 2:37:54 am
📅 Checking since 23/3/2026, 1:20:11 pm

🌉 OWU Bridge — 1/4/2026, 2:42:54 am
📅 Checking since 23/3/2026, 1:20:11 pm

🌉 OWU Bridge — 1/4/2026, 2:47:55 am
📅 Checking since 23/3/2026, 1:20:11 pm

🌉 OWU Bridge — 1/4/2026, 2:52:55 am
📅 Checking since 23/3/2026, 1:20:11 pm

🌉 OWU Bridge — 1/4/2026, 2:57:55 am
📅 Checking since 23/3/2026, 1:20:11 pm

🌉 OWU Bridge — 1/4/2026, 3:02:56 am
📅 Checking since 23/3/2026, 1:20:11 pm

🌉 OWU Bridge — 1/4/2026, 3:07:56 am
📅 Checking since 23/3/2026, 1:20:11 pm

🌉 OWU Bridge — 1/4/2026, 3:12:56 am
📅 Checking since 23/3/2026, 1:20:11 pm

🌉 OWU Bridge — 1/4/2026, 3:17:57 am
📅 Checking since 23/3/2026, 1:20:11 pm

🌉 OWU Bridge — 1/4/2026, 3:22:57 am
📅 Checking since 23/3/2026, 1:20:11 pm

🌉 OWU Bridge — 1/4/2026, 3:27:57 am
📅 Checking since 23/3/2026, 1:20:11 pm

🌉 OWU Bridge — 1/4/2026, 3:32:58 am
📅 Checking since 23/3/2026, 1:20:11 pm

🌉 OWU Bridge — 1/4/2026, 3:37:58 am
📅 Checking since 23/3/2026, 1:20:11 pm

🌉 OWU Bridge — 1/4/2026, 3:42:58 am
📅 Checking since 23/3/2026, 1:20:11 pm

🌉 OWU Bridge — 1/4/2026, 3:47:59 am
📅 Checking since 23/3/2026, 1:20:11 pm

🌉 OWU Bridge — 1/4/2026, 4:25:26 am
📅 Checking since 23/3/2026, 1:20:11 pm

🌉 OWU Bridge — 1/4/2026, 6:03:17 am
📅 Checking since 23/3/2026, 1:20:11 pm

🌉 OWU Bridge — 1/4/2026, 7:38:37 am
📅 Checking since 23/3/2026, 1:20:11 pm

🌉 OWU Bridge — 1/4/2026, 9:21:35 am
📅 Checking since 23/3/2026, 1:20:11 pm

🌉 OWU Bridge — 1/4/2026, 10:51:35 am
📅 Checking since 23/3/2026, 1:20:11 pm

🌉 OWU Bridge — 1/4/2026, 11:07:34 am
📅 Checking since 23/3/2026, 1:20:11 pm

🌉 OWU Bridge — 1/4/2026, 11:12:34 am
📅 Checking since 23/3/2026, 1:20:11 pm

🌉 OWU Bridge — 1/4/2026, 11:19:57 am
📅 Checking since 23/3/2026, 1:20:11 pm

🌉 OWU Bridge — 1/4/2026, 11:24:57 am
📅 Checking since 23/3/2026, 1:20:11 pm

🌉 OWU Bridge — 1/4/2026, 11:29:58 am
📅 Checking since 23/3/2026, 1:20:11 pm

🌉 OWU Bridge — 1/4/2026, 12:30:06 pm
📅 Checking since 23/3/2026, 1:20:11 pm

🌉 OWU Bridge — 1/4/2026, 12:53:45 pm
📅 Checking since 23/3/2026, 1:20:11 pm

🌉 OWU Bridge — 1/4/2026, 12:58:45 pm
📅 Checking since 23/3/2026, 1:20:11 pm

🌉 OWU Bridge — 1/4/2026, 1:03:45 pm
📅 Checking since 23/3/2026, 1:20:11 pm

🌉 OWU Bridge — 1/4/2026, 1:08:45 pm
📅 Checking since 23/3/2026, 1:20:11 pm

🌉 OWU Bridge — 1/4/2026, 1:13:46 pm
📅 Checking since 23/3/2026, 1:20:11 pm

🌉 OWU Bridge — 1/4/2026, 1:18:46 pm
📅 Checking since 23/3/2026, 1:20:11 pm

🌉 OWU Bridge — 1/4/2026, 1:23:46 pm
📅 Checking since 23/3/2026, 1:20:11 pm

🌉 OWU Bridge — 1/4/2026, 1:28:47 pm
📅 Checking since 23/3/2026, 1:20:11 pm

🌉 OWU Bridge — 1/4/2026, 1:33:47 pm
📅 Checking since 23/3/2026, 1:20:11 pm

🌉 OWU Bridge — 1/4/2026, 1:38:47 pm
📅 Checking since 23/3/2026, 1:20:11 pm

🌉 OWU Bridge — 1/4/2026, 1:43:47 pm
📅 Checking since 23/3/2026, 1:20:11 pm

🌉 OWU Bridge — 1/4/2026, 1:48:48 pm
📅 Checking since 23/3/2026, 1:20:11 pm

🌉 OWU Bridge — 1/4/2026, 1:53:48 pm
📅 Checking since 23/3/2026, 1:20:11 pm

🌉 OWU Bridge — 1/4/2026, 1:58:48 pm
📅 Checking since 23/3/2026, 1:20:11 pm

🌉 OWU Bridge — 1/4/2026, 2:03:49 pm
📅 Checking since 23/3/2026, 1:20:11 pm

🌉 OWU Bridge — 1/4/2026, 2:08:49 pm
📅 Checking since 23/3/2026, 1:20:11 pm

🌉 OWU Bridge — 1/4/2026, 2:13:49 pm
📅 Checking since 23/3/2026, 1:20:11 pm

🌉 OWU Bridge — 1/4/2026, 2:18:50 pm
📅 Checking since 23/3/2026, 1:20:11 pm

🌉 OWU Bridge — 1/4/2026, 2:23:50 pm
📅 Checking since 23/3/2026, 1:20:11 pm

🌉 OWU Bridge — 1/4/2026, 2:28:50 pm
📅 Checking since 23/3/2026, 1:20:11 pm

🌉 OWU Bridge — 1/4/2026, 2:33:51 pm
📅 Checking since 23/3/2026, 1:20:11 pm

🌉 OWU Bridge — 1/4/2026, 2:38:51 pm
📅 Checking since 23/3/2026, 1:20:11 pm

🌉 OWU Bridge — 1/4/2026, 2:43:51 pm
📅 Checking since 23/3/2026, 1:20:11 pm

🌉 OWU Bridge — 1/4/2026, 2:48:52 pm
📅 Checking since 23/3/2026, 1:20:11 pm

🌉 OWU Bridge — 1/4/2026, 2:53:52 pm
📅 Checking since 23/3/2026, 1:20:11 pm

🌉 OWU Bridge — 1/4/2026, 2:58:52 pm
📅 Checking since 23/3/2026, 1:20:11 pm

🌉 OWU Bridge — 1/4/2026, 3:03:53 pm
📅 Checking since 23/3/2026, 1:20:11 pm

🌉 OWU Bridge — 1/4/2026, 3:15:15 pm
📅 Checking since 23/3/2026, 1:20:11 pm

🌉 OWU Bridge — 1/4/2026, 3:20:15 pm
📅 Checking since 23/3/2026, 1:20:11 pm

🌉 OWU Bridge — 1/4/2026, 3:41:36 pm
📅 Checking since 23/3/2026, 1:20:11 pm

🌉 OWU Bridge — 1/4/2026, 4:22:03 pm
📅 Checking since 23/3/2026, 1:20:11 pm

🌉 OWU Bridge — 1/4/2026, 4:27:03 pm
📅 Checking since 23/3/2026, 1:20:11 pm

🌉 OWU Bridge — 1/4/2026, 4:32:03 pm
📅 Checking since 23/3/2026, 1:20:11 pm

🌉 OWU Bridge — 1/4/2026, 4:37:04 pm
📅 Checking since 23/3/2026, 1:20:11 pm

🌉 OWU Bridge — 1/4/2026, 4:42:04 pm
📅 Checking since 23/3/2026, 1:20:11 pm

🌉 OWU Bridge — 1/4/2026, 4:47:04 pm
📅 Checking since 23/3/2026, 1:20:11 pm

🌉 OWU Bridge — 1/4/2026, 4:52:04 pm
📅 Checking since 23/3/2026, 1:20:11 pm

🌉 OWU Bridge — 1/4/2026, 4:57:05 pm
📅 Checking since 23/3/2026, 1:20:11 pm

🌉 OWU Bridge — 1/4/2026, 5:02:05 pm
📅 Checking since 23/3/2026, 1:20:11 pm

🌉 OWU Bridge — 1/4/2026, 5:07:05 pm
📅 Checking since 23/3/2026, 1:20:11 pm

🌉 OWU Bridge — 1/4/2026, 5:12:06 pm
📅 Checking since 23/3/2026, 1:20:11 pm

🌉 OWU Bridge — 1/4/2026, 5:17:06 pm
📅 Checking since 23/3/2026, 1:20:11 pm

🌉 OWU Bridge — 1/4/2026, 5:22:06 pm
📅 Checking since 23/3/2026, 1:20:11 pm

🌉 OWU Bridge — 1/4/2026, 5:27:07 pm
📅 Checking since 23/3/2026, 1:20:11 pm

🌉 OWU Bridge — 1/4/2026, 5:32:07 pm
📅 Checking since 23/3/2026, 1:20:11 pm

🌉 OWU Bridge — 1/4/2026, 6:42:38 pm
📅 Checking since 23/3/2026, 1:20:11 pm

🌉 OWU Bridge — 1/4/2026, 8:18:59 pm
📅 Checking since 23/3/2026, 1:20:11 pm

🌉 OWU Bridge — 1/4/2026, 9:50:17 pm
📅 Checking since 23/3/2026, 1:20:11 pm

🌉 OWU Bridge — 1/4/2026, 10:17:20 pm
📅 Checking since 23/3/2026, 1:20:11 pm

🌉 OWU Bridge — 1/4/2026, 10:22:20 pm
📅 Checking since 23/3/2026, 1:20:11 pm

🌉 OWU Bridge — 1/4/2026, 10:27:20 pm
📅 Checking since 23/3/2026, 1:20:11 pm

🌉 OWU Bridge — 1/4/2026, 10:32:21 pm
📅 Checking since 23/3/2026, 1:20:11 pm

🌉 OWU Bridge — 1/4/2026, 10:47:28 pm
📅 Checking since 23/3/2026, 1:20:11 pm

🌉 OWU Bridge — 1/4/2026, 10:52:28 pm
📅 Checking since 23/3/2026, 1:20:11 pm

🌉 OWU Bridge — 1/4/2026, 11:20:26 pm
📅 Checking since 23/3/2026, 1:20:11 pm

🌉 OWU Bridge — 1/4/2026, 11:25:27 pm
📅 Checking since 23/3/2026, 1:20:11 pm

🌉 OWU Bridge — 1/4/2026, 11:30:27 pm
📅 Checking since 23/3/2026, 1:20:11 pm

🌉 OWU Bridge — 1/4/2026, 11:35:27 pm
📅 Checking since 23/3/2026, 1:20:11 pm

🌉 OWU Bridge — 1/4/2026, 11:40:28 pm
📅 Checking since 23/3/2026, 1:20:11 pm

🌉 OWU Bridge — 1/4/2026, 11:45:28 pm
📅 Checking since 23/3/2026, 1:20:11 pm

🌉 OWU Bridge — 1/4/2026, 11:50:28 pm
📅 Checking since 23/3/2026, 1:20:11 pm

🌉 OWU Bridge — 1/4/2026, 11:55:29 pm
📅 Checking since 23/3/2026, 1:20:11 pm

🌉 OWU Bridge — 2/4/2026, 12:00:29 am
📅 Checking since 23/3/2026, 1:20:11 pm

🌉 OWU Bridge — 2/4/2026, 12:05:29 am
📅 Checking since 23/3/2026, 1:20:11 pm

🌉 OWU Bridge — 2/4/2026, 12:10:30 am
📅 Checking since 23/3/2026, 1:20:11 pm

🌉 OWU Bridge — 2/4/2026, 12:15:30 am
📅 Checking since 23/3/2026, 1:20:11 pm

🌉 OWU Bridge — 2/4/2026, 12:20:30 am
📅 Checking since 23/3/2026, 1:20:11 pm

🌉 OWU Bridge — 2/4/2026, 12:25:31 am
📅 Checking since 23/3/2026, 1:20:11 pm

🌉 OWU Bridge — 2/4/2026, 12:30:31 am
📅 Checking since 23/3/2026, 1:20:11 pm

🌉 OWU Bridge — 2/4/2026, 12:35:31 am
📅 Checking since 23/3/2026, 1:20:11 pm

🌉 OWU Bridge — 2/4/2026, 12:40:31 am
📅 Checking since 23/3/2026, 1:20:11 pm

🌉 OWU Bridge — 2/4/2026, 12:45:32 am
📅 Checking since 23/3/2026, 1:20:11 pm

🌉 OWU Bridge — 2/4/2026, 12:50:32 am
📅 Checking since 23/3/2026, 1:20:11 pm

🌉 OWU Bridge — 2/4/2026, 12:55:32 am
📅 Checking since 23/3/2026, 1:20:11 pm

🌉 OWU Bridge — 2/4/2026, 1:00:32 am
📅 Checking since 23/3/2026, 1:20:11 pm

🌉 OWU Bridge — 2/4/2026, 1:05:33 am
📅 Checking since 23/3/2026, 1:20:11 pm

🌉 OWU Bridge — 2/4/2026, 1:10:33 am
📅 Checking since 23/3/2026, 1:20:11 pm

🌉 OWU Bridge — 2/4/2026, 1:15:33 am
📅 Checking since 23/3/2026, 1:20:11 pm

🌉 OWU Bridge — 2/4/2026, 1:20:34 am
📅 Checking since 23/3/2026, 1:20:11 pm

🌉 OWU Bridge — 2/4/2026, 1:25:34 am
📅 Checking since 23/3/2026, 1:20:11 pm

🌉 OWU Bridge — 2/4/2026, 1:30:34 am
📅 Checking since 23/3/2026, 1:20:11 pm

🌉 OWU Bridge — 2/4/2026, 1:35:35 am
📅 Checking since 23/3/2026, 1:20:11 pm

🌉 OWU Bridge — 2/4/2026, 1:40:35 am
📅 Checking since 23/3/2026, 1:20:11 pm

🌉 OWU Bridge — 2/4/2026, 1:45:35 am
📅 Checking since 23/3/2026, 1:20:11 pm

🌉 OWU Bridge — 2/4/2026, 1:50:36 am
📅 Checking since 23/3/2026, 1:20:11 pm

🌉 OWU Bridge — 2/4/2026, 1:55:36 am
📅 Checking since 23/3/2026, 1:20:11 pm

🌉 OWU Bridge — 2/4/2026, 2:00:36 am
📅 Checking since 23/3/2026, 1:20:11 pm

🌉 OWU Bridge — 2/4/2026, 2:05:37 am
📅 Checking since 23/3/2026, 1:20:11 pm

🌉 OWU Bridge — 2/4/2026, 2:10:41 am
📅 Checking since 23/3/2026, 1:20:11 pm

🌉 OWU Bridge — 2/4/2026, 2:15:42 am
📅 Checking since 23/3/2026, 1:20:11 pm

🌉 OWU Bridge — 2/4/2026, 2:20:42 am
📅 Checking since 23/3/2026, 1:20:11 pm

🌉 OWU Bridge — 2/4/2026, 2:25:42 am
📅 Checking since 23/3/2026, 1:20:11 pm

🌉 OWU Bridge — 2/4/2026, 2:30:43 am
📅 Checking since 23/3/2026, 1:20:11 pm

🌉 OWU Bridge — 2/4/2026, 2:35:43 am
📅 Checking since 23/3/2026, 1:20:11 pm

🌉 OWU Bridge — 2/4/2026, 2:40:43 am
📅 Checking since 23/3/2026, 1:20:11 pm

🌉 OWU Bridge — 2/4/2026, 2:45:43 am
📅 Checking since 23/3/2026, 1:20:11 pm

🌉 OWU Bridge — 2/4/2026, 2:50:44 am
📅 Checking since 23/3/2026, 1:20:11 pm

🌉 OWU Bridge — 2/4/2026, 2:55:44 am
📅 Checking since 23/3/2026, 1:20:11 pm

🌉 OWU Bridge — 2/4/2026, 3:00:44 am
📅 Checking since 23/3/2026, 1:20:11 pm

🌉 OWU Bridge — 2/4/2026, 3:05:44 am
📅 Checking since 23/3/2026, 1:20:11 pm

🌉 OWU Bridge — 2/4/2026, 3:10:44 am
📅 Checking since 23/3/2026, 1:20:11 pm

🌉 OWU Bridge — 2/4/2026, 3:15:45 am
📅 Checking since 23/3/2026, 1:20:11 pm

🌉 OWU Bridge — 2/4/2026, 3:20:45 am
📅 Checking since 23/3/2026, 1:20:11 pm

🌉 OWU Bridge — 2/4/2026, 3:25:45 am
📅 Checking since 23/3/2026, 1:20:11 pm

🌉 OWU Bridge — 2/4/2026, 3:30:45 am
📅 Checking since 23/3/2026, 1:20:11 pm

🌉 OWU Bridge — 2/4/2026, 3:35:46 am
📅 Checking since 23/3/2026, 1:20:11 pm

🌉 OWU Bridge — 2/4/2026, 3:40:46 am
📅 Checking since 23/3/2026, 1:20:11 pm

🌉 OWU Bridge — 2/4/2026, 3:45:46 am
📅 Checking since 23/3/2026, 1:20:11 pm

🌉 OWU Bridge — 2/4/2026, 3:50:46 am
📅 Checking since 23/3/2026, 1:20:11 pm

🌉 OWU Bridge — 2/4/2026, 3:55:47 am
📅 Checking since 23/3/2026, 1:20:11 pm

🌉 OWU Bridge — 2/4/2026, 4:32:56 am
📅 Checking since 23/3/2026, 1:20:11 pm

🌉 OWU Bridge — 2/4/2026, 5:40:52 am
📅 Checking since 23/3/2026, 1:20:11 pm

🌉 OWU Bridge — 2/4/2026, 7:09:59 am
📅 Checking since 23/3/2026, 1:20:11 pm

🌉 OWU Bridge — 2/4/2026, 8:55:10 am
📅 Checking since 23/3/2026, 1:20:11 pm

🌉 OWU Bridge — 2/4/2026, 9:16:53 am
📅 Checking since 23/3/2026, 1:20:11 pm

🌉 OWU Bridge — 2/4/2026, 9:21:54 am
📅 Checking since 23/3/2026, 1:20:11 pm

🌉 OWU Bridge — 2/4/2026, 9:43:02 am
📅 Checking since 23/3/2026, 1:20:11 pm

🌉 OWU Bridge — 2/4/2026, 10:27:07 am
📅 Checking since 23/3/2026, 1:20:11 pm

🌉 OWU Bridge — 2/4/2026, 10:32:08 am
📅 Checking since 23/3/2026, 1:20:11 pm

🌉 OWU Bridge — 2/4/2026, 10:37:08 am
📅 Checking since 23/3/2026, 1:20:11 pm

🌉 OWU Bridge — 2/4/2026, 10:42:08 am
📅 Checking since 23/3/2026, 1:20:11 pm

🌉 OWU Bridge — 2/4/2026, 10:47:09 am
📅 Checking since 23/3/2026, 1:20:11 pm

🌉 OWU Bridge — 2/4/2026, 10:52:09 am
📅 Checking since 23/3/2026, 1:20:11 pm

🌉 OWU Bridge — 2/4/2026, 10:57:09 am
📅 Checking since 23/3/2026, 1:20:11 pm

🌉 OWU Bridge — 2/4/2026, 11:02:10 am
📅 Checking since 23/3/2026, 1:20:11 pm

🌉 OWU Bridge — 2/4/2026, 11:07:10 am
📅 Checking since 23/3/2026, 1:20:11 pm

🌉 OWU Bridge — 2/4/2026, 11:12:10 am
📅 Checking since 23/3/2026, 1:20:11 pm

🌉 OWU Bridge — 2/4/2026, 11:17:11 am
📅 Checking since 23/3/2026, 1:20:11 pm

🌉 OWU Bridge — 2/4/2026, 12:43:17 pm
📅 Checking since 23/3/2026, 1:20:11 pm

🌉 OWU Bridge — 2/4/2026, 2:16:00 pm
📅 Checking since 23/3/2026, 1:20:11 pm

🌉 OWU Bridge — 2/4/2026, 3:14:09 pm
📅 Checking since 23/3/2026, 1:20:11 pm

🌉 OWU Bridge — 2/4/2026, 3:19:10 pm
📅 Checking since 23/3/2026, 1:20:11 pm

🌉 OWU Bridge — 2/4/2026, 3:56:09 pm
📅 Checking since 23/3/2026, 1:20:11 pm

🌉 OWU Bridge — 2/4/2026, 5:35:33 pm
📅 Checking since 23/3/2026, 1:20:11 pm

🌉 OWU Bridge — 2/4/2026, 6:44:41 pm
📅 Checking since 23/3/2026, 1:20:11 pm

🌉 OWU Bridge — 2/4/2026, 6:49:41 pm
📅 Checking since 23/3/2026, 1:20:11 pm

🌉 OWU Bridge — 2/4/2026, 6:54:41 pm
📅 Checking since 23/3/2026, 1:20:11 pm

🌉 OWU Bridge — 2/4/2026, 6:59:42 pm
📅 Checking since 23/3/2026, 1:20:11 pm

🌉 OWU Bridge — 2/4/2026, 7:04:42 pm
📅 Checking since 23/3/2026, 1:20:11 pm

🌉 OWU Bridge — 2/4/2026, 7:09:42 pm
📅 Checking since 23/3/2026, 1:20:11 pm

🌉 OWU Bridge — 2/4/2026, 7:14:43 pm
📅 Checking since 23/3/2026, 1:20:11 pm

🌉 OWU Bridge — 2/4/2026, 8:14:38 pm
📅 Checking since 23/3/2026, 1:20:11 pm

🌉 OWU Bridge — 2/4/2026, 8:19:39 pm
📅 Checking since 23/3/2026, 1:20:11 pm

🌉 OWU Bridge — 2/4/2026, 8:24:39 pm
📅 Checking since 23/3/2026, 1:20:11 pm

🌉 OWU Bridge — 2/4/2026, 8:29:39 pm
📅 Checking since 23/3/2026, 1:20:11 pm

🌉 OWU Bridge — 2/4/2026, 8:34:40 pm
📅 Checking since 23/3/2026, 1:20:11 pm

🌉 OWU Bridge — 2/4/2026, 8:48:39 pm
📅 Checking since 23/3/2026, 1:20:11 pm

🌉 OWU Bridge — 2/4/2026, 8:53:40 pm
📅 Checking since 23/3/2026, 1:20:11 pm

🌉 OWU Bridge — 2/4/2026, 9:12:02 pm
📅 Checking since 23/3/2026, 1:20:11 pm

🌉 OWU Bridge — 2/4/2026, 9:17:02 pm
📅 Checking since 23/3/2026, 1:20:11 pm

🌉 OWU Bridge — 2/4/2026, 9:22:02 pm
📅 Checking since 23/3/2026, 1:20:11 pm

🌉 OWU Bridge — 2/4/2026, 9:27:03 pm
📅 Checking since 23/3/2026, 1:20:11 pm

🌉 OWU Bridge — 2/4/2026, 9:32:03 pm
📅 Checking since 23/3/2026, 1:20:11 pm

🌉 OWU Bridge — 2/4/2026, 9:37:03 pm
📅 Checking since 23/3/2026, 1:20:11 pm

🌉 OWU Bridge — 2/4/2026, 9:42:03 pm
📅 Checking since 23/3/2026, 1:20:11 pm

🌉 OWU Bridge — 2/4/2026, 9:47:04 pm
📅 Checking since 23/3/2026, 1:20:11 pm

🌉 OWU Bridge — 2/4/2026, 9:52:04 pm
📅 Checking since 23/3/2026, 1:20:11 pm

🌉 OWU Bridge — 2/4/2026, 9:57:04 pm
📅 Checking since 23/3/2026, 1:20:11 pm

🌉 OWU Bridge — 2/4/2026, 10:02:05 pm
📅 Checking since 23/3/2026, 1:20:11 pm

🌉 OWU Bridge — 2/4/2026, 10:07:05 pm
📅 Checking since 23/3/2026, 1:20:11 pm

🌉 OWU Bridge — 2/4/2026, 10:12:05 pm
📅 Checking since 23/3/2026, 1:20:11 pm

🌉 OWU Bridge — 2/4/2026, 10:17:05 pm
📅 Checking since 23/3/2026, 1:20:11 pm

🌉 OWU Bridge — 2/4/2026, 10:22:06 pm
📅 Checking since 23/3/2026, 1:20:11 pm

🌉 OWU Bridge — 2/4/2026, 10:27:06 pm
📅 Checking since 23/3/2026, 1:20:11 pm

🌉 OWU Bridge — 2/4/2026, 10:32:06 pm
📅 Checking since 23/3/2026, 1:20:11 pm

🌉 OWU Bridge — 2/4/2026, 10:37:07 pm
📅 Checking since 23/3/2026, 1:20:11 pm

🌉 OWU Bridge — 2/4/2026, 10:42:07 pm
📅 Checking since 23/3/2026, 1:20:11 pm

🌉 OWU Bridge — 2/4/2026, 10:47:07 pm
📅 Checking since 23/3/2026, 1:20:11 pm

🌉 OWU Bridge — 2/4/2026, 10:52:08 pm
📅 Checking since 23/3/2026, 1:20:11 pm

🌉 OWU Bridge — 2/4/2026, 10:57:08 pm
📅 Checking since 23/3/2026, 1:20:11 pm

🌉 OWU Bridge — 2/4/2026, 11:02:08 pm
📅 Checking since 23/3/2026, 1:20:11 pm

🌉 OWU Bridge — 2/4/2026, 11:07:09 pm
📅 Checking since 23/3/2026, 1:20:11 pm

🌉 OWU Bridge — 2/4/2026, 11:12:09 pm
📅 Checking since 23/3/2026, 1:20:11 pm

🌉 OWU Bridge — 2/4/2026, 11:17:09 pm
📅 Checking since 23/3/2026, 1:20:11 pm

🌉 OWU Bridge — 2/4/2026, 11:22:09 pm
📅 Checking since 23/3/2026, 1:20:11 pm

🌉 OWU Bridge — 2/4/2026, 11:27:10 pm
📅 Checking since 23/3/2026, 1:20:11 pm

🌉 OWU Bridge — 2/4/2026, 11:32:10 pm
📅 Checking since 23/3/2026, 1:20:11 pm

🌉 OWU Bridge — 2/4/2026, 11:37:10 pm
📅 Checking since 23/3/2026, 1:20:11 pm

🌉 OWU Bridge — 2/4/2026, 11:42:11 pm
📅 Checking since 23/3/2026, 1:20:11 pm

🌉 OWU Bridge — 2/4/2026, 11:47:11 pm
📅 Checking since 23/3/2026, 1:20:11 pm

🌉 OWU Bridge — 2/4/2026, 11:52:11 pm
📅 Checking since 23/3/2026, 1:20:11 pm

🌉 OWU Bridge — 2/4/2026, 11:57:12 pm
📅 Checking since 23/3/2026, 1:20:11 pm

🌉 OWU Bridge — 3/4/2026, 12:02:12 am
📅 Checking since 23/3/2026, 1:20:11 pm

🌉 OWU Bridge — 3/4/2026, 12:07:12 am
📅 Checking since 23/3/2026, 1:20:11 pm

🌉 OWU Bridge — 3/4/2026, 12:12:13 am
📅 Checking since 23/3/2026, 1:20:11 pm

🌉 OWU Bridge — 3/4/2026, 12:17:13 am
📅 Checking since 23/3/2026, 1:20:11 pm

🌉 OWU Bridge — 3/4/2026, 12:22:13 am
📅 Checking since 23/3/2026, 1:20:11 pm

🌉 OWU Bridge — 3/4/2026, 12:27:14 am
📅 Checking since 23/3/2026, 1:20:11 pm

🌉 OWU Bridge — 3/4/2026, 12:32:14 am
📅 Checking since 23/3/2026, 1:20:11 pm

🌉 OWU Bridge — 3/4/2026, 12:37:14 am
📅 Checking since 23/3/2026, 1:20:11 pm

🌉 OWU Bridge — 3/4/2026, 12:42:14 am
📅 Checking since 23/3/2026, 1:20:11 pm

🌉 OWU Bridge — 3/4/2026, 12:47:15 am
📅 Checking since 23/3/2026, 1:20:11 pm

🌉 OWU Bridge — 3/4/2026, 12:52:15 am
📅 Checking since 23/3/2026, 1:20:11 pm

🌉 OWU Bridge — 3/4/2026, 12:57:15 am
📅 Checking since 23/3/2026, 1:20:11 pm

🌉 OWU Bridge — 3/4/2026, 1:02:16 am
📅 Checking since 23/3/2026, 1:20:11 pm

🌉 OWU Bridge — 3/4/2026, 1:07:16 am
📅 Checking since 23/3/2026, 1:20:11 pm

🌉 OWU Bridge — 3/4/2026, 1:29:04 am
📅 Checking since 23/3/2026, 1:20:11 pm

🌉 OWU Bridge — 3/4/2026, 1:34:04 am
📅 Checking since 23/3/2026, 1:20:11 pm

🌉 OWU Bridge — 3/4/2026, 1:56:07 am
📅 Checking since 23/3/2026, 1:20:11 pm

🌉 OWU Bridge — 3/4/2026, 3:34:46 am
📅 Checking since 23/3/2026, 1:20:11 pm

🌉 OWU Bridge — 3/4/2026, 4:10:44 am
📅 Checking since 23/3/2026, 1:20:11 pm

🌉 OWU Bridge — 3/4/2026, 4:15:45 am
📅 Checking since 23/3/2026, 1:20:11 pm

🌉 OWU Bridge — 3/4/2026, 4:20:45 am
📅 Checking since 23/3/2026, 1:20:11 pm

🌉 OWU Bridge — 3/4/2026, 4:25:45 am
📅 Checking since 23/3/2026, 1:20:11 pm

🌉 OWU Bridge — 3/4/2026, 4:30:46 am
📅 Checking since 23/3/2026, 1:20:11 pm

🌉 OWU Bridge — 3/4/2026, 4:35:46 am
📅 Checking since 23/3/2026, 1:20:11 pm

🌉 OWU Bridge — 3/4/2026, 4:40:46 am
📅 Checking since 23/3/2026, 1:20:11 pm

🌉 OWU Bridge — 3/4/2026, 4:45:47 am
📅 Checking since 23/3/2026, 1:20:11 pm

🌉 OWU Bridge — 3/4/2026, 4:50:47 am
📅 Checking since 23/3/2026, 1:20:11 pm

🌉 OWU Bridge — 3/4/2026, 4:55:47 am
📅 Checking since 23/3/2026, 1:20:11 pm

🌉 OWU Bridge — 3/4/2026, 5:00:48 am
📅 Checking since 23/3/2026, 1:20:11 pm

🌉 OWU Bridge — 3/4/2026, 5:05:48 am
📅 Checking since 23/3/2026, 1:20:11 pm

🌉 OWU Bridge — 3/4/2026, 5:10:48 am
📅 Checking since 23/3/2026, 1:20:11 pm

🌉 OWU Bridge — 3/4/2026, 5:15:48 am
📅 Checking since 23/3/2026, 1:20:11 pm

🌉 OWU Bridge — 3/4/2026, 5:20:49 am
📅 Checking since 23/3/2026, 1:20:11 pm

🌉 OWU Bridge — 3/4/2026, 5:25:50 am
📅 Checking since 23/3/2026, 1:20:11 pm

🌉 OWU Bridge — 3/4/2026, 5:30:50 am
📅 Checking since 23/3/2026, 1:20:11 pm

🌉 OWU Bridge — 3/4/2026, 5:35:50 am
📅 Checking since 23/3/2026, 1:20:11 pm

🌉 OWU Bridge — 3/4/2026, 5:40:51 am
📅 Checking since 23/3/2026, 1:20:11 pm

🌉 OWU Bridge — 3/4/2026, 5:45:51 am
📅 Checking since 23/3/2026, 1:20:11 pm

🌉 OWU Bridge — 3/4/2026, 5:50:51 am
📅 Checking since 23/3/2026, 1:20:11 pm

🌉 OWU Bridge — 3/4/2026, 5:55:52 am
📅 Checking since 23/3/2026, 1:20:11 pm

🌉 OWU Bridge — 3/4/2026, 6:00:52 am
📅 Checking since 23/3/2026, 1:20:11 pm

🌉 OWU Bridge — 3/4/2026, 6:05:52 am
📅 Checking since 23/3/2026, 1:20:11 pm

🌉 OWU Bridge — 3/4/2026, 6:10:53 am
📅 Checking since 23/3/2026, 1:20:11 pm

🌉 OWU Bridge — 3/4/2026, 6:15:53 am
📅 Checking since 23/3/2026, 1:20:11 pm

🌉 OWU Bridge — 3/4/2026, 6:20:53 am
📅 Checking since 23/3/2026, 1:20:11 pm

🌉 OWU Bridge — 3/4/2026, 6:25:53 am
📅 Checking since 23/3/2026, 1:20:11 pm

🌉 OWU Bridge — 3/4/2026, 6:30:54 am
📅 Checking since 23/3/2026, 1:20:11 pm

🌉 OWU Bridge — 3/4/2026, 7:41:05 am
📅 Checking since 23/3/2026, 1:20:11 pm

🌉 OWU Bridge — 3/4/2026, 9:29:42 am
📅 Checking since 23/3/2026, 1:20:11 pm

🌉 OWU Bridge — 3/4/2026, 11:07:26 am
📅 Checking since 23/3/2026, 1:20:11 pm

🌉 OWU Bridge — 3/4/2026, 12:48:47 pm
📅 Checking since 23/3/2026, 1:20:11 pm

🌉 OWU Bridge — 3/4/2026, 2:23:52 pm
📅 Checking since 23/3/2026, 1:20:11 pm

🌉 OWU Bridge — 3/4/2026, 3:35:57 pm
📅 Checking since 23/3/2026, 1:20:11 pm

🌉 OWU Bridge — 3/4/2026, 3:54:14 pm
📅 Checking since 23/3/2026, 1:20:11 pm

🌉 OWU Bridge — 3/4/2026, 3:59:15 pm
📅 Checking since 23/3/2026, 1:20:11 pm

🌉 OWU Bridge — 3/4/2026, 4:04:15 pm
📅 Checking since 23/3/2026, 1:20:11 pm

🌉 OWU Bridge — 3/4/2026, 4:09:15 pm
📅 Checking since 23/3/2026, 1:20:11 pm

🌉 OWU Bridge — 3/4/2026, 5:23:08 pm
📅 Checking since 23/3/2026, 1:20:11 pm

🌉 OWU Bridge — 3/4/2026, 6:49:02 pm
📅 Checking since 23/3/2026, 1:20:11 pm

🌉 OWU Bridge — 3/4/2026, 6:54:03 pm
📅 Checking since 23/3/2026, 1:20:11 pm

🌉 OWU Bridge — 3/4/2026, 6:59:03 pm
📅 Checking since 23/3/2026, 1:20:11 pm

🌉 OWU Bridge — 3/4/2026, 7:04:03 pm
📅 Checking since 23/3/2026, 1:20:11 pm

🌉 OWU Bridge — 3/4/2026, 7:09:04 pm
📅 Checking since 23/3/2026, 1:20:11 pm

🌉 OWU Bridge — 3/4/2026, 7:14:04 pm
📅 Checking since 23/3/2026, 1:20:11 pm

🌉 OWU Bridge — 3/4/2026, 7:19:04 pm
📅 Checking since 23/3/2026, 1:20:11 pm

🌉 OWU Bridge — 3/4/2026, 7:24:05 pm
📅 Checking since 23/3/2026, 1:20:11 pm

🌉 OWU Bridge — 3/4/2026, 7:29:05 pm
📅 Checking since 23/3/2026, 1:20:11 pm

🌉 OWU Bridge — 3/4/2026, 7:34:05 pm
📅 Checking since 23/3/2026, 1:20:11 pm

🌉 OWU Bridge — 3/4/2026, 7:39:06 pm
📅 Checking since 23/3/2026, 1:20:11 pm

🌉 OWU Bridge — 3/4/2026, 7:44:06 pm
📅 Checking since 23/3/2026, 1:20:11 pm

🌉 OWU Bridge — 3/4/2026, 7:49:06 pm
📅 Checking since 23/3/2026, 1:20:11 pm

🌉 OWU Bridge — 3/4/2026, 7:54:07 pm
📅 Checking since 23/3/2026, 1:20:11 pm

🌉 OWU Bridge — 3/4/2026, 7:59:07 pm
📅 Checking since 23/3/2026, 1:20:11 pm

🌉 OWU Bridge — 3/4/2026, 8:05:38 pm
📅 Checking since 23/3/2026, 1:20:11 pm

🌉 OWU Bridge — 3/4/2026, 8:10:38 pm
📅 Checking since 23/3/2026, 1:20:11 pm

🌉 OWU Bridge — 3/4/2026, 8:15:39 pm
📅 Checking since 23/3/2026, 1:20:11 pm

🌉 OWU Bridge — 3/4/2026, 8:20:39 pm
📅 Checking since 23/3/2026, 1:20:11 pm

🌉 OWU Bridge — 3/4/2026, 10:01:26 pm
📅 Checking since 23/3/2026, 1:20:11 pm

🌉 OWU Bridge — 3/4/2026, 10:53:35 pm
📅 Checking since 23/3/2026, 1:20:11 pm

🌉 OWU Bridge — 3/4/2026, 10:58:35 pm
📅 Checking since 23/3/2026, 1:20:11 pm

🌉 OWU Bridge — 3/4/2026, 11:03:35 pm
📅 Checking since 23/3/2026, 1:20:11 pm

🌉 OWU Bridge — 3/4/2026, 11:08:35 pm
📅 Checking since 23/3/2026, 1:20:11 pm

🌉 OWU Bridge — 3/4/2026, 11:13:36 pm
📅 Checking since 23/3/2026, 1:20:11 pm

🌉 OWU Bridge — 3/4/2026, 11:18:36 pm
📅 Checking since 23/3/2026, 1:20:11 pm
📨 Found 0 new messages
✅ Nothing new. Done.

🌉 OWU Bridge — 3/4/2026, 11:23:40 pm
📅 Checking since 3/4/2026, 11:18:39 pm
📨 Found 0 new messages
✅ Nothing new. Done.

🌉 OWU Bridge — 3/4/2026, 11:28:43 pm
📅 Checking since 3/4/2026, 11:23:43 pm
📨 Found 0 new messages
✅ Nothing new. Done.

🌉 OWU Bridge — 3/4/2026, 11:33:46 pm
📅 Checking since 3/4/2026, 11:28:46 pm
📨 Found 0 new messages
✅ Nothing new. Done.

🌉 OWU Bridge — 3/4/2026, 11:49:20 pm
📅 Checking since 3/4/2026, 11:33:49 pm
📨 Found 0 new messages
✅ Nothing new. Done.

🌉 OWU Bridge — 3/4/2026, 11:54:24 pm
📅 Checking since 3/4/2026, 11:49:24 pm
📨 Found 0 new messages
✅ Nothing new. Done.

🌉 OWU Bridge — 3/4/2026, 11:59:27 pm
📅 Checking since 3/4/2026, 11:54:27 pm
📨 Found 0 new messages
✅ Nothing new. Done.

🌉 OWU Bridge — 4/4/2026, 12:04:27 am
📅 Checking since 3/4/2026, 11:59:27 pm
📨 Found 0 new messages
✅ Nothing new. Done.

🌉 OWU Bridge — 4/4/2026, 12:09:28 am
📅 Checking since 4/4/2026, 12:04:27 am
📨 Found 0 new messages
✅ Nothing new. Done.

🌉 OWU Bridge — 4/4/2026, 12:14:28 am
📅 Checking since 4/4/2026, 12:09:28 am
📨 Found 0 new messages
✅ Nothing new. Done.

🌉 OWU Bridge — 4/4/2026, 12:19:28 am
📅 Checking since 4/4/2026, 12:14:28 am
📨 Found 0 new messages
✅ Nothing new. Done.

🌉 OWU Bridge — 4/4/2026, 12:24:28 am
📅 Checking since 4/4/2026, 12:19:28 am
📨 Found 0 new messages
✅ Nothing new. Done.

🌉 OWU Bridge — 4/4/2026, 12:29:28 am
📅 Checking since 4/4/2026, 12:24:28 am
📨 Found 0 new messages
✅ Nothing new. Done.

🌉 OWU Bridge — 4/4/2026, 12:34:29 am
📅 Checking since 4/4/2026, 12:29:29 am
📨 Found 0 new messages
✅ Nothing new. Done.

🌉 OWU Bridge — 4/4/2026, 12:39:29 am
📅 Checking since 4/4/2026, 12:34:29 am
📨 Found 0 new messages
✅ Nothing new. Done.

🌉 OWU Bridge — 4/4/2026, 12:45:49 am
📅 Checking since 4/4/2026, 12:39:29 am
📨 Found 2 new messages
💬 1 conversation(s) with ≥2 messages to process

  📖 "New Chat"
     model: cath → sage: none | 2 messages
     💾 → raw-chats/technology/openwebui-general-2026-04-03-1775234759114.txt
🧠 Processing memory: openwebui / skinless (2 messages)

✅ Bridge complete — 1/1 conversations saved to raw-chats
📍 last_seen → 4/4/2026, 12:40:20 am

🌉 OWU Bridge — 4/4/2026, 12:50:33 am
📅 Checking since 4/4/2026, 12:40:20 am

🌉 OWU Bridge — 4/4/2026, 12:55:33 am
📅 Checking since 4/4/2026, 12:40:20 am

🌉 OWU Bridge — 4/4/2026, 1:00:34 am
📅 Checking since 4/4/2026, 12:40:20 am

🌉 OWU Bridge — 4/4/2026, 1:05:34 am
📅 Checking since 4/4/2026, 12:40:20 am

🌉 OWU Bridge — 4/4/2026, 1:10:34 am
📅 Checking since 4/4/2026, 12:40:20 am

🌉 OWU Bridge — 4/4/2026, 1:15:35 am
📅 Checking since 4/4/2026, 12:40:20 am

🌉 OWU Bridge — 4/4/2026, 1:20:35 am
📅 Checking since 4/4/2026, 12:40:20 am

🌉 OWU Bridge — 4/4/2026, 1:25:35 am
📅 Checking since 4/4/2026, 12:40:20 am

🌉 OWU Bridge — 4/4/2026, 1:30:35 am
📅 Checking since 4/4/2026, 12:40:20 am

🌉 OWU Bridge — 4/4/2026, 1:35:36 am
📅 Checking since 4/4/2026, 12:40:20 am

🌉 OWU Bridge — 4/4/2026, 1:40:36 am
📅 Checking since 4/4/2026, 12:40:20 am

🌉 OWU Bridge — 4/4/2026, 1:45:36 am
📅 Checking since 4/4/2026, 12:40:20 am

🌉 OWU Bridge — 4/4/2026, 1:50:37 am
📅 Checking since 4/4/2026, 12:40:20 am

🌉 OWU Bridge — 4/4/2026, 1:55:37 am
📅 Checking since 4/4/2026, 12:40:20 am

🌉 OWU Bridge — 4/4/2026, 2:00:37 am
📅 Checking since 4/4/2026, 12:40:20 am

🌉 OWU Bridge — 4/4/2026, 2:05:38 am
📅 Checking since 4/4/2026, 12:40:20 am

🌉 OWU Bridge — 4/4/2026, 2:10:38 am
📅 Checking since 4/4/2026, 12:40:20 am

🌉 OWU Bridge — 4/4/2026, 2:15:38 am
📅 Checking since 4/4/2026, 12:40:20 am

🌉 OWU Bridge — 4/4/2026, 2:20:39 am
📅 Checking since 4/4/2026, 12:40:20 am

🌉 OWU Bridge — 4/4/2026, 2:25:39 am
📅 Checking since 4/4/2026, 12:40:20 am

🌉 OWU Bridge — 4/4/2026, 2:30:39 am
📅 Checking since 4/4/2026, 12:40:20 am

🌉 OWU Bridge — 4/4/2026, 2:35:39 am
📅 Checking since 4/4/2026, 12:40:20 am

🌉 OWU Bridge — 4/4/2026, 2:49:01 am
📅 Checking since 4/4/2026, 12:40:20 am

🌉 OWU Bridge — 4/4/2026, 2:54:01 am
📅 Checking since 4/4/2026, 12:40:20 am

🌉 OWU Bridge — 4/4/2026, 2:59:02 am
📅 Checking since 4/4/2026, 12:40:20 am

🌉 OWU Bridge — 4/4/2026, 3:04:02 am
📅 Checking since 4/4/2026, 12:40:20 am

🌉 OWU Bridge — 4/4/2026, 3:24:36 am
📅 Checking since 4/4/2026, 12:40:20 am

🌉 OWU Bridge — 4/4/2026, 4:57:40 am
📅 Checking since 4/4/2026, 12:40:20 am

🌉 OWU Bridge — 4/4/2026, 5:02:41 am
📅 Checking since 4/4/2026, 12:40:20 am

🌉 OWU Bridge — 4/4/2026, 5:07:41 am
📅 Checking since 4/4/2026, 12:40:20 am

🌉 OWU Bridge — 4/4/2026, 5:12:41 am
📅 Checking since 4/4/2026, 12:40:20 am

🌉 OWU Bridge — 4/4/2026, 5:17:42 am
📅 Checking since 4/4/2026, 12:40:20 am

🌉 OWU Bridge — 4/4/2026, 5:22:42 am
📅 Checking since 4/4/2026, 12:40:20 am

🌉 OWU Bridge — 4/4/2026, 5:27:42 am
📅 Checking since 4/4/2026, 12:40:20 am

🌉 OWU Bridge — 4/4/2026, 5:32:42 am
📅 Checking since 4/4/2026, 12:40:20 am

🌉 OWU Bridge — 4/4/2026, 5:37:43 am
📅 Checking since 4/4/2026, 12:40:20 am

🌉 OWU Bridge — 4/4/2026, 6:45:05 am
📅 Checking since 4/4/2026, 12:40:20 am

🌉 OWU Bridge — 4/4/2026, 8:24:02 am
📅 Checking since 4/4/2026, 12:40:20 am

🌉 OWU Bridge — 4/4/2026, 1:22:36 pm
📅 Checking since 4/4/2026, 12:40:20 am

🌉 OWU Bridge — 4/4/2026, 1:27:37 pm
📅 Checking since 4/4/2026, 12:40:20 am

🌉 OWU Bridge — 4/4/2026, 1:32:37 pm
📅 Checking since 4/4/2026, 12:40:20 am

🌉 OWU Bridge — 4/4/2026, 2:57:36 pm
📅 Checking since 4/4/2026, 12:40:20 am

🌉 OWU Bridge — 4/4/2026, 4:31:25 pm
📅 Checking since 4/4/2026, 12:40:20 am

🌉 OWU Bridge — 4/4/2026, 4:49:20 pm
📅 Checking since 4/4/2026, 12:40:20 am

🌉 OWU Bridge — 4/4/2026, 4:54:20 pm
📅 Checking since 4/4/2026, 12:40:20 am

🌉 OWU Bridge — 4/4/2026, 4:59:21 pm
📅 Checking since 4/4/2026, 12:40:20 am

🌉 OWU Bridge — 4/4/2026, 5:04:21 pm
📅 Checking since 4/4/2026, 12:40:20 am

🌉 OWU Bridge — 4/4/2026, 5:09:21 pm
📅 Checking since 4/4/2026, 12:40:20 am

🌉 OWU Bridge — 4/4/2026, 5:14:22 pm
📅 Checking since 4/4/2026, 12:40:20 am

🌉 OWU Bridge — 4/4/2026, 5:19:22 pm
📅 Checking since 4/4/2026, 12:40:20 am

🌉 OWU Bridge — 4/4/2026, 5:24:22 pm
📅 Checking since 4/4/2026, 12:40:20 am

🌉 OWU Bridge — 4/4/2026, 5:29:23 pm
📅 Checking since 4/4/2026, 12:40:20 am

🌉 OWU Bridge — 4/4/2026, 5:34:23 pm
📅 Checking since 4/4/2026, 12:40:20 am

🌉 OWU Bridge — 4/4/2026, 5:39:23 pm
📅 Checking since 4/4/2026, 12:40:20 am

🌉 OWU Bridge — 4/4/2026, 5:44:23 pm
📅 Checking since 4/4/2026, 12:40:20 am

🌉 OWU Bridge — 4/4/2026, 5:49:24 pm
📅 Checking since 4/4/2026, 12:40:20 am

🌉 OWU Bridge — 4/4/2026, 5:54:24 pm
📅 Checking since 4/4/2026, 12:40:20 am

🌉 OWU Bridge — 4/4/2026, 5:59:24 pm
📅 Checking since 4/4/2026, 12:40:20 am

🌉 OWU Bridge — 4/4/2026, 6:04:25 pm
📅 Checking since 4/4/2026, 12:40:20 am

🌉 OWU Bridge — 4/4/2026, 6:09:25 pm
📅 Checking since 4/4/2026, 12:40:20 am

🌉 OWU Bridge — 4/4/2026, 6:14:25 pm
📅 Checking since 4/4/2026, 12:40:20 am

🌉 OWU Bridge — 4/4/2026, 6:19:26 pm
📅 Checking since 4/4/2026, 12:40:20 am

🌉 OWU Bridge — 4/4/2026, 6:24:26 pm
📅 Checking since 4/4/2026, 12:40:20 am

🌉 OWU Bridge — 4/4/2026, 6:29:27 pm
📅 Checking since 4/4/2026, 12:40:20 am

🌉 OWU Bridge — 4/4/2026, 6:34:27 pm
📅 Checking since 4/4/2026, 12:40:20 am

🌉 OWU Bridge — 4/4/2026, 6:39:27 pm
📅 Checking since 4/4/2026, 12:40:20 am

🌉 OWU Bridge — 4/4/2026, 6:44:27 pm
📅 Checking since 4/4/2026, 12:40:20 am

🌉 OWU Bridge — 4/4/2026, 6:49:28 pm
📅 Checking since 4/4/2026, 12:40:20 am

🌉 OWU Bridge — 4/4/2026, 6:54:28 pm
📅 Checking since 4/4/2026, 12:40:20 am

🌉 OWU Bridge — 4/4/2026, 6:59:28 pm
📅 Checking since 4/4/2026, 12:40:20 am

🌉 OWU Bridge — 4/4/2026, 7:04:29 pm
📅 Checking since 4/4/2026, 12:40:20 am

🌉 OWU Bridge — 4/4/2026, 7:09:29 pm
📅 Checking since 4/4/2026, 12:40:20 am
📨 Found 0 new messages
✅ Nothing new. Done.

🌉 OWU Bridge — 4/4/2026, 7:14:29 pm
📅 Checking since 4/4/2026, 7:09:29 pm
📨 Found 2 new messages
💬 1 conversation(s) with ≥2 messages to process

  📖 "New Chat"
     model: cath → sage: none | 2 messages
     💾 → raw-chats/technology/openwebui-general-2026-04-04-1775301270196.txt
🧠 Processing memory: openwebui / skinless (2 messages)

✅ Bridge complete — 1/1 conversations saved to raw-chats
📍 last_seen → 4/4/2026, 7:12:29 pm

🌉 OWU Bridge — 4/4/2026, 7:19:31 pm
📅 Checking since 4/4/2026, 7:12:29 pm
📨 Found 0 new messages
✅ Nothing new. Done.

🌉 OWU Bridge — 4/4/2026, 7:24:32 pm
📅 Checking since 4/4/2026, 7:19:32 pm
📨 Found 0 new messages
✅ Nothing new. Done.

🌉 OWU Bridge — 4/4/2026, 7:29:32 pm
📅 Checking since 4/4/2026, 7:24:32 pm
📨 Found 0 new messages
✅ Nothing new. Done.

🌉 OWU Bridge — 4/4/2026, 7:34:32 pm
📅 Checking since 4/4/2026, 7:29:32 pm
📨 Found 0 new messages
✅ Nothing new. Done.

🌉 OWU Bridge — 4/4/2026, 7:39:33 pm
📅 Checking since 4/4/2026, 7:34:33 pm
📨 Found 0 new messages
✅ Nothing new. Done.

🌉 OWU Bridge — 4/4/2026, 7:44:33 pm
📅 Checking since 4/4/2026, 7:39:33 pm
📨 Found 0 new messages
✅ Nothing new. Done.

🌉 OWU Bridge — 4/4/2026, 7:49:33 pm
📅 Checking since 4/4/2026, 7:44:33 pm
📨 Found 0 new messages
✅ Nothing new. Done.

🌉 OWU Bridge — 4/4/2026, 7:54:33 pm
📅 Checking since 4/4/2026, 7:49:33 pm
📨 Found 0 new messages
✅ Nothing new. Done.

🌉 OWU Bridge — 4/4/2026, 7:59:33 pm
📅 Checking since 4/4/2026, 7:54:33 pm
📨 Found 0 new messages
✅ Nothing new. Done.

🌉 OWU Bridge — 4/4/2026, 8:04:34 pm
📅 Checking since 4/4/2026, 7:59:34 pm
📨 Found 0 new messages
✅ Nothing new. Done.

🌉 OWU Bridge — 4/4/2026, 8:09:34 pm
📅 Checking since 4/4/2026, 8:04:34 pm
📨 Found 0 new messages
✅ Nothing new. Done.

🌉 OWU Bridge — 4/4/2026, 8:14:34 pm
📅 Checking since 4/4/2026, 8:09:34 pm
📨 Found 0 new messages
✅ Nothing new. Done.

🌉 OWU Bridge — 4/4/2026, 8:19:34 pm
📅 Checking since 4/4/2026, 8:14:34 pm
📨 Found 0 new messages
✅ Nothing new. Done.

🌉 OWU Bridge — 4/4/2026, 8:24:34 pm
📅 Checking since 4/4/2026, 8:19:34 pm
📨 Found 0 new messages
✅ Nothing new. Done.

🌉 OWU Bridge — 4/4/2026, 8:29:35 pm
📅 Checking since 4/4/2026, 8:24:35 pm
📨 Found 0 new messages
✅ Nothing new. Done.

🌉 OWU Bridge — 4/4/2026, 8:34:35 pm
📅 Checking since 4/4/2026, 8:29:35 pm
📨 Found 0 new messages
✅ Nothing new. Done.

🌉 OWU Bridge — 4/4/2026, 8:39:35 pm
📅 Checking since 4/4/2026, 8:34:35 pm
📨 Found 0 new messages
✅ Nothing new. Done.

🌉 OWU Bridge — 4/4/2026, 8:44:35 pm
📅 Checking since 4/4/2026, 8:39:35 pm
📨 Found 0 new messages
✅ Nothing new. Done.

🌉 OWU Bridge — 4/4/2026, 8:49:35 pm
📅 Checking since 4/4/2026, 8:44:35 pm
📨 Found 0 new messages
✅ Nothing new. Done.

🌉 OWU Bridge — 4/4/2026, 8:54:36 pm
📅 Checking since 4/4/2026, 8:49:36 pm
📨 Found 0 new messages
✅ Nothing new. Done.

🌉 OWU Bridge — 4/4/2026, 8:59:36 pm
📅 Checking since 4/4/2026, 8:54:36 pm
📨 Found 0 new messages
✅ Nothing new. Done.

🌉 OWU Bridge — 4/4/2026, 9:04:36 pm
📅 Checking since 4/4/2026, 8:59:36 pm
📨 Found 0 new messages
✅ Nothing new. Done.

🌉 OWU Bridge — 4/4/2026, 9:09:36 pm
📅 Checking since 4/4/2026, 9:04:36 pm
📨 Found 0 new messages
✅ Nothing new. Done.

🌉 OWU Bridge — 4/4/2026, 9:14:36 pm
📅 Checking since 4/4/2026, 9:09:36 pm
📨 Found 0 new messages
✅ Nothing new. Done.

🌉 OWU Bridge — 4/4/2026, 9:19:37 pm
📅 Checking since 4/4/2026, 9:14:36 pm
📨 Found 0 new messages
✅ Nothing new. Done.

🌉 OWU Bridge — 4/4/2026, 9:24:37 pm
📅 Checking since 4/4/2026, 9:19:37 pm
📨 Found 0 new messages
✅ Nothing new. Done.

🌉 OWU Bridge — 4/4/2026, 9:29:37 pm
📅 Checking since 4/4/2026, 9:24:37 pm
📨 Found 0 new messages
✅ Nothing new. Done.

🌉 OWU Bridge — 4/4/2026, 9:34:37 pm
📅 Checking since 4/4/2026, 9:29:37 pm
📨 Found 0 new messages
✅ Nothing new. Done.

🌉 OWU Bridge — 4/4/2026, 9:39:37 pm
📅 Checking since 4/4/2026, 9:34:37 pm
📨 Found 0 new messages
✅ Nothing new. Done.

🌉 OWU Bridge — 4/4/2026, 9:44:38 pm
📅 Checking since 4/4/2026, 9:39:38 pm
📨 Found 0 new messages
✅ Nothing new. Done.

🌉 OWU Bridge — 4/4/2026, 9:49:38 pm
📅 Checking since 4/4/2026, 9:44:38 pm
📨 Found 0 new messages
✅ Nothing new. Done.

🌉 OWU Bridge — 4/4/2026, 9:54:38 pm
📅 Checking since 4/4/2026, 9:49:38 pm
📨 Found 0 new messages
✅ Nothing new. Done.

🌉 OWU Bridge — 4/4/2026, 9:59:38 pm
📅 Checking since 4/4/2026, 9:54:38 pm
📨 Found 0 new messages
✅ Nothing new. Done.

🌉 OWU Bridge — 4/4/2026, 10:04:38 pm
📅 Checking since 4/4/2026, 9:59:38 pm
📨 Found 0 new messages
✅ Nothing new. Done.

🌉 OWU Bridge — 4/4/2026, 10:09:39 pm
📅 Checking since 4/4/2026, 10:04:39 pm
📨 Found 0 new messages
✅ Nothing new. Done.

🌉 OWU Bridge — 4/4/2026, 10:14:39 pm
📅 Checking since 4/4/2026, 10:09:39 pm
📨 Found 0 new messages
✅ Nothing new. Done.

🌉 OWU Bridge — 4/4/2026, 10:19:39 pm
📅 Checking since 4/4/2026, 10:14:39 pm
📨 Found 0 new messages
✅ Nothing new. Done.

🌉 OWU Bridge — 4/4/2026, 10:24:39 pm
📅 Checking since 4/4/2026, 10:19:39 pm
📨 Found 0 new messages
✅ Nothing new. Done.

🌉 OWU Bridge — 4/4/2026, 10:29:39 pm
📅 Checking since 4/4/2026, 10:24:39 pm
📨 Found 0 new messages
✅ Nothing new. Done.

🌉 OWU Bridge — 4/4/2026, 10:34:40 pm
📅 Checking since 4/4/2026, 10:29:40 pm
📨 Found 0 new messages
✅ Nothing new. Done.

🌉 OWU Bridge — 4/4/2026, 10:39:40 pm
📅 Checking since 4/4/2026, 10:34:40 pm
📨 Found 0 new messages
✅ Nothing new. Done.

🌉 OWU Bridge — 4/4/2026, 10:44:40 pm
📅 Checking since 4/4/2026, 10:39:40 pm
📨 Found 0 new messages
✅ Nothing new. Done.

🌉 OWU Bridge — 4/4/2026, 10:49:40 pm
📅 Checking since 4/4/2026, 10:44:40 pm
📨 Found 0 new messages
✅ Nothing new. Done.

🌉 OWU Bridge — 4/4/2026, 10:54:41 pm
📅 Checking since 4/4/2026, 10:49:40 pm
📨 Found 0 new messages
✅ Nothing new. Done.

🌉 OWU Bridge — 4/4/2026, 10:59:41 pm
📅 Checking since 4/4/2026, 10:54:41 pm
📨 Found 0 new messages
✅ Nothing new. Done.

🌉 OWU Bridge — 4/4/2026, 11:04:41 pm
📅 Checking since 4/4/2026, 10:59:41 pm
📨 Found 0 new messages
✅ Nothing new. Done.

🌉 OWU Bridge — 4/4/2026, 11:09:41 pm
📅 Checking since 4/4/2026, 11:04:41 pm
📨 Found 0 new messages
✅ Nothing new. Done.

🌉 OWU Bridge — 4/4/2026, 11:14:41 pm
📅 Checking since 4/4/2026, 11:09:41 pm
📨 Found 0 new messages
✅ Nothing new. Done.

🌉 OWU Bridge — 4/4/2026, 11:19:42 pm
📅 Checking since 4/4/2026, 11:14:41 pm
📨 Found 0 new messages
✅ Nothing new. Done.

🌉 OWU Bridge — 4/4/2026, 11:24:42 pm
📅 Checking since 4/4/2026, 11:19:42 pm
📨 Found 0 new messages
✅ Nothing new. Done.

🌉 OWU Bridge — 4/4/2026, 11:29:42 pm
📅 Checking since 4/4/2026, 11:24:42 pm
📨 Found 0 new messages
✅ Nothing new. Done.

🌉 OWU Bridge — 4/4/2026, 11:34:42 pm
📅 Checking since 4/4/2026, 11:29:42 pm
📨 Found 0 new messages
✅ Nothing new. Done.

🌉 OWU Bridge — 4/4/2026, 11:39:42 pm
📅 Checking since 4/4/2026, 11:34:42 pm
📨 Found 0 new messages
✅ Nothing new. Done.

🌉 OWU Bridge — 4/4/2026, 11:44:43 pm
📅 Checking since 4/4/2026, 11:39:42 pm
📨 Found 0 new messages
✅ Nothing new. Done.

🌉 OWU Bridge — 4/4/2026, 11:49:43 pm
📅 Checking since 4/4/2026, 11:44:43 pm
📨 Found 0 new messages
✅ Nothing new. Done.

🌉 OWU Bridge — 4/4/2026, 11:54:43 pm
📅 Checking since 4/4/2026, 11:49:43 pm
📨 Found 0 new messages
✅ Nothing new. Done.

🌉 OWU Bridge — 4/4/2026, 11:59:43 pm
📅 Checking since 4/4/2026, 11:54:43 pm
📨 Found 0 new messages
✅ Nothing new. Done.

🌉 OWU Bridge — 5/4/2026, 12:04:43 am
📅 Checking since 4/4/2026, 11:59:43 pm
📨 Found 0 new messages
✅ Nothing new. Done.

🌉 OWU Bridge — 5/4/2026, 12:09:43 am
📅 Checking since 5/4/2026, 12:04:43 am
📨 Found 0 new messages
✅ Nothing new. Done.

🌉 OWU Bridge — 5/4/2026, 12:14:44 am
📅 Checking since 5/4/2026, 12:09:43 am
📨 Found 0 new messages
✅ Nothing new. Done.

🌉 OWU Bridge — 5/4/2026, 12:19:44 am
📅 Checking since 5/4/2026, 12:14:44 am
📨 Found 0 new messages
✅ Nothing new. Done.

🌉 OWU Bridge — 5/4/2026, 12:24:44 am
📅 Checking since 5/4/2026, 12:19:44 am
📨 Found 0 new messages
✅ Nothing new. Done.

🌉 OWU Bridge — 5/4/2026, 12:29:44 am
📅 Checking since 5/4/2026, 12:24:44 am
📨 Found 0 new messages
✅ Nothing new. Done.

🌉 OWU Bridge — 5/4/2026, 12:34:44 am
📅 Checking since 5/4/2026, 12:29:44 am
📨 Found 0 new messages
✅ Nothing new. Done.

🌉 OWU Bridge — 5/4/2026, 12:39:45 am
📅 Checking since 5/4/2026, 12:34:44 am
📨 Found 0 new messages
✅ Nothing new. Done.

🌉 OWU Bridge — 5/4/2026, 12:44:45 am
📅 Checking since 5/4/2026, 12:39:45 am
📨 Found 0 new messages
✅ Nothing new. Done.

🌉 OWU Bridge — 5/4/2026, 12:49:45 am
📅 Checking since 5/4/2026, 12:44:45 am
📨 Found 0 new messages
✅ Nothing new. Done.

🌉 OWU Bridge — 5/4/2026, 12:54:45 am
📅 Checking since 5/4/2026, 12:49:45 am
📨 Found 0 new messages
✅ Nothing new. Done.

🌉 OWU Bridge — 5/4/2026, 12:59:45 am
📅 Checking since 5/4/2026, 12:54:45 am
📨 Found 0 new messages
✅ Nothing new. Done.

🌉 OWU Bridge — 5/4/2026, 1:04:46 am
📅 Checking since 5/4/2026, 12:59:46 am
📨 Found 0 new messages
✅ Nothing new. Done.

🌉 OWU Bridge — 5/4/2026, 1:09:46 am
📅 Checking since 5/4/2026, 1:04:46 am
📨 Found 0 new messages
✅ Nothing new. Done.

🌉 OWU Bridge — 5/4/2026, 1:14:46 am
📅 Checking since 5/4/2026, 1:09:46 am
📨 Found 0 new messages
✅ Nothing new. Done.

🌉 OWU Bridge — 5/4/2026, 1:19:46 am
📅 Checking since 5/4/2026, 1:14:46 am
📨 Found 0 new messages
✅ Nothing new. Done.

🌉 OWU Bridge — 5/4/2026, 1:24:47 am
📅 Checking since 5/4/2026, 1:19:47 am
📨 Found 0 new messages
✅ Nothing new. Done.

🌉 OWU Bridge — 5/4/2026, 1:29:47 am
📅 Checking since 5/4/2026, 1:24:47 am
📨 Found 0 new messages
✅ Nothing new. Done.

🌉 OWU Bridge — 5/4/2026, 1:34:47 am
📅 Checking since 5/4/2026, 1:29:47 am
📨 Found 0 new messages
✅ Nothing new. Done.

🌉 OWU Bridge — 5/4/2026, 1:39:47 am
📅 Checking since 5/4/2026, 1:34:47 am
📨 Found 0 new messages
✅ Nothing new. Done.

🌉 OWU Bridge — 5/4/2026, 1:44:48 am
📅 Checking since 5/4/2026, 1:39:47 am
📨 Found 0 new messages
✅ Nothing new. Done.

🌉 OWU Bridge — 5/4/2026, 1:49:48 am
📅 Checking since 5/4/2026, 1:44:48 am
📨 Found 0 new messages
✅ Nothing new. Done.

🌉 OWU Bridge — 5/4/2026, 1:54:48 am
📅 Checking since 5/4/2026, 1:49:48 am
📨 Found 0 new messages
✅ Nothing new. Done.

🌉 OWU Bridge — 5/4/2026, 1:59:48 am
📅 Checking since 5/4/2026, 1:54:48 am
📨 Found 0 new messages
✅ Nothing new. Done.

🌉 OWU Bridge — 5/4/2026, 2:04:48 am
📅 Checking since 5/4/2026, 1:59:48 am
📨 Found 0 new messages
✅ Nothing new. Done.

🌉 OWU Bridge — 5/4/2026, 2:09:49 am
📅 Checking since 5/4/2026, 2:04:49 am
📨 Found 0 new messages
✅ Nothing new. Done.

🌉 OWU Bridge — 5/4/2026, 2:14:49 am
📅 Checking since 5/4/2026, 2:09:49 am
📨 Found 0 new messages
✅ Nothing new. Done.

🌉 OWU Bridge — 5/4/2026, 2:19:49 am
📅 Checking since 5/4/2026, 2:14:49 am
📨 Found 0 new messages
✅ Nothing new. Done.

🌉 OWU Bridge — 5/4/2026, 2:24:49 am
📅 Checking since 5/4/2026, 2:19:49 am
📨 Found 0 new messages
✅ Nothing new. Done.

🌉 OWU Bridge — 5/4/2026, 2:29:49 am
📅 Checking since 5/4/2026, 2:24:49 am
📨 Found 0 new messages
✅ Nothing new. Done.

🌉 OWU Bridge — 5/4/2026, 2:34:50 am
📅 Checking since 5/4/2026, 2:29:50 am
📨 Found 0 new messages
✅ Nothing new. Done.

🌉 OWU Bridge — 5/4/2026, 2:39:50 am
📅 Checking since 5/4/2026, 2:34:50 am
📨 Found 0 new messages
✅ Nothing new. Done.

🌉 OWU Bridge — 5/4/2026, 2:44:50 am
📅 Checking since 5/4/2026, 2:39:50 am
📨 Found 0 new messages
✅ Nothing new. Done.

🌉 OWU Bridge — 5/4/2026, 2:49:50 am
📅 Checking since 5/4/2026, 2:44:50 am
📨 Found 0 new messages
✅ Nothing new. Done.

🌉 OWU Bridge — 5/4/2026, 2:54:50 am
📅 Checking since 5/4/2026, 2:49:50 am
📨 Found 0 new messages
✅ Nothing new. Done.

🌉 OWU Bridge — 5/4/2026, 2:59:51 am
📅 Checking since 5/4/2026, 2:54:51 am
📨 Found 0 new messages
✅ Nothing new. Done.

🌉 OWU Bridge — 5/4/2026, 3:04:51 am
📅 Checking since 5/4/2026, 2:59:51 am
📨 Found 0 new messages
✅ Nothing new. Done.

🌉 OWU Bridge — 5/4/2026, 3:09:51 am
📅 Checking since 5/4/2026, 3:04:51 am
📨 Found 0 new messages
✅ Nothing new. Done.

🌉 OWU Bridge — 5/4/2026, 3:14:51 am
📅 Checking since 5/4/2026, 3:09:51 am
📨 Found 0 new messages
✅ Nothing new. Done.

🌉 OWU Bridge — 5/4/2026, 3:19:51 am
📅 Checking since 5/4/2026, 3:14:51 am
📨 Found 0 new messages
✅ Nothing new. Done.

🌉 OWU Bridge — 5/4/2026, 3:24:52 am
📅 Checking since 5/4/2026, 3:19:52 am
📨 Found 0 new messages
✅ Nothing new. Done.

🌉 OWU Bridge — 5/4/2026, 3:29:52 am
📅 Checking since 5/4/2026, 3:24:52 am
📨 Found 0 new messages
✅ Nothing new. Done.

🌉 OWU Bridge — 5/4/2026, 3:34:52 am
📅 Checking since 5/4/2026, 3:29:52 am
📨 Found 0 new messages
✅ Nothing new. Done.

🌉 OWU Bridge — 5/4/2026, 3:39:52 am
📅 Checking since 5/4/2026, 3:34:52 am
📨 Found 0 new messages
✅ Nothing new. Done.

🌉 OWU Bridge — 5/4/2026, 3:44:53 am
📅 Checking since 5/4/2026, 3:39:52 am
📨 Found 0 new messages
✅ Nothing new. Done.

🌉 OWU Bridge — 5/4/2026, 3:49:53 am
📅 Checking since 5/4/2026, 3:44:53 am
📨 Found 0 new messages
✅ Nothing new. Done.

🌉 OWU Bridge — 5/4/2026, 4:28:19 am
📅 Checking since 5/4/2026, 3:49:53 am
📨 Found 0 new messages
✅ Nothing new. Done.

🌉 OWU Bridge — 5/4/2026, 5:47:42 am
📅 Checking since 5/4/2026, 4:28:19 am
📨 Found 0 new messages
✅ Nothing new. Done.

🌉 OWU Bridge — 5/4/2026, 5:52:42 am
📅 Checking since 5/4/2026, 5:47:42 am
📨 Found 0 new messages
✅ Nothing new. Done.

🌉 OWU Bridge — 5/4/2026, 5:57:42 am
📅 Checking since 5/4/2026, 5:52:42 am
📨 Found 0 new messages
✅ Nothing new. Done.

🌉 OWU Bridge — 5/4/2026, 7:41:51 am
📅 Checking since 5/4/2026, 5:57:42 am
📨 Found 0 new messages
✅ Nothing new. Done.

🌉 OWU Bridge — 5/4/2026, 9:08:23 am
📅 Checking since 5/4/2026, 7:41:51 am
📨 Found 0 new messages
✅ Nothing new. Done.

🌉 OWU Bridge — 5/4/2026, 10:45:38 am
📅 Checking since 5/4/2026, 9:08:23 am
📨 Found 0 new messages
✅ Nothing new. Done.

🌉 OWU Bridge — 5/4/2026, 11:38:03 am
📅 Checking since 5/4/2026, 10:45:38 am
📨 Found 0 new messages
✅ Nothing new. Done.

🌉 OWU Bridge — 5/4/2026, 11:43:04 am
📅 Checking since 5/4/2026, 11:38:04 am
📨 Found 0 new messages
✅ Nothing new. Done.

🌉 OWU Bridge — 5/4/2026, 12:20:09 pm
📅 Checking since 5/4/2026, 11:43:04 am
📨 Found 0 new messages
✅ Nothing new. Done.

🌉 OWU Bridge — 5/4/2026, 2:14:18 pm
📅 Checking since 5/4/2026, 12:20:09 pm
📨 Found 0 new messages
✅ Nothing new. Done.

🌉 OWU Bridge — 5/4/2026, 2:57:13 pm
📅 Checking since 5/4/2026, 2:14:18 pm
📨 Found 0 new messages
✅ Nothing new. Done.

🌉 OWU Bridge — 5/4/2026, 3:02:14 pm
📅 Checking since 5/4/2026, 2:57:13 pm
📨 Found 0 new messages
✅ Nothing new. Done.

🌉 OWU Bridge — 5/4/2026, 3:07:14 pm
📅 Checking since 5/4/2026, 3:02:14 pm
📨 Found 0 new messages
✅ Nothing new. Done.

🌉 OWU Bridge — 5/4/2026, 3:12:14 pm
📅 Checking since 5/4/2026, 3:07:14 pm
📨 Found 0 new messages
✅ Nothing new. Done.

🌉 OWU Bridge — 5/4/2026, 3:17:14 pm
📅 Checking since 5/4/2026, 3:12:14 pm
📨 Found 0 new messages
✅ Nothing new. Done.

🌉 OWU Bridge — 5/4/2026, 3:22:14 pm
📅 Checking since 5/4/2026, 3:17:14 pm
📨 Found 0 new messages
✅ Nothing new. Done.

🌉 OWU Bridge — 5/4/2026, 3:27:15 pm
📅 Checking since 5/4/2026, 3:22:15 pm
📨 Found 0 new messages
✅ Nothing new. Done.

🌉 OWU Bridge — 5/4/2026, 3:32:15 pm
📅 Checking since 5/4/2026, 3:27:15 pm
📨 Found 0 new messages
✅ Nothing new. Done.

🌉 OWU Bridge — 5/4/2026, 3:37:15 pm
📅 Checking since 5/4/2026, 3:32:15 pm
📨 Found 0 new messages
✅ Nothing new. Done.

🌉 OWU Bridge — 5/4/2026, 3:42:15 pm
📅 Checking since 5/4/2026, 3:37:15 pm
📨 Found 0 new messages
✅ Nothing new. Done.

🌉 OWU Bridge — 5/4/2026, 3:47:15 pm
📅 Checking since 5/4/2026, 3:42:15 pm
📨 Found 0 new messages
✅ Nothing new. Done.

🌉 OWU Bridge — 5/4/2026, 3:52:16 pm
📅 Checking since 5/4/2026, 3:47:16 pm
📨 Found 0 new messages
✅ Nothing new. Done.

🌉 OWU Bridge — 5/4/2026, 3:57:16 pm
📅 Checking since 5/4/2026, 3:52:16 pm
📨 Found 0 new messages
✅ Nothing new. Done.

🌉 OWU Bridge — 5/4/2026, 5:16:51 pm
📅 Checking since 5/4/2026, 3:57:16 pm

🌉 OWU Bridge — 5/4/2026, 5:21:52 pm
📅 Checking since 5/4/2026, 3:57:16 pm

🌉 OWU Bridge — 5/4/2026, 5:26:52 pm
📅 Checking since 5/4/2026, 3:57:16 pm

🌉 OWU Bridge — 5/4/2026, 5:31:52 pm
📅 Checking since 5/4/2026, 3:57:16 pm

🌉 OWU Bridge — 5/4/2026, 5:36:52 pm
📅 Checking since 5/4/2026, 3:57:16 pm

🌉 OWU Bridge — 5/4/2026, 5:41:53 pm
📅 Checking since 5/4/2026, 3:57:16 pm

🌉 OWU Bridge — 5/4/2026, 5:46:53 pm
📅 Checking since 5/4/2026, 3:57:16 pm

🌉 OWU Bridge — 5/4/2026, 5:51:53 pm
📅 Checking since 5/4/2026, 3:57:16 pm

🌉 OWU Bridge — 5/4/2026, 5:56:54 pm
📅 Checking since 5/4/2026, 3:57:16 pm

🌉 OWU Bridge — 5/4/2026, 6:01:54 pm
📅 Checking since 5/4/2026, 3:57:16 pm

🌉 OWU Bridge — 5/4/2026, 6:06:54 pm
📅 Checking since 5/4/2026, 3:57:16 pm

🌉 OWU Bridge — 5/4/2026, 6:11:55 pm
📅 Checking since 5/4/2026, 3:57:16 pm

🌉 OWU Bridge — 5/4/2026, 6:16:55 pm
📅 Checking since 5/4/2026, 3:57:16 pm

🌉 OWU Bridge — 5/4/2026, 6:21:55 pm
📅 Checking since 5/4/2026, 3:57:16 pm

🌉 OWU Bridge — 5/4/2026, 6:42:14 pm
📅 Checking since 5/4/2026, 3:57:16 pm

🌉 OWU Bridge — 5/4/2026, 6:47:14 pm
📅 Checking since 5/4/2026, 3:57:16 pm

🌉 OWU Bridge — 5/4/2026, 7:56:10 pm
📅 Checking since 5/4/2026, 3:57:16 pm

🌉 OWU Bridge — 5/4/2026, 8:30:12 pm
📅 Checking since 5/4/2026, 3:57:16 pm

🌉 OWU Bridge — 5/4/2026, 8:35:12 pm
📅 Checking since 5/4/2026, 3:57:16 pm

🌉 OWU Bridge — 5/4/2026, 9:18:57 pm
📅 Checking since 5/4/2026, 3:57:16 pm

🌉 OWU Bridge — 5/4/2026, 9:23:58 pm
📅 Checking since 5/4/2026, 3:57:16 pm

🌉 OWU Bridge — 5/4/2026, 9:28:58 pm
📅 Checking since 5/4/2026, 3:57:16 pm
📨 Found 0 new messages
✅ Nothing new. Done.

🌉 OWU Bridge — 5/4/2026, 9:33:58 pm
📅 Checking since 5/4/2026, 9:28:58 pm
📨 Found 0 new messages
✅ Nothing new. Done.

🌉 OWU Bridge — 5/4/2026, 9:38:58 pm
📅 Checking since 5/4/2026, 9:33:58 pm
📨 Found 0 new messages
✅ Nothing new. Done.

🌉 OWU Bridge — 5/4/2026, 9:43:59 pm
📅 Checking since 5/4/2026, 9:38:59 pm
📨 Found 2 new messages
💬 1 conversation(s) with ≥2 messages to process

  📖 "New Chat"
     model: cath → sage: none | 2 messages
     💾 → raw-chats/technology/openwebui-general-2026-04-05-1775396639599.txt
🧠 Processing memory: openwebui / skinless (2 messages)

✅ Bridge complete — 1/1 conversations saved to raw-chats
📍 last_seen → 5/4/2026, 9:42:26 pm

🌉 OWU Bridge — 5/4/2026, 9:49:00 pm
📅 Checking since 5/4/2026, 9:42:26 pm
📨 Found 1 new messages
💬 0 conversation(s) with ≥2 messages to process

✅ Bridge complete — 0/0 conversations saved to raw-chats
📍 last_seen → 5/4/2026, 9:45:15 pm

🌉 OWU Bridge — 5/4/2026, 9:54:00 pm
📅 Checking since 5/4/2026, 9:45:15 pm
📨 Found 0 new messages
✅ Nothing new. Done.

🌉 OWU Bridge — 5/4/2026, 9:59:01 pm
📅 Checking since 5/4/2026, 9:54:00 pm
📨 Found 0 new messages
✅ Nothing new. Done.

🌉 OWU Bridge — 5/4/2026, 10:04:01 pm
📅 Checking since 5/4/2026, 9:59:01 pm
📨 Found 0 new messages
✅ Nothing new. Done.

🌉 OWU Bridge — 5/4/2026, 10:09:01 pm
📅 Checking since 5/4/2026, 10:04:01 pm
📨 Found 0 new messages
✅ Nothing new. Done.

🌉 OWU Bridge — 5/4/2026, 10:14:01 pm
📅 Checking since 5/4/2026, 10:09:01 pm
📨 Found 0 new messages
✅ Nothing new. Done.

🌉 OWU Bridge — 5/4/2026, 10:19:01 pm
📅 Checking since 5/4/2026, 10:14:01 pm
📨 Found 0 new messages
✅ Nothing new. Done.

🌉 OWU Bridge — 5/4/2026, 10:24:01 pm
📅 Checking since 5/4/2026, 10:19:01 pm
📨 Found 0 new messages
✅ Nothing new. Done.

🌉 OWU Bridge — 5/4/2026, 10:29:02 pm
📅 Checking since 5/4/2026, 10:24:02 pm
📨 Found 0 new messages
✅ Nothing new. Done.

🌉 OWU Bridge — 5/4/2026, 10:34:02 pm
📅 Checking since 5/4/2026, 10:29:02 pm
📨 Found 0 new messages
✅ Nothing new. Done.

🌉 OWU Bridge — 5/4/2026, 10:39:02 pm
📅 Checking since 5/4/2026, 10:34:02 pm
📨 Found 0 new messages
✅ Nothing new. Done.

🌉 OWU Bridge — 5/4/2026, 10:44:02 pm
📅 Checking since 5/4/2026, 10:39:02 pm
📨 Found 0 new messages
✅ Nothing new. Done.

🌉 OWU Bridge — 5/4/2026, 10:49:02 pm
📅 Checking since 5/4/2026, 10:44:02 pm
📨 Found 0 new messages
✅ Nothing new. Done.

🌉 OWU Bridge — 5/4/2026, 10:54:03 pm
📅 Checking since 5/4/2026, 10:49:03 pm
📨 Found 0 new messages
✅ Nothing new. Done.

🌉 OWU Bridge — 5/4/2026, 10:59:03 pm
📅 Checking since 5/4/2026, 10:54:03 pm
📨 Found 0 new messages
✅ Nothing new. Done.

🌉 OWU Bridge — 5/4/2026, 11:04:03 pm
📅 Checking since 5/4/2026, 10:59:03 pm
📨 Found 0 new messages
✅ Nothing new. Done.

🌉 OWU Bridge — 5/4/2026, 11:09:03 pm
📅 Checking since 5/4/2026, 11:04:03 pm
📨 Found 0 new messages
✅ Nothing new. Done.

🌉 OWU Bridge — 5/4/2026, 11:14:03 pm
📅 Checking since 5/4/2026, 11:09:03 pm
📨 Found 0 new messages
✅ Nothing new. Done.

🌉 OWU Bridge — 5/4/2026, 11:19:04 pm
📅 Checking since 5/4/2026, 11:14:04 pm
📨 Found 0 new messages
✅ Nothing new. Done.

🌉 OWU Bridge — 5/4/2026, 11:24:04 pm
📅 Checking since 5/4/2026, 11:19:04 pm
📨 Found 0 new messages
✅ Nothing new. Done.

🌉 OWU Bridge — 5/4/2026, 11:29:04 pm
📅 Checking since 5/4/2026, 11:24:04 pm
📨 Found 0 new messages
✅ Nothing new. Done.

🌉 OWU Bridge — 5/4/2026, 11:34:04 pm
📅 Checking since 5/4/2026, 11:29:04 pm
📨 Found 0 new messages
✅ Nothing new. Done.

🌉 OWU Bridge — 5/4/2026, 11:39:04 pm
📅 Checking since 5/4/2026, 11:34:04 pm
📨 Found 0 new messages
✅ Nothing new. Done.

🌉 OWU Bridge — 5/4/2026, 11:44:05 pm
📅 Checking since 5/4/2026, 11:39:04 pm
📨 Found 0 new messages
✅ Nothing new. Done.

🌉 OWU Bridge — 5/4/2026, 11:49:05 pm
📅 Checking since 5/4/2026, 11:44:05 pm
📨 Found 0 new messages
✅ Nothing new. Done.

🌉 OWU Bridge — 5/4/2026, 11:54:05 pm
📅 Checking since 5/4/2026, 11:49:05 pm
📨 Found 0 new messages
✅ Nothing new. Done.

🌉 OWU Bridge — 5/4/2026, 11:59:05 pm
📅 Checking since 5/4/2026, 11:54:05 pm
📨 Found 0 new messages
✅ Nothing new. Done.

🌉 OWU Bridge — 6/4/2026, 12:04:05 am
📅 Checking since 5/4/2026, 11:59:05 pm
📨 Found 0 new messages
✅ Nothing new. Done.

🌉 OWU Bridge — 6/4/2026, 12:09:05 am
📅 Checking since 6/4/2026, 12:04:05 am
📨 Found 0 new messages
✅ Nothing new. Done.

🌉 OWU Bridge — 6/4/2026, 12:14:06 am
📅 Checking since 6/4/2026, 12:09:06 am
📨 Found 0 new messages
✅ Nothing new. Done.

🌉 OWU Bridge — 6/4/2026, 12:19:06 am
📅 Checking since 6/4/2026, 12:14:06 am
📨 Found 0 new messages
✅ Nothing new. Done.

🌉 OWU Bridge — 6/4/2026, 12:24:06 am
📅 Checking since 6/4/2026, 12:19:06 am
📨 Found 0 new messages
✅ Nothing new. Done.

🌉 OWU Bridge — 6/4/2026, 12:29:06 am
📅 Checking since 6/4/2026, 12:24:06 am
📨 Found 0 new messages
✅ Nothing new. Done.

🌉 OWU Bridge — 6/4/2026, 12:34:07 am
📅 Checking since 6/4/2026, 12:29:07 am
📨 Found 0 new messages
✅ Nothing new. Done.

🌉 OWU Bridge — 6/4/2026, 12:39:07 am
📅 Checking since 6/4/2026, 12:34:07 am
📨 Found 0 new messages
✅ Nothing new. Done.

🌉 OWU Bridge — 6/4/2026, 12:44:07 am
📅 Checking since 6/4/2026, 12:39:07 am
📨 Found 0 new messages
✅ Nothing new. Done.

🌉 OWU Bridge — 6/4/2026, 12:49:07 am
📅 Checking since 6/4/2026, 12:44:07 am
📨 Found 0 new messages
✅ Nothing new. Done.

🌉 OWU Bridge — 6/4/2026, 12:54:08 am
📅 Checking since 6/4/2026, 12:49:08 am
📨 Found 0 new messages
✅ Nothing new. Done.

🌉 OWU Bridge — 6/4/2026, 12:59:08 am
📅 Checking since 6/4/2026, 12:54:08 am
📨 Found 0 new messages
✅ Nothing new. Done.

🌉 OWU Bridge — 6/4/2026, 1:04:08 am
📅 Checking since 6/4/2026, 12:59:08 am
📨 Found 0 new messages
✅ Nothing new. Done.

🌉 OWU Bridge — 6/4/2026, 1:09:08 am
📅 Checking since 6/4/2026, 1:04:08 am
📨 Found 0 new messages
✅ Nothing new. Done.

🌉 OWU Bridge — 6/4/2026, 1:14:08 am
📅 Checking since 6/4/2026, 1:09:08 am
📨 Found 0 new messages
✅ Nothing new. Done.

🌉 OWU Bridge — 6/4/2026, 1:19:09 am
📅 Checking since 6/4/2026, 1:14:09 am
📨 Found 0 new messages
✅ Nothing new. Done.

🌉 OWU Bridge — 6/4/2026, 1:24:09 am
📅 Checking since 6/4/2026, 1:19:09 am
📨 Found 0 new messages
✅ Nothing new. Done.

🌉 OWU Bridge — 6/4/2026, 1:29:09 am
📅 Checking since 6/4/2026, 1:24:09 am
📨 Found 0 new messages
✅ Nothing new. Done.

🌉 OWU Bridge — 6/4/2026, 1:34:09 am
📅 Checking since 6/4/2026, 1:29:09 am
📨 Found 0 new messages
✅ Nothing new. Done.

🌉 OWU Bridge — 6/4/2026, 2:09:16 am
📅 Checking since 6/4/2026, 1:34:09 am
📨 Found 0 new messages
✅ Nothing new. Done.

🌉 OWU Bridge — 6/4/2026, 3:33:35 am
📅 Checking since 6/4/2026, 2:09:16 am
📨 Found 0 new messages
✅ Nothing new. Done.

🌉 OWU Bridge — 6/4/2026, 5:08:03 am
📅 Checking since 6/4/2026, 3:33:35 am
📨 Found 0 new messages
✅ Nothing new. Done.

🌉 OWU Bridge — 6/4/2026, 6:36:34 am
📅 Checking since 6/4/2026, 5:08:03 am
📨 Found 0 new messages
✅ Nothing new. Done.

🌉 OWU Bridge — 6/4/2026, 8:00:04 am
📅 Checking since 6/4/2026, 6:36:34 am
📨 Found 0 new messages
✅ Nothing new. Done.

🌉 OWU Bridge — 6/4/2026, 9:20:19 am
📅 Checking since 6/4/2026, 8:00:04 am
📨 Found 0 new messages
✅ Nothing new. Done.

🌉 OWU Bridge — 6/4/2026, 10:39:18 am
📅 Checking since 6/4/2026, 9:20:19 am
📨 Found 0 new messages
✅ Nothing new. Done.

🌉 OWU Bridge — 6/4/2026, 11:04:44 am
📅 Checking since 6/4/2026, 10:39:18 am
📨 Found 0 new messages
✅ Nothing new. Done.

🌉 OWU Bridge — 6/4/2026, 11:09:44 am
📅 Checking since 6/4/2026, 11:04:44 am
📨 Found 0 new messages
✅ Nothing new. Done.

🌉 OWU Bridge — 6/4/2026, 11:14:44 am
📅 Checking since 6/4/2026, 11:09:44 am
📨 Found 0 new messages
✅ Nothing new. Done.

🌉 OWU Bridge — 6/4/2026, 12:56:25 pm
📅 Checking since 6/4/2026, 11:14:44 am
📨 Found 0 new messages
✅ Nothing new. Done.

🌉 OWU Bridge — 6/4/2026, 1:04:34 pm
📅 Checking since 6/4/2026, 12:56:25 pm
📨 Found 0 new messages
✅ Nothing new. Done.

🌉 OWU Bridge — 6/4/2026, 1:09:35 pm
📅 Checking since 6/4/2026, 1:04:34 pm
📨 Found 0 new messages
✅ Nothing new. Done.

🌉 OWU Bridge — 6/4/2026, 1:26:25 pm
📅 Checking since 6/4/2026, 1:09:35 pm
📨 Found 0 new messages
✅ Nothing new. Done.

🌉 OWU Bridge — 6/4/2026, 1:31:26 pm
📅 Checking since 6/4/2026, 1:26:26 pm
📨 Found 0 new messages
✅ Nothing new. Done.

🌉 OWU Bridge — 6/4/2026, 1:36:26 pm
📅 Checking since 6/4/2026, 1:31:26 pm
📨 Found 0 new messages
✅ Nothing new. Done.

🌉 OWU Bridge — 6/4/2026, 1:41:26 pm
📅 Checking since 6/4/2026, 1:36:26 pm
📨 Found 0 new messages
✅ Nothing new. Done.

🌉 OWU Bridge — 6/4/2026, 1:46:27 pm
📅 Checking since 6/4/2026, 1:41:26 pm
📨 Found 0 new messages
✅ Nothing new. Done.

🌉 OWU Bridge — 6/4/2026, 1:51:27 pm
📅 Checking since 6/4/2026, 1:46:27 pm
📨 Found 0 new messages
✅ Nothing new. Done.

🌉 OWU Bridge — 6/4/2026, 1:56:27 pm
📅 Checking since 6/4/2026, 1:51:27 pm
📨 Found 0 new messages
✅ Nothing new. Done.

🌉 OWU Bridge — 6/4/2026, 2:01:27 pm
📅 Checking since 6/4/2026, 1:56:27 pm
📨 Found 0 new messages
✅ Nothing new. Done.

🌉 OWU Bridge — 6/4/2026, 2:06:27 pm
📅 Checking since 6/4/2026, 2:01:27 pm
📨 Found 0 new messages
✅ Nothing new. Done.

🌉 OWU Bridge — 6/4/2026, 2:11:28 pm
📅 Checking since 6/4/2026, 2:06:28 pm
📨 Found 0 new messages
✅ Nothing new. Done.

🌉 OWU Bridge — 6/4/2026, 2:16:28 pm
📅 Checking since 6/4/2026, 2:11:28 pm
📨 Found 0 new messages
✅ Nothing new. Done.

🌉 OWU Bridge — 6/4/2026, 2:21:28 pm
📅 Checking since 6/4/2026, 2:16:28 pm
📨 Found 0 new messages
✅ Nothing new. Done.

🌉 OWU Bridge — 6/4/2026, 2:26:28 pm
📅 Checking since 6/4/2026, 2:21:28 pm
📨 Found 0 new messages
✅ Nothing new. Done.

🌉 OWU Bridge — 6/4/2026, 2:31:29 pm
📅 Checking since 6/4/2026, 2:26:29 pm
📨 Found 0 new messages
✅ Nothing new. Done.

🌉 OWU Bridge — 6/4/2026, 2:36:29 pm
📅 Checking since 6/4/2026, 2:31:29 pm
📨 Found 0 new messages
✅ Nothing new. Done.

🌉 OWU Bridge — 6/4/2026, 2:41:29 pm
📅 Checking since 6/4/2026, 2:36:29 pm
📨 Found 0 new messages
✅ Nothing new. Done.

🌉 OWU Bridge — 6/4/2026, 2:46:29 pm
📅 Checking since 6/4/2026, 2:41:29 pm
📨 Found 0 new messages
✅ Nothing new. Done.

🌉 OWU Bridge — 6/4/2026, 2:51:30 pm
📅 Checking since 6/4/2026, 2:46:29 pm
📨 Found 0 new messages
✅ Nothing new. Done.

🌉 OWU Bridge — 6/4/2026, 2:56:30 pm
📅 Checking since 6/4/2026, 2:51:30 pm
📨 Found 0 new messages
✅ Nothing new. Done.

🌉 OWU Bridge — 6/4/2026, 3:01:30 pm
📅 Checking since 6/4/2026, 2:56:30 pm
📨 Found 0 new messages
✅ Nothing new. Done.

🌉 OWU Bridge — 6/4/2026, 3:06:30 pm
📅 Checking since 6/4/2026, 3:01:30 pm
📨 Found 0 new messages
✅ Nothing new. Done.

🌉 OWU Bridge — 6/4/2026, 3:11:31 pm
📅 Checking since 6/4/2026, 3:06:30 pm
📨 Found 0 new messages
✅ Nothing new. Done.

🌉 OWU Bridge — 6/4/2026, 3:16:31 pm
📅 Checking since 6/4/2026, 3:11:31 pm
📨 Found 0 new messages
✅ Nothing new. Done.

🌉 OWU Bridge — 6/4/2026, 3:21:31 pm
📅 Checking since 6/4/2026, 3:16:31 pm
📨 Found 0 new messages
✅ Nothing new. Done.

🌉 OWU Bridge — 6/4/2026, 3:26:31 pm
📅 Checking since 6/4/2026, 3:21:31 pm
📨 Found 0 new messages
✅ Nothing new. Done.

🌉 OWU Bridge — 6/4/2026, 3:31:31 pm
📅 Checking since 6/4/2026, 3:26:31 pm
📨 Found 0 new messages
✅ Nothing new. Done.

🌉 OWU Bridge — 6/4/2026, 3:36:32 pm
📅 Checking since 6/4/2026, 3:31:32 pm
📨 Found 0 new messages
✅ Nothing new. Done.

🌉 OWU Bridge — 6/4/2026, 3:41:32 pm
📅 Checking since 6/4/2026, 3:36:32 pm
📨 Found 0 new messages
✅ Nothing new. Done.

🌉 OWU Bridge — 6/4/2026, 3:46:32 pm
📅 Checking since 6/4/2026, 3:41:32 pm
📨 Found 0 new messages
✅ Nothing new. Done.

🌉 OWU Bridge — 6/4/2026, 3:51:32 pm
📅 Checking since 6/4/2026, 3:46:32 pm
📨 Found 0 new messages
✅ Nothing new. Done.

🌉 OWU Bridge — 6/4/2026, 3:56:32 pm
📅 Checking since 6/4/2026, 3:51:32 pm
📨 Found 0 new messages
✅ Nothing new. Done.

🌉 OWU Bridge — 6/4/2026, 4:01:33 pm
📅 Checking since 6/4/2026, 3:56:33 pm
📨 Found 0 new messages
✅ Nothing new. Done.

🌉 OWU Bridge — 6/4/2026, 4:06:33 pm
📅 Checking since 6/4/2026, 4:01:33 pm
📨 Found 0 new messages
✅ Nothing new. Done.

🌉 OWU Bridge — 6/4/2026, 4:11:33 pm
📅 Checking since 6/4/2026, 4:06:33 pm
📨 Found 0 new messages
✅ Nothing new. Done.

🌉 OWU Bridge — 6/4/2026, 4:16:33 pm
📅 Checking since 6/4/2026, 4:11:33 pm
📨 Found 0 new messages
✅ Nothing new. Done.

🌉 OWU Bridge — 6/4/2026, 4:21:33 pm
📅 Checking since 6/4/2026, 4:16:33 pm
📨 Found 0 new messages
✅ Nothing new. Done.

🌉 OWU Bridge — 6/4/2026, 4:26:34 pm
📅 Checking since 6/4/2026, 4:21:34 pm
📨 Found 0 new messages
✅ Nothing new. Done.

🌉 OWU Bridge — 6/4/2026, 4:31:34 pm
📅 Checking since 6/4/2026, 4:26:34 pm
📨 Found 0 new messages
✅ Nothing new. Done.

🌉 OWU Bridge — 6/4/2026, 4:36:34 pm
📅 Checking since 6/4/2026, 4:31:34 pm
📨 Found 0 new messages
✅ Nothing new. Done.

🌉 OWU Bridge — 6/4/2026, 4:41:34 pm
📅 Checking since 6/4/2026, 4:36:34 pm
📨 Found 0 new messages
✅ Nothing new. Done.

🌉 OWU Bridge — 6/4/2026, 5:35:58 pm
📅 Checking since 6/4/2026, 4:41:35 pm
📨 Found 0 new messages
✅ Nothing new. Done.

🌉 OWU Bridge — 6/4/2026, 6:56:58 pm
📅 Checking since 6/4/2026, 5:35:58 pm
📨 Found 0 new messages
✅ Nothing new. Done.

🌉 OWU Bridge — 6/4/2026, 8:29:55 pm
📅 Checking since 6/4/2026, 6:56:58 pm
📨 Found 0 new messages
✅ Nothing new. Done.

🌉 OWU Bridge — 6/4/2026, 8:48:00 pm
📅 Checking since 6/4/2026, 8:29:55 pm
📨 Found 0 new messages
✅ Nothing new. Done.

🌉 OWU Bridge — 6/4/2026, 8:53:00 pm
📅 Checking since 6/4/2026, 8:48:00 pm
📨 Found 0 new messages
✅ Nothing new. Done.

🌉 OWU Bridge — 6/4/2026, 9:13:57 pm
📅 Checking since 6/4/2026, 8:53:00 pm
📨 Found 0 new messages
✅ Nothing new. Done.

🌉 OWU Bridge — 6/4/2026, 10:53:41 pm
📅 Checking since 6/4/2026, 9:13:57 pm
📨 Found 0 new messages
✅ Nothing new. Done.

🌉 OWU Bridge — 6/4/2026, 11:19:34 pm
📅 Checking since 6/4/2026, 10:53:42 pm
📨 Found 0 new messages
✅ Nothing new. Done.

🌉 OWU Bridge — 6/4/2026, 11:24:34 pm
📅 Checking since 6/4/2026, 11:19:34 pm
📨 Found 0 new messages
✅ Nothing new. Done.

🌉 OWU Bridge — 6/4/2026, 11:29:34 pm
📅 Checking since 6/4/2026, 11:24:34 pm
📨 Found 0 new messages
✅ Nothing new. Done.

🌉 OWU Bridge — 6/4/2026, 11:34:34 pm
📅 Checking since 6/4/2026, 11:29:34 pm
📨 Found 0 new messages
✅ Nothing new. Done.

🌉 OWU Bridge — 6/4/2026, 11:39:34 pm
📅 Checking since 6/4/2026, 11:34:34 pm
📨 Found 0 new messages
✅ Nothing new. Done.

🌉 OWU Bridge — 6/4/2026, 11:44:35 pm
📅 Checking since 6/4/2026, 11:39:35 pm
📨 Found 0 new messages
✅ Nothing new. Done.

🌉 OWU Bridge — 6/4/2026, 11:49:35 pm
📅 Checking since 6/4/2026, 11:44:35 pm
📨 Found 0 new messages
✅ Nothing new. Done.

🌉 OWU Bridge — 6/4/2026, 11:54:35 pm
📅 Checking since 6/4/2026, 11:49:35 pm
📨 Found 0 new messages
✅ Nothing new. Done.

🌉 OWU Bridge — 6/4/2026, 11:59:35 pm
📅 Checking since 6/4/2026, 11:54:35 pm
📨 Found 0 new messages
✅ Nothing new. Done.

🌉 OWU Bridge — 7/4/2026, 12:04:36 am
📅 Checking since 6/4/2026, 11:59:35 pm
📨 Found 0 new messages
✅ Nothing new. Done.

🌉 OWU Bridge — 7/4/2026, 12:09:36 am
📅 Checking since 7/4/2026, 12:04:36 am
📨 Found 0 new messages
✅ Nothing new. Done.

🌉 OWU Bridge — 7/4/2026, 12:12:49 am
📅 Checking since 7/4/2026, 12:09:36 am

🌉 OWU Bridge — 7/4/2026, 12:17:50 am
📅 Checking since 7/4/2026, 12:09:36 am

🌉 OWU Bridge — 7/4/2026, 12:22:50 am
📅 Checking since 7/4/2026, 12:09:36 am

🌉 OWU Bridge — 7/4/2026, 12:27:50 am
📅 Checking since 7/4/2026, 12:09:36 am

🌉 OWU Bridge — 7/4/2026, 12:32:50 am
📅 Checking since 7/4/2026, 12:09:36 am

🌉 OWU Bridge — 7/4/2026, 12:37:51 am
📅 Checking since 7/4/2026, 12:09:36 am

🌉 OWU Bridge — 7/4/2026, 12:42:51 am
📅 Checking since 7/4/2026, 12:09:36 am

🌉 OWU Bridge — 7/4/2026, 12:47:51 am
📅 Checking since 7/4/2026, 12:09:36 am

🌉 OWU Bridge — 7/4/2026, 12:52:52 am
📅 Checking since 7/4/2026, 12:09:36 am

🌉 OWU Bridge — 7/4/2026, 12:57:52 am
📅 Checking since 7/4/2026, 12:09:36 am

🌉 OWU Bridge — 7/4/2026, 1:02:52 am
📅 Checking since 7/4/2026, 12:09:36 am

🌉 OWU Bridge — 7/4/2026, 1:07:52 am
📅 Checking since 7/4/2026, 12:09:36 am

🌉 OWU Bridge — 7/4/2026, 1:12:53 am
📅 Checking since 7/4/2026, 12:09:36 am

🌉 OWU Bridge — 7/4/2026, 1:17:53 am
📅 Checking since 7/4/2026, 12:09:36 am

🌉 OWU Bridge — 7/4/2026, 1:22:53 am
📅 Checking since 7/4/2026, 12:09:36 am

🌉 OWU Bridge — 7/4/2026, 1:27:54 am
📅 Checking since 7/4/2026, 12:09:36 am

🌉 OWU Bridge — 7/4/2026, 1:32:54 am
📅 Checking since 7/4/2026, 12:09:36 am

🌉 OWU Bridge — 7/4/2026, 1:37:54 am
📅 Checking since 7/4/2026, 12:09:36 am

🌉 OWU Bridge — 7/4/2026, 1:42:55 am
📅 Checking since 7/4/2026, 12:09:36 am

🌉 OWU Bridge — 7/4/2026, 1:47:55 am
📅 Checking since 7/4/2026, 12:09:36 am

🌉 OWU Bridge — 7/4/2026, 1:52:55 am
📅 Checking since 7/4/2026, 12:09:36 am

🌉 OWU Bridge — 7/4/2026, 1:57:56 am
📅 Checking since 7/4/2026, 12:09:36 am

🌉 OWU Bridge — 7/4/2026, 2:02:56 am
📅 Checking since 7/4/2026, 12:09:36 am

🌉 OWU Bridge — 7/4/2026, 2:07:58 am
📅 Checking since 7/4/2026, 12:09:36 am

🌉 OWU Bridge — 7/4/2026, 2:12:58 am
📅 Checking since 7/4/2026, 12:09:36 am

🌉 OWU Bridge — 7/4/2026, 2:17:58 am
📅 Checking since 7/4/2026, 12:09:36 am

🌉 OWU Bridge — 7/4/2026, 2:22:58 am
📅 Checking since 7/4/2026, 12:09:36 am

🌉 OWU Bridge — 7/4/2026, 2:27:58 am
📅 Checking since 7/4/2026, 12:09:36 am

🌉 OWU Bridge — 7/4/2026, 2:32:58 am
📅 Checking since 7/4/2026, 12:09:36 am

🌉 OWU Bridge — 7/4/2026, 2:37:59 am
📅 Checking since 7/4/2026, 12:09:36 am

🌉 OWU Bridge — 7/4/2026, 2:42:59 am
📅 Checking since 7/4/2026, 12:09:36 am

🌉 OWU Bridge — 7/4/2026, 2:47:59 am
📅 Checking since 7/4/2026, 12:09:36 am

🌉 OWU Bridge — 7/4/2026, 2:52:59 am
📅 Checking since 7/4/2026, 12:09:36 am

🌉 OWU Bridge — 7/4/2026, 2:57:59 am
📅 Checking since 7/4/2026, 12:09:36 am

🌉 OWU Bridge — 7/4/2026, 3:03:00 am
📅 Checking since 7/4/2026, 12:09:36 am

🌉 OWU Bridge — 7/4/2026, 3:08:00 am
📅 Checking since 7/4/2026, 12:09:36 am

🌉 OWU Bridge — 7/4/2026, 3:27:41 am
📅 Checking since 7/4/2026, 12:09:36 am

🌉 OWU Bridge — 7/4/2026, 3:32:42 am
📅 Checking since 7/4/2026, 12:09:36 am

🌉 OWU Bridge — 7/4/2026, 3:53:14 am
📅 Checking since 7/4/2026, 12:09:36 am

🌉 OWU Bridge — 7/4/2026, 5:02:28 am
📅 Checking since 7/4/2026, 12:09:36 am

🌉 OWU Bridge — 7/4/2026, 6:25:43 am
📅 Checking since 7/4/2026, 12:09:36 am

🌉 OWU Bridge — 7/4/2026, 7:52:09 am
📅 Checking since 7/4/2026, 12:09:36 am

🌉 OWU Bridge — 7/4/2026, 9:09:34 am
📅 Checking since 7/4/2026, 12:09:36 am

🌉 OWU Bridge — 7/4/2026, 9:22:18 am
📅 Checking since 7/4/2026, 12:09:36 am

🌉 OWU Bridge — 7/4/2026, 9:27:18 am
📅 Checking since 7/4/2026, 12:09:36 am

🌉 OWU Bridge — 7/4/2026, 10:52:21 am
📅 Checking since 7/4/2026, 12:09:36 am

🌉 OWU Bridge — 7/4/2026, 12:14:24 pm
📅 Checking since 7/4/2026, 12:09:36 am

🌉 OWU Bridge — 7/4/2026, 1:43:06 pm
📅 Checking since 7/4/2026, 12:09:36 am

🌉 OWU Bridge — 7/4/2026, 2:32:38 pm
📅 Checking since 7/4/2026, 12:09:36 am

🌉 OWU Bridge — 7/4/2026, 2:37:38 pm
📅 Checking since 7/4/2026, 12:09:36 am

🌉 OWU Bridge — 7/4/2026, 3:13:04 pm
📅 Checking since 7/4/2026, 12:09:36 am

🌉 OWU Bridge — 7/4/2026, 3:25:27 pm
📅 Checking since 7/4/2026, 12:09:36 am

🌉 OWU Bridge — 7/4/2026, 3:30:28 pm
📅 Checking since 7/4/2026, 12:09:36 am

🌉 OWU Bridge — 7/4/2026, 5:09:39 pm
📅 Checking since 7/4/2026, 12:09:36 am

🌉 OWU Bridge — 7/4/2026, 6:27:09 pm
📅 Checking since 7/4/2026, 12:09:36 am

🌉 OWU Bridge — 7/4/2026, 6:32:10 pm
📅 Checking since 7/4/2026, 12:09:36 am

🌉 OWU Bridge — 7/4/2026, 6:37:10 pm
📅 Checking since 7/4/2026, 12:09:36 am

🌉 OWU Bridge — 7/4/2026, 6:42:10 pm
📅 Checking since 7/4/2026, 12:09:36 am

🌉 OWU Bridge — 7/4/2026, 6:47:10 pm
📅 Checking since 7/4/2026, 12:09:36 am

🌉 OWU Bridge — 7/4/2026, 6:52:11 pm
📅 Checking since 7/4/2026, 12:09:36 am

🌉 OWU Bridge — 7/4/2026, 6:57:11 pm
📅 Checking since 7/4/2026, 12:09:36 am

🌉 OWU Bridge — 7/4/2026, 7:02:11 pm
📅 Checking since 7/4/2026, 12:09:36 am

🌉 OWU Bridge — 7/4/2026, 7:07:11 pm
📅 Checking since 7/4/2026, 12:09:36 am

🌉 OWU Bridge — 7/4/2026, 7:12:12 pm
📅 Checking since 7/4/2026, 12:09:36 am

🌉 OWU Bridge — 7/4/2026, 7:17:12 pm
📅 Checking since 7/4/2026, 12:09:36 am

🌉 OWU Bridge — 7/4/2026, 7:22:12 pm
📅 Checking since 7/4/2026, 12:09:36 am

🌉 OWU Bridge — 7/4/2026, 7:27:13 pm
📅 Checking since 7/4/2026, 12:09:36 am

🌉 OWU Bridge — 7/4/2026, 7:32:13 pm
📅 Checking since 7/4/2026, 12:09:36 am

🌉 OWU Bridge — 7/4/2026, 7:37:13 pm
📅 Checking since 7/4/2026, 12:09:36 am

🌉 OWU Bridge — 7/4/2026, 7:42:13 pm
📅 Checking since 7/4/2026, 12:09:36 am

🌉 OWU Bridge — 7/4/2026, 7:47:14 pm
📅 Checking since 7/4/2026, 12:09:36 am

🌉 OWU Bridge — 7/4/2026, 7:52:14 pm
📅 Checking since 7/4/2026, 12:09:36 am

🌉 OWU Bridge — 7/4/2026, 7:57:14 pm
📅 Checking since 7/4/2026, 12:09:36 am

🌉 OWU Bridge — 7/4/2026, 8:02:15 pm
📅 Checking since 7/4/2026, 12:09:36 am

🌉 OWU Bridge — 7/4/2026, 8:07:15 pm
📅 Checking since 7/4/2026, 12:09:36 am

🌉 OWU Bridge — 7/4/2026, 8:12:15 pm
📅 Checking since 7/4/2026, 12:09:36 am

🌉 OWU Bridge — 7/4/2026, 8:17:15 pm
📅 Checking since 7/4/2026, 12:09:36 am

🌉 OWU Bridge — 7/4/2026, 8:22:16 pm
📅 Checking since 7/4/2026, 12:09:36 am

🌉 OWU Bridge — 7/4/2026, 8:27:16 pm
📅 Checking since 7/4/2026, 12:09:36 am

🌉 OWU Bridge — 7/4/2026, 9:06:26 pm
📅 Checking since 7/4/2026, 12:09:36 am

🌉 OWU Bridge — 7/4/2026, 9:11:26 pm
📅 Checking since 7/4/2026, 12:09:36 am

🌉 OWU Bridge — 7/4/2026, 9:16:27 pm
📅 Checking since 7/4/2026, 12:09:36 am

🌉 OWU Bridge — 7/4/2026, 9:21:27 pm
📅 Checking since 7/4/2026, 12:09:36 am

🌉 OWU Bridge — 7/4/2026, 9:26:27 pm
📅 Checking since 7/4/2026, 12:09:36 am

🌉 OWU Bridge — 7/4/2026, 9:31:27 pm
📅 Checking since 7/4/2026, 12:09:36 am

🌉 OWU Bridge — 7/4/2026, 9:36:28 pm
📅 Checking since 7/4/2026, 12:09:36 am

🌉 OWU Bridge — 7/4/2026, 9:41:28 pm
📅 Checking since 7/4/2026, 12:09:36 am

🌉 OWU Bridge — 7/4/2026, 9:46:28 pm
📅 Checking since 7/4/2026, 12:09:36 am

🌉 OWU Bridge — 7/4/2026, 9:51:29 pm
📅 Checking since 7/4/2026, 12:09:36 am

🌉 OWU Bridge — 7/4/2026, 9:56:29 pm
📅 Checking since 7/4/2026, 12:09:36 am

🌉 OWU Bridge — 7/4/2026, 10:01:29 pm
📅 Checking since 7/4/2026, 12:09:36 am

🌉 OWU Bridge — 7/4/2026, 10:06:29 pm
📅 Checking since 7/4/2026, 12:09:36 am

🌉 OWU Bridge — 7/4/2026, 10:11:30 pm
📅 Checking since 7/4/2026, 12:09:36 am

🌉 OWU Bridge — 7/4/2026, 10:16:30 pm
📅 Checking since 7/4/2026, 12:09:36 am

🌉 OWU Bridge — 7/4/2026, 10:21:30 pm
📅 Checking since 7/4/2026, 12:09:36 am

🌉 OWU Bridge — 7/4/2026, 10:26:31 pm
📅 Checking since 7/4/2026, 12:09:36 am

🌉 OWU Bridge — 7/4/2026, 10:31:31 pm
📅 Checking since 7/4/2026, 12:09:36 am

🌉 OWU Bridge — 7/4/2026, 10:36:31 pm
📅 Checking since 7/4/2026, 12:09:36 am

🌉 OWU Bridge — 7/4/2026, 10:41:32 pm
📅 Checking since 7/4/2026, 12:09:36 am

🌉 OWU Bridge — 7/4/2026, 10:46:32 pm
📅 Checking since 7/4/2026, 12:09:36 am

🌉 OWU Bridge — 7/4/2026, 10:51:32 pm
📅 Checking since 7/4/2026, 12:09:36 am

🌉 OWU Bridge — 7/4/2026, 10:56:32 pm
📅 Checking since 7/4/2026, 12:09:36 am

🌉 OWU Bridge — 7/4/2026, 11:01:33 pm
📅 Checking since 7/4/2026, 12:09:36 am

🌉 OWU Bridge — 7/4/2026, 11:06:33 pm
📅 Checking since 7/4/2026, 12:09:36 am

🌉 OWU Bridge — 7/4/2026, 11:11:33 pm
📅 Checking since 7/4/2026, 12:09:36 am

🌉 OWU Bridge — 7/4/2026, 11:16:34 pm
📅 Checking since 7/4/2026, 12:09:36 am

🌉 OWU Bridge — 7/4/2026, 11:21:34 pm
📅 Checking since 7/4/2026, 12:09:36 am

🌉 OWU Bridge — 7/4/2026, 11:26:34 pm
📅 Checking since 7/4/2026, 12:09:36 am

🌉 OWU Bridge — 7/4/2026, 11:47:00 pm
📅 Checking since 7/4/2026, 12:09:36 am

🌉 OWU Bridge — 8/4/2026, 12:08:23 am
📅 Checking since 7/4/2026, 12:09:36 am

🌉 OWU Bridge — 8/4/2026, 12:13:24 am
📅 Checking since 7/4/2026, 12:09:36 am

🌉 OWU Bridge — 8/4/2026, 12:18:24 am
📅 Checking since 7/4/2026, 12:09:36 am

🌉 OWU Bridge — 8/4/2026, 12:23:24 am
📅 Checking since 7/4/2026, 12:09:36 am

🌉 OWU Bridge — 8/4/2026, 12:28:25 am
📅 Checking since 7/4/2026, 12:09:36 am

🌉 OWU Bridge — 8/4/2026, 12:33:25 am
📅 Checking since 7/4/2026, 12:09:36 am

🌉 OWU Bridge — 8/4/2026, 12:38:25 am
📅 Checking since 7/4/2026, 12:09:36 am

🌉 OWU Bridge — 8/4/2026, 12:43:25 am
📅 Checking since 7/4/2026, 12:09:36 am

🌉 OWU Bridge — 8/4/2026, 12:48:26 am
📅 Checking since 7/4/2026, 12:09:36 am

🌉 OWU Bridge — 8/4/2026, 12:53:26 am
📅 Checking since 7/4/2026, 12:09:36 am

🌉 OWU Bridge — 8/4/2026, 12:58:26 am
📅 Checking since 7/4/2026, 12:09:36 am

🌉 OWU Bridge — 8/4/2026, 1:03:27 am
📅 Checking since 7/4/2026, 12:09:36 am

🌉 OWU Bridge — 8/4/2026, 1:08:27 am
📅 Checking since 7/4/2026, 12:09:36 am

🌉 OWU Bridge — 8/4/2026, 1:13:28 am
📅 Checking since 7/4/2026, 12:09:36 am

🌉 OWU Bridge — 8/4/2026, 1:18:35 am
📅 Checking since 7/4/2026, 12:09:36 am

🌉 OWU Bridge — 8/4/2026, 1:23:37 am
📅 Checking since 7/4/2026, 12:09:36 am

🌉 OWU Bridge — 8/4/2026, 1:28:37 am
📅 Checking since 7/4/2026, 12:09:36 am

🌉 OWU Bridge — 8/4/2026, 1:33:37 am
📅 Checking since 7/4/2026, 12:09:36 am

🌉 OWU Bridge — 8/4/2026, 1:38:38 am
📅 Checking since 7/4/2026, 12:09:36 am

🌉 OWU Bridge — 8/4/2026, 1:43:40 am
📅 Checking since 7/4/2026, 12:09:36 am

🌉 OWU Bridge — 8/4/2026, 1:48:41 am
📅 Checking since 7/4/2026, 12:09:36 am

🌉 OWU Bridge — 8/4/2026, 1:53:41 am
📅 Checking since 7/4/2026, 12:09:36 am

🌉 OWU Bridge — 8/4/2026, 1:58:41 am
📅 Checking since 7/4/2026, 12:09:36 am

🌉 OWU Bridge — 8/4/2026, 2:03:42 am
📅 Checking since 7/4/2026, 12:09:36 am

🌉 OWU Bridge — 8/4/2026, 2:08:42 am
📅 Checking since 7/4/2026, 12:09:36 am

🌉 OWU Bridge — 8/4/2026, 2:13:42 am
📅 Checking since 7/4/2026, 12:09:36 am

🌉 OWU Bridge — 8/4/2026, 2:18:42 am
📅 Checking since 7/4/2026, 12:09:36 am

🌉 OWU Bridge — 8/4/2026, 2:23:43 am
📅 Checking since 7/4/2026, 12:09:36 am

🌉 OWU Bridge — 8/4/2026, 2:28:43 am
📅 Checking since 7/4/2026, 12:09:36 am

🌉 OWU Bridge — 8/4/2026, 2:33:43 am
📅 Checking since 7/4/2026, 12:09:36 am

🌉 OWU Bridge — 8/4/2026, 2:38:44 am
📅 Checking since 7/4/2026, 12:09:36 am

🌉 OWU Bridge — 8/4/2026, 2:43:44 am
📅 Checking since 7/4/2026, 12:09:36 am

🌉 OWU Bridge — 8/4/2026, 2:48:44 am
📅 Checking since 7/4/2026, 12:09:36 am

🌉 OWU Bridge — 8/4/2026, 2:53:44 am
📅 Checking since 7/4/2026, 12:09:36 am

🌉 OWU Bridge — 8/4/2026, 2:58:45 am
📅 Checking since 7/4/2026, 12:09:36 am

🌉 OWU Bridge — 8/4/2026, 3:03:45 am
📅 Checking since 7/4/2026, 12:09:36 am

🌉 OWU Bridge — 8/4/2026, 3:08:45 am
📅 Checking since 7/4/2026, 12:09:36 am

🌉 OWU Bridge — 8/4/2026, 3:13:46 am
📅 Checking since 7/4/2026, 12:09:36 am

🌉 OWU Bridge — 8/4/2026, 3:18:46 am
📅 Checking since 7/4/2026, 12:09:36 am

🌉 OWU Bridge — 8/4/2026, 3:23:46 am
📅 Checking since 7/4/2026, 12:09:36 am

🌉 OWU Bridge — 8/4/2026, 3:28:47 am
📅 Checking since 7/4/2026, 12:09:36 am

🌉 OWU Bridge — 8/4/2026, 3:33:47 am
📅 Checking since 7/4/2026, 12:09:36 am

🌉 OWU Bridge — 8/4/2026, 3:38:47 am
📅 Checking since 7/4/2026, 12:09:36 am

🌉 OWU Bridge — 8/4/2026, 3:43:48 am
📅 Checking since 7/4/2026, 12:09:36 am

🌉 OWU Bridge — 8/4/2026, 3:48:48 am
📅 Checking since 7/4/2026, 12:09:36 am

🌉 OWU Bridge — 8/4/2026, 3:53:48 am
📅 Checking since 7/4/2026, 12:09:36 am

🌉 OWU Bridge — 8/4/2026, 3:58:49 am
📅 Checking since 7/4/2026, 12:09:36 am

🌉 OWU Bridge — 8/4/2026, 4:03:49 am
📅 Checking since 7/4/2026, 12:09:36 am

🌉 OWU Bridge — 8/4/2026, 4:55:27 am
📅 Checking since 7/4/2026, 12:09:36 am

🌉 OWU Bridge — 8/4/2026, 5:33:08 am
📅 Checking since 7/4/2026, 12:09:36 am

🌉 OWU Bridge — 8/4/2026, 5:54:01 am
📅 Checking since 7/4/2026, 12:09:36 am

🌉 OWU Bridge — 8/4/2026, 5:59:01 am
📅 Checking since 7/4/2026, 12:09:36 am

🌉 OWU Bridge — 8/4/2026, 6:04:01 am
📅 Checking since 7/4/2026, 12:09:36 am

🌉 OWU Bridge — 8/4/2026, 6:57:25 am
📅 Checking since 7/4/2026, 12:09:36 am

🌉 OWU Bridge — 8/4/2026, 8:17:52 am
📅 Checking since 7/4/2026, 12:09:36 am

🌉 OWU Bridge — 8/4/2026, 9:51:38 am
📅 Checking since 7/4/2026, 12:09:36 am

🌉 OWU Bridge — 8/4/2026, 10:19:56 am
📅 Checking since 7/4/2026, 12:09:36 am

🌉 OWU Bridge — 8/4/2026, 10:24:56 am
📅 Checking since 7/4/2026, 12:09:36 am

🌉 OWU Bridge — 8/4/2026, 10:29:57 am
📅 Checking since 7/4/2026, 12:09:36 am

🌉 OWU Bridge — 8/4/2026, 10:34:57 am
📅 Checking since 7/4/2026, 12:09:36 am

🌉 OWU Bridge — 8/4/2026, 10:39:57 am
📅 Checking since 7/4/2026, 12:09:36 am

🌉 OWU Bridge — 8/4/2026, 10:44:57 am
📅 Checking since 7/4/2026, 12:09:36 am

🌉 OWU Bridge — 8/4/2026, 10:49:58 am
📅 Checking since 7/4/2026, 12:09:36 am

🌉 OWU Bridge — 8/4/2026, 10:54:58 am
📅 Checking since 7/4/2026, 12:09:36 am

🌉 OWU Bridge — 8/4/2026, 10:59:58 am
📅 Checking since 7/4/2026, 12:09:36 am

🌉 OWU Bridge — 8/4/2026, 11:04:59 am
📅 Checking since 7/4/2026, 12:09:36 am

🌉 OWU Bridge — 8/4/2026, 11:09:59 am
📅 Checking since 7/4/2026, 12:09:36 am

🌉 OWU Bridge — 8/4/2026, 11:14:59 am
📅 Checking since 7/4/2026, 12:09:36 am

🌉 OWU Bridge — 8/4/2026, 11:20:00 am
📅 Checking since 7/4/2026, 12:09:36 am

🌉 OWU Bridge — 8/4/2026, 11:25:00 am
📅 Checking since 7/4/2026, 12:09:36 am

🌉 OWU Bridge — 8/4/2026, 11:30:00 am
📅 Checking since 7/4/2026, 12:09:36 am

🌉 OWU Bridge — 8/4/2026, 11:35:01 am
📅 Checking since 7/4/2026, 12:09:36 am

🌉 OWU Bridge — 8/4/2026, 11:40:01 am
📅 Checking since 7/4/2026, 12:09:36 am

🌉 OWU Bridge — 8/4/2026, 11:45:01 am
📅 Checking since 7/4/2026, 12:09:36 am

🌉 OWU Bridge — 8/4/2026, 12:55:04 pm
📅 Checking since 7/4/2026, 12:09:36 am

🌉 OWU Bridge — 8/4/2026, 1:32:59 pm
📅 Checking since 7/4/2026, 12:09:36 am

🌉 OWU Bridge — 8/4/2026, 1:37:59 pm
📅 Checking since 7/4/2026, 12:09:36 am

🌉 OWU Bridge — 8/4/2026, 1:43:00 pm
📅 Checking since 7/4/2026, 12:09:36 am

🌉 OWU Bridge — 8/4/2026, 1:48:00 pm
📅 Checking since 7/4/2026, 12:09:36 am

🌉 OWU Bridge — 8/4/2026, 1:53:00 pm
📅 Checking since 7/4/2026, 12:09:36 am

🌉 OWU Bridge — 8/4/2026, 3:15:04 pm
📅 Checking since 7/4/2026, 12:09:36 am

🌉 OWU Bridge — 8/4/2026, 3:20:10 pm
📅 Checking since 7/4/2026, 12:09:36 am

🌉 OWU Bridge — 8/4/2026, 3:25:10 pm
📅 Checking since 7/4/2026, 12:09:36 am

🌉 OWU Bridge — 8/4/2026, 3:30:11 pm
📅 Checking since 7/4/2026, 12:09:36 am

🌉 OWU Bridge — 8/4/2026, 3:35:11 pm
📅 Checking since 7/4/2026, 12:09:36 am

🌉 OWU Bridge — 8/4/2026, 3:40:11 pm
📅 Checking since 7/4/2026, 12:09:36 am

🌉 OWU Bridge — 8/4/2026, 3:45:12 pm
📅 Checking since 7/4/2026, 12:09:36 am

🌉 OWU Bridge — 8/4/2026, 3:50:12 pm
📅 Checking since 7/4/2026, 12:09:36 am

🌉 OWU Bridge — 8/4/2026, 3:55:12 pm
📅 Checking since 7/4/2026, 12:09:36 am

🌉 OWU Bridge — 8/4/2026, 4:00:13 pm
📅 Checking since 7/4/2026, 12:09:36 am

🌉 OWU Bridge — 8/4/2026, 4:05:13 pm
📅 Checking since 7/4/2026, 12:09:36 am

🌉 OWU Bridge — 8/4/2026, 4:10:13 pm
📅 Checking since 7/4/2026, 12:09:36 am

🌉 OWU Bridge — 8/4/2026, 4:15:13 pm
📅 Checking since 7/4/2026, 12:09:36 am

🌉 OWU Bridge — 8/4/2026, 4:20:14 pm
📅 Checking since 7/4/2026, 12:09:36 am

🌉 OWU Bridge — 8/4/2026, 4:25:14 pm
📅 Checking since 7/4/2026, 12:09:36 am

🌉 OWU Bridge — 8/4/2026, 4:30:14 pm
📅 Checking since 7/4/2026, 12:09:36 am

🌉 OWU Bridge — 8/4/2026, 4:35:15 pm
📅 Checking since 7/4/2026, 12:09:36 am

🌉 OWU Bridge — 8/4/2026, 4:40:15 pm
📅 Checking since 7/4/2026, 12:09:36 am

🌉 OWU Bridge — 8/4/2026, 4:45:15 pm
📅 Checking since 7/4/2026, 12:09:36 am

🌉 OWU Bridge — 8/4/2026, 4:50:16 pm
📅 Checking since 7/4/2026, 12:09:36 am

🌉 OWU Bridge — 8/4/2026, 4:55:16 pm
📅 Checking since 7/4/2026, 12:09:36 am

🌉 OWU Bridge — 8/4/2026, 5:00:16 pm
📅 Checking since 7/4/2026, 12:09:36 am

🌉 OWU Bridge — 8/4/2026, 5:05:17 pm
📅 Checking since 7/4/2026, 12:09:36 am

🌉 OWU Bridge — 8/4/2026, 5:12:23 pm
📅 Checking since 7/4/2026, 12:09:36 am

🌉 OWU Bridge — 8/4/2026, 5:17:23 pm
📅 Checking since 7/4/2026, 12:09:36 am

🌉 OWU Bridge — 8/4/2026, 5:23:56 pm
📅 Checking since 7/4/2026, 12:09:36 am

🌉 OWU Bridge — 8/4/2026, 5:28:56 pm
📅 Checking since 7/4/2026, 12:09:36 am

🌉 OWU Bridge — 8/4/2026, 5:33:57 pm
📅 Checking since 7/4/2026, 12:09:36 am

🌉 OWU Bridge — 8/4/2026, 5:38:57 pm
📅 Checking since 7/4/2026, 12:09:36 am

🌉 OWU Bridge — 8/4/2026, 5:48:50 pm
📅 Checking since 7/4/2026, 12:09:36 am

🌉 OWU Bridge — 8/4/2026, 5:53:50 pm
📅 Checking since 7/4/2026, 12:09:36 am

🌉 OWU Bridge — 8/4/2026, 5:58:50 pm
📅 Checking since 7/4/2026, 12:09:36 am

🌉 OWU Bridge — 8/4/2026, 6:03:51 pm
📅 Checking since 7/4/2026, 12:09:36 am

🌉 OWU Bridge — 8/4/2026, 6:08:51 pm
📅 Checking since 7/4/2026, 12:09:36 am

🌉 OWU Bridge — 8/4/2026, 6:13:51 pm
📅 Checking since 7/4/2026, 12:09:36 am

🌉 OWU Bridge — 8/4/2026, 6:18:52 pm
📅 Checking since 7/4/2026, 12:09:36 am

🌉 OWU Bridge — 8/4/2026, 6:23:52 pm
📅 Checking since 7/4/2026, 12:09:36 am

🌉 OWU Bridge — 8/4/2026, 6:28:52 pm
📅 Checking since 7/4/2026, 12:09:36 am

🌉 OWU Bridge — 8/4/2026, 7:21:49 pm
📅 Checking since 7/4/2026, 12:09:36 am

🌉 OWU Bridge — 8/4/2026, 8:46:16 pm
📅 Checking since 7/4/2026, 12:09:36 am

🌉 OWU Bridge — 8/4/2026, 10:04:05 pm
📅 Checking since 7/4/2026, 12:09:36 am

🌉 OWU Bridge — 8/4/2026, 10:09:05 pm
📅 Checking since 7/4/2026, 12:09:36 am

🌉 OWU Bridge — 8/4/2026, 10:14:05 pm
📅 Checking since 7/4/2026, 12:09:36 am

🌉 OWU Bridge — 8/4/2026, 10:19:06 pm
📅 Checking since 7/4/2026, 12:09:36 am

🌉 OWU Bridge — 8/4/2026, 10:24:06 pm
📅 Checking since 7/4/2026, 12:09:36 am

🌉 OWU Bridge — 8/4/2026, 10:29:06 pm
📅 Checking since 7/4/2026, 12:09:36 am

🌉 OWU Bridge — 8/4/2026, 10:34:07 pm
📅 Checking since 7/4/2026, 12:09:36 am

🌉 OWU Bridge — 8/4/2026, 10:39:07 pm
📅 Checking since 7/4/2026, 12:09:36 am

🌉 OWU Bridge — 8/4/2026, 10:44:07 pm
📅 Checking since 7/4/2026, 12:09:36 am

🌉 OWU Bridge — 8/4/2026, 10:49:08 pm
📅 Checking since 7/4/2026, 12:09:36 am

🌉 OWU Bridge — 8/4/2026, 10:54:08 pm
📅 Checking since 7/4/2026, 12:09:36 am

🌉 OWU Bridge — 8/4/2026, 10:59:08 pm
📅 Checking since 7/4/2026, 12:09:36 am

🌉 OWU Bridge — 9/4/2026, 12:08:14 am
📅 Checking since 7/4/2026, 12:09:36 am

🌉 OWU Bridge — 9/4/2026, 12:44:08 am
📅 Checking since 7/4/2026, 12:09:36 am

🌉 OWU Bridge — 9/4/2026, 12:49:08 am
📅 Checking since 7/4/2026, 12:09:36 am

🌉 OWU Bridge — 9/4/2026, 12:54:08 am
📅 Checking since 7/4/2026, 12:09:36 am

🌉 OWU Bridge — 9/4/2026, 12:59:09 am
📅 Checking since 7/4/2026, 12:09:36 am

🌉 OWU Bridge — 9/4/2026, 1:04:09 am
📅 Checking since 7/4/2026, 12:09:36 am

🌉 OWU Bridge — 9/4/2026, 1:09:09 am
📅 Checking since 7/4/2026, 12:09:36 am

🌉 OWU Bridge — 9/4/2026, 1:14:10 am
📅 Checking since 7/4/2026, 12:09:36 am

🌉 OWU Bridge — 9/4/2026, 1:19:10 am
📅 Checking since 7/4/2026, 12:09:36 am

🌉 OWU Bridge — 9/4/2026, 1:24:10 am
📅 Checking since 7/4/2026, 12:09:36 am

🌉 OWU Bridge — 9/4/2026, 1:29:11 am
📅 Checking since 7/4/2026, 12:09:36 am

🌉 OWU Bridge — 9/4/2026, 1:34:11 am
📅 Checking since 7/4/2026, 12:09:36 am

🌉 OWU Bridge — 9/4/2026, 1:39:11 am
📅 Checking since 7/4/2026, 12:09:36 am

🌉 OWU Bridge — 9/4/2026, 1:44:12 am
📅 Checking since 7/4/2026, 12:09:36 am

🌉 OWU Bridge — 9/4/2026, 1:49:12 am
📅 Checking since 7/4/2026, 12:09:36 am

🌉 OWU Bridge — 9/4/2026, 1:54:12 am
📅 Checking since 7/4/2026, 12:09:36 am

🌉 OWU Bridge — 9/4/2026, 1:59:13 am
📅 Checking since 7/4/2026, 12:09:36 am

🌉 OWU Bridge — 9/4/2026, 2:04:13 am
📅 Checking since 7/4/2026, 12:09:36 am

🌉 OWU Bridge — 9/4/2026, 2:09:13 am
📅 Checking since 7/4/2026, 12:09:36 am

🌉 OWU Bridge — 9/4/2026, 2:14:14 am
📅 Checking since 7/4/2026, 12:09:36 am

🌉 OWU Bridge — 9/4/2026, 2:19:14 am
📅 Checking since 7/4/2026, 12:09:36 am

🌉 OWU Bridge — 9/4/2026, 2:24:14 am
📅 Checking since 7/4/2026, 12:09:36 am

🌉 OWU Bridge — 9/4/2026, 2:29:14 am
📅 Checking since 7/4/2026, 12:09:36 am

🌉 OWU Bridge — 9/4/2026, 2:34:15 am
📅 Checking since 7/4/2026, 12:09:36 am

🌉 OWU Bridge — 9/4/2026, 2:39:15 am
📅 Checking since 7/4/2026, 12:09:36 am

🌉 OWU Bridge — 9/4/2026, 2:44:15 am
📅 Checking since 7/4/2026, 12:09:36 am

🌉 OWU Bridge — 9/4/2026, 2:49:16 am
📅 Checking since 7/4/2026, 12:09:36 am

🌉 OWU Bridge — 9/4/2026, 2:54:16 am
📅 Checking since 7/4/2026, 12:09:36 am

🌉 OWU Bridge — 9/4/2026, 2:59:16 am
📅 Checking since 7/4/2026, 12:09:36 am

🌉 OWU Bridge — 9/4/2026, 3:04:17 am
📅 Checking since 7/4/2026, 12:09:36 am

🌉 OWU Bridge — 9/4/2026, 3:09:17 am
📅 Checking since 7/4/2026, 12:09:36 am

🌉 OWU Bridge — 9/4/2026, 3:14:17 am
📅 Checking since 7/4/2026, 12:09:36 am

🌉 OWU Bridge — 9/4/2026, 3:19:18 am
📅 Checking since 7/4/2026, 12:09:36 am

🌉 OWU Bridge — 9/4/2026, 3:24:18 am
📅 Checking since 7/4/2026, 12:09:36 am

🌉 OWU Bridge — 9/4/2026, 3:29:18 am
📅 Checking since 7/4/2026, 12:09:36 am

🌉 OWU Bridge — 9/4/2026, 3:34:19 am
📅 Checking since 7/4/2026, 12:09:36 am

🌉 OWU Bridge — 9/4/2026, 3:39:19 am
📅 Checking since 7/4/2026, 12:09:36 am

🌉 OWU Bridge — 9/4/2026, 3:44:19 am
📅 Checking since 7/4/2026, 12:09:36 am

🌉 OWU Bridge — 9/4/2026, 3:49:20 am
📅 Checking since 7/4/2026, 12:09:36 am

🌉 OWU Bridge — 9/4/2026, 3:54:20 am
📅 Checking since 7/4/2026, 12:09:36 am

🌉 OWU Bridge — 9/4/2026, 3:59:20 am
📅 Checking since 7/4/2026, 12:09:36 am

🌉 OWU Bridge — 9/4/2026, 4:04:21 am
📅 Checking since 7/4/2026, 12:09:36 am

🌉 OWU Bridge — 9/4/2026, 4:09:21 am
📅 Checking since 7/4/2026, 12:09:36 am

🌉 OWU Bridge — 9/4/2026, 4:30:18 am
📅 Checking since 7/4/2026, 12:09:36 am

🌉 OWU Bridge — 9/4/2026, 4:35:19 am
📅 Checking since 7/4/2026, 12:09:36 am

🌉 OWU Bridge — 9/4/2026, 4:40:19 am
📅 Checking since 7/4/2026, 12:09:36 am

🌉 OWU Bridge — 9/4/2026, 4:45:19 am
📅 Checking since 7/4/2026, 12:09:36 am

🌉 OWU Bridge — 9/4/2026, 4:50:19 am
📅 Checking since 7/4/2026, 12:09:36 am

🌉 OWU Bridge — 9/4/2026, 4:55:20 am
📅 Checking since 7/4/2026, 12:09:36 am

🌉 OWU Bridge — 9/4/2026, 5:00:20 am
📅 Checking since 7/4/2026, 12:09:36 am

🌉 OWU Bridge — 9/4/2026, 5:05:20 am
📅 Checking since 7/4/2026, 12:09:36 am

🌉 OWU Bridge — 9/4/2026, 5:10:21 am
📅 Checking since 7/4/2026, 12:09:36 am

🌉 OWU Bridge — 9/4/2026, 5:15:21 am
📅 Checking since 7/4/2026, 12:09:36 am

🌉 OWU Bridge — 9/4/2026, 5:20:21 am
📅 Checking since 7/4/2026, 12:09:36 am

🌉 OWU Bridge — 9/4/2026, 5:25:22 am
📅 Checking since 7/4/2026, 12:09:36 am

🌉 OWU Bridge — 9/4/2026, 6:02:58 am
📅 Checking since 7/4/2026, 12:09:36 am

🌉 OWU Bridge — 9/4/2026, 6:44:07 am
📅 Checking since 7/4/2026, 12:09:36 am

🌉 OWU Bridge — 9/4/2026, 7:53:14 am
📅 Checking since 7/4/2026, 12:09:36 am

🌉 OWU Bridge — 9/4/2026, 9:27:15 am
📅 Checking since 7/4/2026, 12:09:36 am

🌉 OWU Bridge — 9/4/2026, 9:59:27 am
📅 Checking since 7/4/2026, 12:09:36 am

🌉 OWU Bridge — 9/4/2026, 10:04:27 am
📅 Checking since 7/4/2026, 12:09:36 am

🌉 OWU Bridge — 9/4/2026, 10:09:27 am
📅 Checking since 7/4/2026, 12:09:36 am

🌉 OWU Bridge — 9/4/2026, 10:14:28 am
📅 Checking since 7/4/2026, 12:09:36 am

🌉 OWU Bridge — 9/4/2026, 10:19:28 am
📅 Checking since 7/4/2026, 12:09:36 am

🌉 OWU Bridge — 9/4/2026, 10:31:52 am
📅 Checking since 7/4/2026, 12:09:36 am

🌉 OWU Bridge — 9/4/2026, 10:36:52 am
📅 Checking since 7/4/2026, 12:09:36 am

🌉 OWU Bridge — 9/4/2026, 10:41:53 am
📅 Checking since 7/4/2026, 12:09:36 am

🌉 OWU Bridge — 9/4/2026, 11:18:47 am
📅 Checking since 7/4/2026, 12:09:36 am

🌉 OWU Bridge — 9/4/2026, 12:42:18 pm
📅 Checking since 7/4/2026, 12:09:36 am

🌉 OWU Bridge — 9/4/2026, 1:33:55 pm
📅 Checking since 7/4/2026, 12:09:36 am

🌉 OWU Bridge — 9/4/2026, 1:38:56 pm
📅 Checking since 7/4/2026, 12:09:36 am

🌉 OWU Bridge — 9/4/2026, 1:43:56 pm
📅 Checking since 7/4/2026, 12:09:36 am

🌉 OWU Bridge — 9/4/2026, 3:23:08 pm
📅 Checking since 7/4/2026, 12:09:36 am

🌉 OWU Bridge — 9/4/2026, 3:42:41 pm
📅 Checking since 7/4/2026, 12:09:36 am

🌉 OWU Bridge — 9/4/2026, 3:47:41 pm
📅 Checking since 7/4/2026, 12:09:36 am

🌉 OWU Bridge — 9/4/2026, 3:52:42 pm
📅 Checking since 7/4/2026, 12:09:36 am

🌉 OWU Bridge — 9/4/2026, 3:57:42 pm
📅 Checking since 7/4/2026, 12:09:36 am

🌉 OWU Bridge — 9/4/2026, 4:02:42 pm
📅 Checking since 7/4/2026, 12:09:36 am

🌉 OWU Bridge — 9/4/2026, 4:07:43 pm
📅 Checking since 7/4/2026, 12:09:36 am

🌉 OWU Bridge — 9/4/2026, 4:12:43 pm
📅 Checking since 7/4/2026, 12:09:36 am

🌉 OWU Bridge — 9/4/2026, 4:17:43 pm
📅 Checking since 7/4/2026, 12:09:36 am

🌉 OWU Bridge — 9/4/2026, 4:22:44 pm
📅 Checking since 7/4/2026, 12:09:36 am

🌉 OWU Bridge — 9/4/2026, 4:27:44 pm
📅 Checking since 7/4/2026, 12:09:36 am

🌉 OWU Bridge — 9/4/2026, 4:32:44 pm
📅 Checking since 7/4/2026, 12:09:36 am

🌉 OWU Bridge — 9/4/2026, 4:37:44 pm
📅 Checking since 7/4/2026, 12:09:36 am

🌉 OWU Bridge — 9/4/2026, 4:42:45 pm
📅 Checking since 7/4/2026, 12:09:36 am

🌉 OWU Bridge — 9/4/2026, 4:47:45 pm
📅 Checking since 7/4/2026, 12:09:36 am

🌉 OWU Bridge — 9/4/2026, 4:52:45 pm
📅 Checking since 7/4/2026, 12:09:36 am

🌉 OWU Bridge — 9/4/2026, 4:57:46 pm
📅 Checking since 7/4/2026, 12:09:36 am

🌉 OWU Bridge — 9/4/2026, 5:02:46 pm
📅 Checking since 7/4/2026, 12:09:36 am

🌉 OWU Bridge — 9/4/2026, 5:56:09 pm
📅 Checking since 7/4/2026, 12:09:36 am

🌉 OWU Bridge — 9/4/2026, 7:33:35 pm
📅 Checking since 7/4/2026, 12:09:36 am

🌉 OWU Bridge — 9/4/2026, 8:05:23 pm
📅 Checking since 7/4/2026, 12:09:36 am

🌉 OWU Bridge — 9/4/2026, 8:10:24 pm
📅 Checking since 7/4/2026, 12:09:36 am

🌉 OWU Bridge — 9/4/2026, 8:15:24 pm
📅 Checking since 7/4/2026, 12:09:36 am

🌉 OWU Bridge — 9/4/2026, 8:20:25 pm
📅 Checking since 7/4/2026, 12:09:36 am

🌉 OWU Bridge — 9/4/2026, 8:25:25 pm
📅 Checking since 7/4/2026, 12:09:36 am

🌉 OWU Bridge — 9/4/2026, 8:30:25 pm
📅 Checking since 7/4/2026, 12:09:36 am

🌉 OWU Bridge — 9/4/2026, 8:35:26 pm
📅 Checking since 7/4/2026, 12:09:36 am

🌉 OWU Bridge — 9/4/2026, 8:40:26 pm
📅 Checking since 7/4/2026, 12:09:36 am

🌉 OWU Bridge — 9/4/2026, 8:45:26 pm
📅 Checking since 7/4/2026, 12:09:36 am

🌉 OWU Bridge — 9/4/2026, 8:50:26 pm
📅 Checking since 7/4/2026, 12:09:36 am

🌉 OWU Bridge — 9/4/2026, 8:55:27 pm
📅 Checking since 7/4/2026, 12:09:36 am

🌉 OWU Bridge — 9/4/2026, 9:00:27 pm
📅 Checking since 7/4/2026, 12:09:36 am

🌉 OWU Bridge — 9/4/2026, 9:05:27 pm
📅 Checking since 7/4/2026, 12:09:36 am

🌉 OWU Bridge — 9/4/2026, 9:10:28 pm
📅 Checking since 7/4/2026, 12:09:36 am

🌉 OWU Bridge — 9/4/2026, 9:15:28 pm
📅 Checking since 7/4/2026, 12:09:36 am

🌉 OWU Bridge — 9/4/2026, 10:03:13 pm
📅 Checking since 7/4/2026, 12:09:36 am

🌉 OWU Bridge — 9/4/2026, 10:08:13 pm
📅 Checking since 7/4/2026, 12:09:36 am

🌉 OWU Bridge — 9/4/2026, 10:13:14 pm
📅 Checking since 7/4/2026, 12:09:36 am

🌉 OWU Bridge — 9/4/2026, 10:18:14 pm
📅 Checking since 7/4/2026, 12:09:36 am

🌉 OWU Bridge — 9/4/2026, 10:23:15 pm
📅 Checking since 7/4/2026, 12:09:36 am

🌉 OWU Bridge — 9/4/2026, 10:28:15 pm
📅 Checking since 7/4/2026, 12:09:36 am

🌉 OWU Bridge — 9/4/2026, 10:37:29 pm
📅 Checking since 7/4/2026, 12:09:36 am

🌉 OWU Bridge — 9/4/2026, 10:42:31 pm
📅 Checking since 7/4/2026, 12:09:36 am

🌉 OWU Bridge — 9/4/2026, 10:47:31 pm
📅 Checking since 7/4/2026, 12:09:36 am

🌉 OWU Bridge — 10/4/2026, 12:23:20 am
📅 Checking since 7/4/2026, 12:09:36 am

🌉 OWU Bridge — 10/4/2026, 12:28:21 am
📅 Checking since 7/4/2026, 12:09:36 am

🌉 OWU Bridge — 10/4/2026, 12:33:21 am
📅 Checking since 7/4/2026, 12:09:36 am

🌉 OWU Bridge — 10/4/2026, 12:38:21 am
📅 Checking since 7/4/2026, 12:09:36 am

🌉 OWU Bridge — 10/4/2026, 12:46:14 am
📅 Checking since 7/4/2026, 12:09:36 am

🌉 OWU Bridge — 10/4/2026, 12:51:22 am
📅 Checking since 7/4/2026, 12:09:36 am

🌉 OWU Bridge — 10/4/2026, 12:56:22 am
📅 Checking since 7/4/2026, 12:09:36 am

🌉 OWU Bridge — 10/4/2026, 1:01:31 am
📅 Checking since 7/4/2026, 12:09:36 am

🌉 OWU Bridge — 10/4/2026, 1:06:40 am
📅 Checking since 7/4/2026, 12:09:36 am

🌉 OWU Bridge — 10/4/2026, 1:11:40 am
📅 Checking since 7/4/2026, 12:09:36 am

🌉 OWU Bridge — 10/4/2026, 1:16:41 am
📅 Checking since 7/4/2026, 12:09:36 am

🌉 OWU Bridge — 10/4/2026, 1:21:44 am
📅 Checking since 7/4/2026, 12:09:36 am

🌉 OWU Bridge — 10/4/2026, 1:26:45 am
📅 Checking since 7/4/2026, 12:09:36 am

🌉 OWU Bridge — 10/4/2026, 1:31:45 am
📅 Checking since 7/4/2026, 12:09:36 am

🌉 OWU Bridge — 10/4/2026, 1:36:45 am
📅 Checking since 7/4/2026, 12:09:36 am

🌉 OWU Bridge — 10/4/2026, 1:41:45 am
📅 Checking since 7/4/2026, 12:09:36 am

🌉 OWU Bridge — 10/4/2026, 1:46:46 am
📅 Checking since 7/4/2026, 12:09:36 am

🌉 OWU Bridge — 10/4/2026, 1:51:59 am
📅 Checking since 7/4/2026, 12:09:36 am

🌉 OWU Bridge — 10/4/2026, 1:57:12 am
📅 Checking since 7/4/2026, 12:09:36 am

🌉 OWU Bridge — 10/4/2026, 2:02:21 am
📅 Checking since 7/4/2026, 12:09:36 am

🌉 OWU Bridge — 10/4/2026, 2:07:40 am
📅 Checking since 7/4/2026, 12:09:36 am

🌉 OWU Bridge — 10/4/2026, 2:12:54 am
📅 Checking since 7/4/2026, 12:09:36 am

🌉 OWU Bridge — 10/4/2026, 2:18:07 am
📅 Checking since 7/4/2026, 12:09:36 am

🌉 OWU Bridge — 10/4/2026, 2:23:20 am
📅 Checking since 7/4/2026, 12:09:36 am

🌉 OWU Bridge — 10/4/2026, 2:28:34 am
📅 Checking since 7/4/2026, 12:09:36 am

🌉 OWU Bridge — 10/4/2026, 2:33:46 am
📅 Checking since 7/4/2026, 12:09:36 am

🌉 OWU Bridge — 10/4/2026, 2:38:58 am
📅 Checking since 7/4/2026, 12:09:36 am

🌉 OWU Bridge — 10/4/2026, 2:44:10 am
📅 Checking since 7/4/2026, 12:09:36 am

🌉 OWU Bridge — 10/4/2026, 2:49:23 am
📅 Checking since 7/4/2026, 12:09:36 am

🌉 OWU Bridge — 10/4/2026, 2:54:35 am
📅 Checking since 7/4/2026, 12:09:36 am

🌉 OWU Bridge — 10/4/2026, 2:59:47 am
📅 Checking since 7/4/2026, 12:09:36 am

🌉 OWU Bridge — 10/4/2026, 3:04:58 am
📅 Checking since 7/4/2026, 12:09:36 am

🌉 OWU Bridge — 10/4/2026, 3:10:09 am
📅 Checking since 7/4/2026, 12:09:36 am

🌉 OWU Bridge — 10/4/2026, 3:15:16 am
📅 Checking since 7/4/2026, 12:09:36 am

🌉 OWU Bridge — 10/4/2026, 3:20:31 am
📅 Checking since 7/4/2026, 12:09:36 am

🌉 OWU Bridge — 10/4/2026, 3:25:46 am
📅 Checking since 7/4/2026, 12:09:36 am

🌉 OWU Bridge — 10/4/2026, 3:30:57 am
📅 Checking since 7/4/2026, 12:09:36 am

🌉 OWU Bridge — 10/4/2026, 3:36:08 am
📅 Checking since 7/4/2026, 12:09:36 am

🌉 OWU Bridge — 10/4/2026, 3:41:21 am
📅 Checking since 7/4/2026, 12:09:36 am

🌉 OWU Bridge — 10/4/2026, 3:46:34 am
📅 Checking since 7/4/2026, 12:09:36 am

🌉 OWU Bridge — 10/4/2026, 3:51:43 am
📅 Checking since 7/4/2026, 12:09:36 am

🌉 OWU Bridge — 10/4/2026, 3:56:52 am
📅 Checking since 7/4/2026, 12:09:36 am

🌉 OWU Bridge — 10/4/2026, 4:02:02 am
📅 Checking since 7/4/2026, 12:09:36 am

🌉 OWU Bridge — 10/4/2026, 4:07:15 am
📅 Checking since 7/4/2026, 12:09:36 am

🌉 OWU Bridge — 10/4/2026, 4:12:25 am
📅 Checking since 7/4/2026, 12:09:36 am

🌉 OWU Bridge — 10/4/2026, 4:18:12 am
📅 Checking since 7/4/2026, 12:09:36 am

🌉 OWU Bridge — 10/4/2026, 4:23:52 am
📅 Checking since 7/4/2026, 12:09:36 am

🌉 OWU Bridge — 10/4/2026, 4:44:54 am
📅 Checking since 7/4/2026, 12:09:36 am

🌉 OWU Bridge — 10/4/2026, 4:50:06 am
📅 Checking since 7/4/2026, 12:09:36 am

🌉 OWU Bridge — 10/4/2026, 5:58:03 am
📅 Checking since 7/4/2026, 12:09:36 am

🌉 OWU Bridge — 10/4/2026, 6:44:14 am
📅 Checking since 7/4/2026, 12:09:36 am

🌉 OWU Bridge — 10/4/2026, 7:13:16 am
📅 Checking since 7/4/2026, 12:09:36 am

🌉 OWU Bridge — 10/4/2026, 7:18:26 am
📅 Checking since 7/4/2026, 12:09:36 am

🌉 OWU Bridge — 10/4/2026, 7:42:48 am
📅 Checking since 7/4/2026, 12:09:36 am

🌉 OWU Bridge — 10/4/2026, 7:47:57 am
📅 Checking since 7/4/2026, 12:09:36 am

🌉 OWU Bridge — 10/4/2026, 8:10:16 am
📅 Checking since 7/4/2026, 12:09:36 am

🌉 OWU Bridge — 10/4/2026, 8:45:25 am
📅 Checking since 7/4/2026, 12:09:36 am

🌉 OWU Bridge — 10/4/2026, 8:50:35 am
📅 Checking since 7/4/2026, 12:09:36 am

🌉 OWU Bridge — 10/4/2026, 9:12:09 am
📅 Checking since 7/4/2026, 12:09:36 am

🌉 OWU Bridge — 10/4/2026, 9:17:19 am
📅 Checking since 7/4/2026, 12:09:36 am

🌉 OWU Bridge — 10/4/2026, 10:20:40 am
📅 Checking since 7/4/2026, 12:09:36 am

🌉 OWU Bridge — 10/4/2026, 10:48:57 am
📅 Checking since 7/4/2026, 12:09:36 am

🌉 OWU Bridge — 10/4/2026, 11:10:03 am
📅 Checking since 7/4/2026, 12:09:36 am

🌉 OWU Bridge — 10/4/2026, 11:54:52 am
📅 Checking since 7/4/2026, 12:09:36 am

🌉 OWU Bridge — 10/4/2026, 12:00:04 pm
📅 Checking since 7/4/2026, 12:09:36 am

🌉 OWU Bridge — 10/4/2026, 12:05:20 pm
📅 Checking since 7/4/2026, 12:09:36 am

🌉 OWU Bridge — 10/4/2026, 12:10:40 pm
📅 Checking since 7/4/2026, 12:09:36 am

🌉 OWU Bridge — 10/4/2026, 12:15:59 pm
📅 Checking since 7/4/2026, 12:09:36 am

🌉 OWU Bridge — 10/4/2026, 12:21:16 pm
📅 Checking since 7/4/2026, 12:09:36 am

🌉 OWU Bridge — 10/4/2026, 12:26:33 pm
📅 Checking since 7/4/2026, 12:09:36 am

🌉 OWU Bridge — 10/4/2026, 12:34:05 pm
📅 Checking since 7/4/2026, 12:09:36 am

🌉 OWU Bridge — 10/4/2026, 12:39:18 pm
📅 Checking since 7/4/2026, 12:09:36 am

🌉 OWU Bridge — 10/4/2026, 12:44:27 pm
📅 Checking since 7/4/2026, 12:09:36 am

🌉 OWU Bridge — 10/4/2026, 12:49:38 pm
📅 Checking since 7/4/2026, 12:09:36 am

🌉 OWU Bridge — 10/4/2026, 12:54:39 pm
📅 Checking since 7/4/2026, 12:09:36 am

🌉 OWU Bridge — 10/4/2026, 12:59:39 pm
📅 Checking since 7/4/2026, 12:09:36 am

🌉 OWU Bridge — 10/4/2026, 1:04:40 pm
📅 Checking since 7/4/2026, 12:09:36 am

🌉 OWU Bridge — 10/4/2026, 1:09:42 pm
📅 Checking since 7/4/2026, 12:09:36 am

🌉 OWU Bridge — 10/4/2026, 1:14:43 pm
📅 Checking since 7/4/2026, 12:09:36 am

🌉 OWU Bridge — 10/4/2026, 1:19:43 pm
📅 Checking since 7/4/2026, 12:09:36 am

🌉 OWU Bridge — 10/4/2026, 1:24:43 pm
📅 Checking since 7/4/2026, 12:09:36 am

🌉 OWU Bridge — 10/4/2026, 1:29:44 pm
📅 Checking since 7/4/2026, 12:09:36 am

🌉 OWU Bridge — 10/4/2026, 1:34:44 pm
📅 Checking since 7/4/2026, 12:09:36 am

🌉 OWU Bridge — 10/4/2026, 1:39:44 pm
📅 Checking since 7/4/2026, 12:09:36 am

🌉 OWU Bridge — 10/4/2026, 1:44:44 pm
📅 Checking since 7/4/2026, 12:09:36 am

🌉 OWU Bridge — 10/4/2026, 1:49:45 pm
📅 Checking since 7/4/2026, 12:09:36 am

🌉 OWU Bridge — 10/4/2026, 1:54:45 pm
📅 Checking since 7/4/2026, 12:09:36 am

🌉 OWU Bridge — 10/4/2026, 1:59:45 pm
📅 Checking since 7/4/2026, 12:09:36 am

🌉 OWU Bridge — 10/4/2026, 2:04:45 pm
📅 Checking since 7/4/2026, 12:09:36 am

🌉 OWU Bridge — 10/4/2026, 2:10:01 pm
📅 Checking since 7/4/2026, 12:09:36 am

🌉 OWU Bridge — 10/4/2026, 2:15:11 pm
📅 Checking since 7/4/2026, 12:09:36 am

🌉 OWU Bridge — 10/4/2026, 2:20:30 pm
📅 Checking since 7/4/2026, 12:09:36 am

🌉 OWU Bridge — 10/4/2026, 2:25:31 pm
📅 Checking since 7/4/2026, 12:09:36 am

🌉 OWU Bridge — 10/4/2026, 3:31:53 pm
📅 Checking since 7/4/2026, 12:09:36 am

🌉 OWU Bridge — 10/4/2026, 4:13:01 pm
📅 Checking since 7/4/2026, 12:09:36 am

🌉 OWU Bridge — 10/4/2026, 4:18:02 pm
📅 Checking since 7/4/2026, 12:09:36 am

🌉 OWU Bridge — 10/4/2026, 4:23:02 pm
📅 Checking since 7/4/2026, 12:09:36 am

🌉 OWU Bridge — 10/4/2026, 6:03:28 pm
📅 Checking since 7/4/2026, 12:09:36 am

🌉 OWU Bridge — 10/4/2026, 6:54:45 pm
📅 Checking since 7/4/2026, 12:09:36 am

🌉 OWU Bridge — 10/4/2026, 6:59:46 pm
📅 Checking since 7/4/2026, 12:09:36 am

🌉 OWU Bridge — 10/4/2026, 7:04:46 pm
📅 Checking since 7/4/2026, 12:09:36 am

🌉 OWU Bridge — 10/4/2026, 7:09:46 pm
📅 Checking since 7/4/2026, 12:09:36 am

🌉 OWU Bridge — 10/4/2026, 7:14:47 pm
📅 Checking since 7/4/2026, 12:09:36 am

🌉 OWU Bridge — 10/4/2026, 7:19:47 pm
📅 Checking since 7/4/2026, 12:09:36 am

🌉 OWU Bridge — 10/4/2026, 7:24:47 pm
📅 Checking since 7/4/2026, 12:09:36 am

🌉 OWU Bridge — 10/4/2026, 7:29:47 pm
📅 Checking since 7/4/2026, 12:09:36 am

🌉 OWU Bridge — 10/4/2026, 7:34:48 pm
📅 Checking since 7/4/2026, 12:09:36 am

🌉 OWU Bridge — 10/4/2026, 7:39:48 pm
📅 Checking since 7/4/2026, 12:09:36 am

🌉 OWU Bridge — 10/4/2026, 7:44:48 pm
📅 Checking since 7/4/2026, 12:09:36 am

🌉 OWU Bridge — 10/4/2026, 7:49:49 pm
📅 Checking since 7/4/2026, 12:09:36 am

🌉 OWU Bridge — 10/4/2026, 7:54:49 pm
📅 Checking since 7/4/2026, 12:09:36 am

🌉 OWU Bridge — 10/4/2026, 7:59:49 pm
📅 Checking since 7/4/2026, 12:09:36 am

🌉 OWU Bridge — 10/4/2026, 8:04:49 pm
📅 Checking since 7/4/2026, 12:09:36 am

🌉 OWU Bridge — 10/4/2026, 8:09:50 pm
📅 Checking since 7/4/2026, 12:09:36 am

🌉 OWU Bridge — 10/4/2026, 8:14:50 pm
📅 Checking since 7/4/2026, 12:09:36 am

🌉 OWU Bridge — 10/4/2026, 8:19:50 pm
📅 Checking since 7/4/2026, 12:09:36 am

🌉 OWU Bridge — 10/4/2026, 8:24:51 pm
📅 Checking since 7/4/2026, 12:09:36 am

🌉 OWU Bridge — 10/4/2026, 8:29:51 pm
📅 Checking since 7/4/2026, 12:09:36 am

🌉 OWU Bridge — 10/4/2026, 8:34:51 pm
📅 Checking since 7/4/2026, 12:09:36 am

🌉 OWU Bridge — 10/4/2026, 8:39:52 pm
📅 Checking since 7/4/2026, 12:09:36 am

🌉 OWU Bridge — 10/4/2026, 8:44:52 pm
📅 Checking since 7/4/2026, 12:09:36 am

🌉 OWU Bridge — 10/4/2026, 8:49:52 pm
📅 Checking since 7/4/2026, 12:09:36 am

🌉 OWU Bridge — 10/4/2026, 8:54:52 pm
📅 Checking since 7/4/2026, 12:09:36 am

🌉 OWU Bridge — 10/4/2026, 8:59:53 pm
📅 Checking since 7/4/2026, 12:09:36 am

🌉 OWU Bridge — 10/4/2026, 9:04:53 pm
📅 Checking since 7/4/2026, 12:09:36 am

🌉 OWU Bridge — 10/4/2026, 9:09:53 pm
📅 Checking since 7/4/2026, 12:09:36 am

🌉 OWU Bridge — 10/4/2026, 9:14:53 pm
📅 Checking since 7/4/2026, 12:09:36 am

🌉 OWU Bridge — 10/4/2026, 9:19:53 pm
📅 Checking since 7/4/2026, 12:09:36 am

🌉 OWU Bridge — 10/4/2026, 9:24:54 pm
📅 Checking since 7/4/2026, 12:09:36 am

🌉 OWU Bridge — 10/4/2026, 9:29:54 pm
📅 Checking since 7/4/2026, 12:09:36 am

🌉 OWU Bridge — 10/4/2026, 9:34:54 pm
📅 Checking since 7/4/2026, 12:09:36 am

🌉 OWU Bridge — 10/4/2026, 9:39:54 pm
📅 Checking since 7/4/2026, 12:09:36 am

🌉 OWU Bridge — 10/4/2026, 9:44:55 pm
📅 Checking since 7/4/2026, 12:09:36 am

🌉 OWU Bridge — 10/4/2026, 9:49:55 pm
📅 Checking since 7/4/2026, 12:09:36 am

🌉 OWU Bridge — 10/4/2026, 9:54:55 pm
📅 Checking since 7/4/2026, 12:09:36 am

🌉 OWU Bridge — 10/4/2026, 10:09:08 pm
📅 Checking since 7/4/2026, 12:09:36 am

🌉 OWU Bridge — 10/4/2026, 10:14:08 pm
📅 Checking since 7/4/2026, 12:09:36 am

🌉 OWU Bridge — 10/4/2026, 10:20:28 pm
📅 Checking since 7/4/2026, 12:09:36 am

🌉 OWU Bridge — 10/4/2026, 10:25:28 pm
📅 Checking since 7/4/2026, 12:09:36 am

🌉 OWU Bridge — 10/4/2026, 11:16:28 pm
📅 Checking since 7/4/2026, 12:09:36 am

🌉 OWU Bridge — 11/4/2026, 12:06:51 am
📅 Checking since 7/4/2026, 12:09:36 am

🌉 OWU Bridge — 11/4/2026, 12:11:52 am
📅 Checking since 7/4/2026, 12:09:36 am

🌉 OWU Bridge — 11/4/2026, 12:16:52 am
📅 Checking since 7/4/2026, 12:09:36 am

🌉 OWU Bridge — 11/4/2026, 12:21:52 am
📅 Checking since 7/4/2026, 12:09:36 am

🌉 OWU Bridge — 11/4/2026, 12:40:07 am
📅 Checking since 7/4/2026, 12:09:36 am

🌉 OWU Bridge — 11/4/2026, 12:45:08 am
📅 Checking since 7/4/2026, 12:09:36 am

🌉 OWU Bridge — 11/4/2026, 12:50:08 am
📅 Checking since 7/4/2026, 12:09:36 am

🌉 OWU Bridge — 11/4/2026, 12:55:08 am
📅 Checking since 7/4/2026, 12:09:36 am

🌉 OWU Bridge — 11/4/2026, 1:00:09 am
📅 Checking since 7/4/2026, 12:09:36 am

🌉 OWU Bridge — 11/4/2026, 1:05:09 am
📅 Checking since 7/4/2026, 12:09:36 am

🌉 OWU Bridge — 11/4/2026, 1:10:09 am
📅 Checking since 7/4/2026, 12:09:36 am

🌉 OWU Bridge — 11/4/2026, 1:15:10 am
📅 Checking since 7/4/2026, 12:09:36 am

🌉 OWU Bridge — 11/4/2026, 1:20:10 am
📅 Checking since 7/4/2026, 12:09:36 am

🌉 OWU Bridge — 11/4/2026, 1:25:10 am
📅 Checking since 7/4/2026, 12:09:36 am

🌉 OWU Bridge — 11/4/2026, 1:30:11 am
📅 Checking since 7/4/2026, 12:09:36 am

🌉 OWU Bridge — 11/4/2026, 1:35:11 am
📅 Checking since 7/4/2026, 12:09:36 am

🌉 OWU Bridge — 11/4/2026, 1:40:11 am
📅 Checking since 7/4/2026, 12:09:36 am

🌉 OWU Bridge — 11/4/2026, 1:45:11 am
📅 Checking since 7/4/2026, 12:09:36 am

🌉 OWU Bridge — 11/4/2026, 1:50:12 am
📅 Checking since 7/4/2026, 12:09:36 am

🌉 OWU Bridge — 11/4/2026, 1:55:12 am
📅 Checking since 7/4/2026, 12:09:36 am

🌉 OWU Bridge — 11/4/2026, 2:00:12 am
📅 Checking since 7/4/2026, 12:09:36 am

🌉 OWU Bridge — 11/4/2026, 2:05:13 am
📅 Checking since 7/4/2026, 12:09:36 am

🌉 OWU Bridge — 11/4/2026, 2:10:13 am
📅 Checking since 7/4/2026, 12:09:36 am

🌉 OWU Bridge — 11/4/2026, 2:15:13 am
📅 Checking since 7/4/2026, 12:09:36 am

🌉 OWU Bridge — 11/4/2026, 2:20:14 am
📅 Checking since 7/4/2026, 12:09:36 am

🌉 OWU Bridge — 11/4/2026, 2:25:14 am
📅 Checking since 7/4/2026, 12:09:36 am

🌉 OWU Bridge — 11/4/2026, 2:30:14 am
📅 Checking since 7/4/2026, 12:09:36 am

🌉 OWU Bridge — 11/4/2026, 2:35:15 am
📅 Checking since 7/4/2026, 12:09:36 am

🌉 OWU Bridge — 11/4/2026, 2:40:15 am
📅 Checking since 7/4/2026, 12:09:36 am

🌉 OWU Bridge — 11/4/2026, 3:17:18 am
📅 Checking since 7/4/2026, 12:09:36 am

🌉 OWU Bridge — 11/4/2026, 3:38:02 am
📅 Checking since 7/4/2026, 12:09:36 am

🌉 OWU Bridge — 11/4/2026, 3:58:07 am
📅 Checking since 7/4/2026, 12:09:36 am

🌉 OWU Bridge — 11/4/2026, 4:19:10 am
📅 Checking since 7/4/2026, 12:09:36 am

🌉 OWU Bridge — 11/4/2026, 4:24:10 am
📅 Checking since 7/4/2026, 12:09:36 am

🌉 OWU Bridge — 11/4/2026, 4:29:10 am
📅 Checking since 7/4/2026, 12:09:36 am

🌉 OWU Bridge — 11/4/2026, 4:34:10 am
📅 Checking since 7/4/2026, 12:09:36 am

🌉 OWU Bridge — 11/4/2026, 4:39:11 am
📅 Checking since 7/4/2026, 12:09:36 am

🌉 OWU Bridge — 11/4/2026, 4:44:11 am
📅 Checking since 7/4/2026, 12:09:36 am

🌉 OWU Bridge — 11/4/2026, 4:49:11 am
📅 Checking since 7/4/2026, 12:09:36 am

🌉 OWU Bridge — 11/4/2026, 4:54:11 am
📅 Checking since 7/4/2026, 12:09:36 am

🌉 OWU Bridge — 11/4/2026, 4:59:12 am
📅 Checking since 7/4/2026, 12:09:36 am

🌉 OWU Bridge — 11/4/2026, 5:04:12 am
📅 Checking since 7/4/2026, 12:09:36 am

🌉 OWU Bridge — 11/4/2026, 5:09:12 am
📅 Checking since 7/4/2026, 12:09:36 am

🌉 OWU Bridge — 11/4/2026, 5:14:12 am
📅 Checking since 7/4/2026, 12:09:36 am

🌉 OWU Bridge — 11/4/2026, 5:59:09 am
📅 Checking since 7/4/2026, 12:09:36 am

🌉 OWU Bridge — 11/4/2026, 7:33:15 am
📅 Checking since 7/4/2026, 12:09:36 am

🌉 OWU Bridge — 11/4/2026, 12:10:49 pm
📅 Checking since 7/4/2026, 12:09:36 am

🌉 OWU Bridge — 11/4/2026, 12:15:51 pm
📅 Checking since 7/4/2026, 12:09:36 am

🌉 OWU Bridge — 11/4/2026, 12:20:51 pm
📅 Checking since 7/4/2026, 12:09:36 am

🌉 OWU Bridge — 11/4/2026, 12:25:51 pm
📅 Checking since 7/4/2026, 12:09:36 am

🌉 OWU Bridge — 11/4/2026, 12:40:34 pm
📅 Checking since 7/4/2026, 12:09:36 am

🌉 OWU Bridge — 11/4/2026, 12:45:34 pm
📅 Checking since 7/4/2026, 12:09:36 am

🌉 OWU Bridge — 11/4/2026, 12:50:34 pm
📅 Checking since 7/4/2026, 12:09:36 am

🌉 OWU Bridge — 11/4/2026, 1:00:08 pm
📅 Checking since 7/4/2026, 12:09:36 am

🌉 OWU Bridge — 11/4/2026, 1:05:08 pm
📅 Checking since 7/4/2026, 12:09:36 am

🌉 OWU Bridge — 11/4/2026, 1:44:43 pm
📅 Checking since 7/4/2026, 12:09:36 am

🌉 OWU Bridge — 11/4/2026, 2:41:32 pm
📅 Checking since 7/4/2026, 12:09:36 am

🌉 OWU Bridge — 11/4/2026, 2:46:33 pm
📅 Checking since 7/4/2026, 12:09:36 am

🌉 OWU Bridge — 11/4/2026, 3:22:49 pm
📅 Checking since 7/4/2026, 12:09:36 am

🌉 OWU Bridge — 11/4/2026, 4:51:09 pm
📅 Checking since 7/4/2026, 12:09:36 am

🌉 OWU Bridge — 11/4/2026, 5:52:48 pm
📅 Checking since 7/4/2026, 12:09:36 am

🌉 OWU Bridge — 11/4/2026, 5:57:48 pm
📅 Checking since 7/4/2026, 12:09:36 am

🌉 OWU Bridge — 11/4/2026, 6:02:48 pm
📅 Checking since 7/4/2026, 12:09:36 am

🌉 OWU Bridge — 11/4/2026, 7:41:49 pm
📅 Checking since 7/4/2026, 12:09:36 am

🌉 OWU Bridge — 11/4/2026, 8:41:41 pm
📅 Checking since 7/4/2026, 12:09:36 am

🌉 OWU Bridge — 11/4/2026, 10:06:29 pm
📅 Checking since 7/4/2026, 12:09:36 am

🌉 OWU Bridge — 11/4/2026, 10:41:49 pm
📅 Checking since 7/4/2026, 12:09:36 am

🌉 OWU Bridge — 11/4/2026, 10:46:50 pm
📅 Checking since 7/4/2026, 12:09:36 am

🌉 OWU Bridge — 11/4/2026, 11:54:30 pm
📅 Checking since 7/4/2026, 12:09:36 am

🌉 OWU Bridge — 12/4/2026, 12:08:06 am
📅 Checking since 7/4/2026, 12:09:36 am

🌉 OWU Bridge — 12/4/2026, 12:13:06 am
📅 Checking since 7/4/2026, 12:09:36 am

🌉 OWU Bridge — 12/4/2026, 1:07:30 am
📅 Checking since 7/4/2026, 12:09:36 am

🌉 OWU Bridge — 12/4/2026, 1:12:31 am
📅 Checking since 7/4/2026, 12:09:36 am

🌉 OWU Bridge — 12/4/2026, 1:17:31 am
📅 Checking since 7/4/2026, 12:09:36 am

🌉 OWU Bridge — 12/4/2026, 1:46:10 am
📅 Checking since 7/4/2026, 12:09:36 am

🌉 OWU Bridge — 12/4/2026, 1:51:10 am
📅 Checking since 7/4/2026, 12:09:36 am

🌉 OWU Bridge — 12/4/2026, 1:56:10 am
📅 Checking since 7/4/2026, 12:09:36 am

🌉 OWU Bridge — 12/4/2026, 2:01:11 am
📅 Checking since 7/4/2026, 12:09:36 am

🌉 OWU Bridge — 12/4/2026, 2:06:11 am
📅 Checking since 7/4/2026, 12:09:36 am

🌉 OWU Bridge — 12/4/2026, 2:11:11 am
📅 Checking since 7/4/2026, 12:09:36 am

🌉 OWU Bridge — 12/4/2026, 2:16:12 am
📅 Checking since 7/4/2026, 12:09:36 am

🌉 OWU Bridge — 12/4/2026, 2:21:12 am
📅 Checking since 7/4/2026, 12:09:36 am

🌉 OWU Bridge — 12/4/2026, 2:26:12 am
📅 Checking since 7/4/2026, 12:09:36 am

🌉 OWU Bridge — 12/4/2026, 2:31:13 am
📅 Checking since 7/4/2026, 12:09:36 am

🌉 OWU Bridge — 12/4/2026, 2:36:13 am
📅 Checking since 7/4/2026, 12:09:36 am

🌉 OWU Bridge — 12/4/2026, 2:41:13 am
📅 Checking since 7/4/2026, 12:09:36 am

🌉 OWU Bridge — 12/4/2026, 2:46:14 am
📅 Checking since 7/4/2026, 12:09:36 am

🌉 OWU Bridge — 12/4/2026, 2:51:14 am
📅 Checking since 7/4/2026, 12:09:36 am

🌉 OWU Bridge — 12/4/2026, 2:56:14 am
📅 Checking since 7/4/2026, 12:09:36 am

🌉 OWU Bridge — 12/4/2026, 3:01:15 am
📅 Checking since 7/4/2026, 12:09:36 am

🌉 OWU Bridge — 12/4/2026, 3:06:15 am
📅 Checking since 7/4/2026, 12:09:36 am

🌉 OWU Bridge — 12/4/2026, 3:11:15 am
📅 Checking since 7/4/2026, 12:09:36 am

🌉 OWU Bridge — 12/4/2026, 3:16:16 am
📅 Checking since 7/4/2026, 12:09:36 am

🌉 OWU Bridge — 12/4/2026, 3:21:16 am
📅 Checking since 7/4/2026, 12:09:36 am

🌉 OWU Bridge — 12/4/2026, 3:26:16 am
📅 Checking since 7/4/2026, 12:09:36 am

🌉 OWU Bridge — 12/4/2026, 3:31:16 am
📅 Checking since 7/4/2026, 12:09:36 am

🌉 OWU Bridge — 12/4/2026, 3:36:17 am
📅 Checking since 7/4/2026, 12:09:36 am

🌉 OWU Bridge — 12/4/2026, 3:41:17 am
📅 Checking since 7/4/2026, 12:09:36 am

🌉 OWU Bridge — 12/4/2026, 4:50:54 am
📅 Checking since 7/4/2026, 12:09:36 am

🌉 OWU Bridge — 12/4/2026, 6:18:01 am
📅 Checking since 7/4/2026, 12:09:36 am

🌉 OWU Bridge — 12/4/2026, 7:34:17 am
📅 Checking since 7/4/2026, 12:09:36 am

🌉 OWU Bridge — 12/4/2026, 8:21:28 am
📅 Checking since 7/4/2026, 12:09:36 am

🌉 OWU Bridge — 12/4/2026, 8:26:29 am
📅 Checking since 7/4/2026, 12:09:36 am

🌉 OWU Bridge — 12/4/2026, 8:31:29 am
📅 Checking since 7/4/2026, 12:09:36 am

🌉 OWU Bridge — 12/4/2026, 9:54:27 am
📅 Checking since 7/4/2026, 12:09:36 am

🌉 OWU Bridge — 12/4/2026, 11:20:43 am
📅 Checking since 7/4/2026, 12:09:36 am

🌉 OWU Bridge — 12/4/2026, 12:51:20 pm
📅 Checking since 7/4/2026, 12:09:36 am

🌉 OWU Bridge — 12/4/2026, 1:52:35 pm
📅 Checking since 7/4/2026, 12:09:36 am

🌉 OWU Bridge — 12/4/2026, 2:29:33 pm
📅 Checking since 7/4/2026, 12:09:36 am

🌉 OWU Bridge — 12/4/2026, 2:34:34 pm
📅 Checking since 7/4/2026, 12:09:36 am

🌉 OWU Bridge — 12/4/2026, 2:45:38 pm
📅 Checking since 7/4/2026, 12:09:36 am

🌉 OWU Bridge — 12/4/2026, 2:50:39 pm
📅 Checking since 7/4/2026, 12:09:36 am

🌉 OWU Bridge — 12/4/2026, 2:55:39 pm
📅 Checking since 7/4/2026, 12:09:36 am

🌉 OWU Bridge — 12/4/2026, 3:36:41 pm
📅 Checking since 7/4/2026, 12:09:36 am

🌉 OWU Bridge — 12/4/2026, 3:41:41 pm
📅 Checking since 7/4/2026, 12:09:36 am

🌉 OWU Bridge — 12/4/2026, 3:46:41 pm
📅 Checking since 7/4/2026, 12:09:36 am

🌉 OWU Bridge — 12/4/2026, 4:40:47 pm
📅 Checking since 7/4/2026, 12:09:36 am

🌉 OWU Bridge — 12/4/2026, 6:05:52 pm
📅 Checking since 7/4/2026, 12:09:36 am

🌉 OWU Bridge — 12/4/2026, 7:24:23 pm
📅 Checking since 7/4/2026, 12:09:36 am

🌉 OWU Bridge — 12/4/2026, 8:16:10 pm
📅 Checking since 7/4/2026, 12:09:36 am

🌉 OWU Bridge — 12/4/2026, 8:21:10 pm
📅 Checking since 7/4/2026, 12:09:36 am

🌉 OWU Bridge — 12/4/2026, 8:26:58 pm
📅 Checking since 7/4/2026, 12:09:36 am

🌉 OWU Bridge — 12/4/2026, 8:31:58 pm
📅 Checking since 7/4/2026, 12:09:36 am

🌉 OWU Bridge — 12/4/2026, 8:36:58 pm
📅 Checking since 7/4/2026, 12:09:36 am

🌉 OWU Bridge — 12/4/2026, 10:08:07 pm
📅 Checking since 7/4/2026, 12:09:36 am

🌉 OWU Bridge — 12/4/2026, 10:13:07 pm
📅 Checking since 7/4/2026, 12:09:36 am

🌉 OWU Bridge — 12/4/2026, 10:18:08 pm
📅 Checking since 7/4/2026, 12:09:36 am

🌉 OWU Bridge — 12/4/2026, 10:23:08 pm
📅 Checking since 7/4/2026, 12:09:36 am

🌉 OWU Bridge — 12/4/2026, 10:28:08 pm
📅 Checking since 7/4/2026, 12:09:36 am

🌉 OWU Bridge — 12/4/2026, 10:33:09 pm
📅 Checking since 7/4/2026, 12:09:36 am

🌉 OWU Bridge — 12/4/2026, 10:38:09 pm
📅 Checking since 7/4/2026, 12:09:36 am

🌉 OWU Bridge — 12/4/2026, 10:43:10 pm
📅 Checking since 7/4/2026, 12:09:36 am

🌉 OWU Bridge — 12/4/2026, 10:48:16 pm
📅 Checking since 7/4/2026, 12:09:36 am

🌉 OWU Bridge — 12/4/2026, 10:53:16 pm
📅 Checking since 7/4/2026, 12:09:36 am

🌉 OWU Bridge — 12/4/2026, 10:58:16 pm
📅 Checking since 7/4/2026, 12:09:36 am

🌉 OWU Bridge — 12/4/2026, 11:03:16 pm
📅 Checking since 7/4/2026, 12:09:36 am

🌉 OWU Bridge — 12/4/2026, 11:08:17 pm
📅 Checking since 7/4/2026, 12:09:36 am

🌉 OWU Bridge — 12/4/2026, 11:13:17 pm
📅 Checking since 7/4/2026, 12:09:36 am

🌉 OWU Bridge — 12/4/2026, 11:18:17 pm
📅 Checking since 7/4/2026, 12:09:36 am

🌉 OWU Bridge — 12/4/2026, 11:23:17 pm
📅 Checking since 7/4/2026, 12:09:36 am

🌉 OWU Bridge — 12/4/2026, 11:28:18 pm
📅 Checking since 7/4/2026, 12:09:36 am

🌉 OWU Bridge — 12/4/2026, 11:33:18 pm
📅 Checking since 7/4/2026, 12:09:36 am

🌉 OWU Bridge — 12/4/2026, 11:38:18 pm
📅 Checking since 7/4/2026, 12:09:36 am

🌉 OWU Bridge — 12/4/2026, 11:43:18 pm
📅 Checking since 7/4/2026, 12:09:36 am

🌉 OWU Bridge — 12/4/2026, 11:48:19 pm
📅 Checking since 7/4/2026, 12:09:36 am

🌉 OWU Bridge — 12/4/2026, 11:53:19 pm
📅 Checking since 7/4/2026, 12:09:36 am

🌉 OWU Bridge — 12/4/2026, 11:58:19 pm
📅 Checking since 7/4/2026, 12:09:36 am

🌉 OWU Bridge — 13/4/2026, 12:03:20 am
📅 Checking since 7/4/2026, 12:09:36 am

🌉 OWU Bridge — 13/4/2026, 12:08:20 am
📅 Checking since 7/4/2026, 12:09:36 am

🌉 OWU Bridge — 13/4/2026, 12:13:20 am
📅 Checking since 7/4/2026, 12:09:36 am

🌉 OWU Bridge — 13/4/2026, 12:18:21 am
📅 Checking since 7/4/2026, 12:09:36 am

🌉 OWU Bridge — 13/4/2026, 12:23:21 am
📅 Checking since 7/4/2026, 12:09:36 am

🌉 OWU Bridge — 13/4/2026, 12:28:21 am
📅 Checking since 7/4/2026, 12:09:36 am

🌉 OWU Bridge — 13/4/2026, 12:33:22 am
📅 Checking since 7/4/2026, 12:09:36 am

🌉 OWU Bridge — 13/4/2026, 12:38:22 am
📅 Checking since 7/4/2026, 12:09:36 am

🌉 OWU Bridge — 13/4/2026, 12:43:22 am
📅 Checking since 7/4/2026, 12:09:36 am

🌉 OWU Bridge — 13/4/2026, 12:48:23 am
📅 Checking since 7/4/2026, 12:09:36 am

🌉 OWU Bridge — 13/4/2026, 12:53:23 am
📅 Checking since 7/4/2026, 12:09:36 am

🌉 OWU Bridge — 13/4/2026, 12:58:23 am
📅 Checking since 7/4/2026, 12:09:36 am

🌉 OWU Bridge — 13/4/2026, 1:03:23 am
📅 Checking since 7/4/2026, 12:09:36 am

🌉 OWU Bridge — 13/4/2026, 1:08:24 am
📅 Checking since 7/4/2026, 12:09:36 am

🌉 OWU Bridge — 13/4/2026, 1:13:24 am
📅 Checking since 7/4/2026, 12:09:36 am

🌉 OWU Bridge — 13/4/2026, 1:18:24 am
📅 Checking since 7/4/2026, 12:09:36 am

🌉 OWU Bridge — 13/4/2026, 1:23:24 am
📅 Checking since 7/4/2026, 12:09:36 am

🌉 OWU Bridge — 13/4/2026, 1:28:24 am
📅 Checking since 7/4/2026, 12:09:36 am

🌉 OWU Bridge — 13/4/2026, 1:33:25 am
📅 Checking since 7/4/2026, 12:09:36 am

🌉 OWU Bridge — 13/4/2026, 1:38:25 am
📅 Checking since 7/4/2026, 12:09:36 am

🌉 OWU Bridge — 13/4/2026, 1:43:25 am
📅 Checking since 7/4/2026, 12:09:36 am

🌉 OWU Bridge — 13/4/2026, 1:48:26 am
📅 Checking since 7/4/2026, 12:09:36 am

🌉 OWU Bridge — 13/4/2026, 1:53:26 am
📅 Checking since 7/4/2026, 12:09:36 am

🌉 OWU Bridge — 13/4/2026, 1:58:26 am
📅 Checking since 7/4/2026, 12:09:36 am

🌉 OWU Bridge — 13/4/2026, 2:03:26 am
📅 Checking since 7/4/2026, 12:09:36 am

🌉 OWU Bridge — 13/4/2026, 2:08:27 am
📅 Checking since 7/4/2026, 12:09:36 am

🌉 OWU Bridge — 13/4/2026, 2:13:27 am
📅 Checking since 7/4/2026, 12:09:36 am

🌉 OWU Bridge — 13/4/2026, 2:18:27 am
📅 Checking since 7/4/2026, 12:09:36 am

🌉 OWU Bridge — 13/4/2026, 2:38:26 am
📅 Checking since 7/4/2026, 12:09:36 am

🌉 OWU Bridge — 13/4/2026, 3:15:14 am
📅 Checking since 7/4/2026, 12:09:36 am

🌉 OWU Bridge — 13/4/2026, 3:20:31 am
📅 Checking since 7/4/2026, 12:09:36 am

🌉 OWU Bridge — 13/4/2026, 4:05:29 am
📅 Checking since 7/4/2026, 12:09:36 am

🌉 OWU Bridge — 13/4/2026, 5:21:16 am
📅 Checking since 7/4/2026, 12:09:36 am

🌉 OWU Bridge — 13/4/2026, 6:55:18 am
📅 Checking since 7/4/2026, 12:09:36 am

🌉 OWU Bridge — 13/4/2026, 8:24:13 am
📅 Checking since 7/4/2026, 12:09:36 am

🌉 OWU Bridge — 13/4/2026, 8:39:49 am
📅 Checking since 7/4/2026, 12:09:36 am

🌉 OWU Bridge — 13/4/2026, 8:44:49 am
📅 Checking since 7/4/2026, 12:09:36 am

🌉 OWU Bridge — 13/4/2026, 8:49:50 am
📅 Checking since 7/4/2026, 12:09:36 am

🌉 OWU Bridge — 13/4/2026, 8:54:50 am
📅 Checking since 7/4/2026, 12:09:36 am

🌉 OWU Bridge — 13/4/2026, 8:59:50 am
📅 Checking since 7/4/2026, 12:09:36 am

🌉 OWU Bridge — 13/4/2026, 9:04:51 am
📅 Checking since 7/4/2026, 12:09:36 am

🌉 OWU Bridge — 13/4/2026, 9:09:51 am
📅 Checking since 7/4/2026, 12:09:36 am

🌉 OWU Bridge — 13/4/2026, 9:14:51 am
📅 Checking since 7/4/2026, 12:09:36 am

🌉 OWU Bridge — 13/4/2026, 9:19:52 am
📅 Checking since 7/4/2026, 12:09:36 am

🌉 OWU Bridge — 13/4/2026, 10:15:58 am
📅 Checking since 7/4/2026, 12:09:36 am

🌉 OWU Bridge — 13/4/2026, 10:20:58 am
📅 Checking since 7/4/2026, 12:09:36 am

🌉 OWU Bridge — 13/4/2026, 10:25:59 am
📅 Checking since 7/4/2026, 12:09:36 am

🌉 OWU Bridge — 13/4/2026, 10:30:59 am
📅 Checking since 7/4/2026, 12:09:36 am

🌉 OWU Bridge — 13/4/2026, 11:06:12 am
📅 Checking since 7/4/2026, 12:09:36 am

🌉 OWU Bridge — 13/4/2026, 11:55:12 am
📅 Checking since 7/4/2026, 12:09:36 am

🌉 OWU Bridge — 13/4/2026, 12:00:12 pm
📅 Checking since 7/4/2026, 12:09:36 am

🌉 OWU Bridge — 13/4/2026, 12:05:12 pm
📅 Checking since 7/4/2026, 12:09:36 am

🌉 OWU Bridge — 13/4/2026, 12:10:13 pm
📅 Checking since 7/4/2026, 12:09:36 am

🌉 OWU Bridge — 13/4/2026, 12:15:13 pm
📅 Checking since 7/4/2026, 12:09:36 am

🌉 OWU Bridge — 13/4/2026, 12:20:13 pm
📅 Checking since 7/4/2026, 12:09:36 am

🌉 OWU Bridge — 13/4/2026, 12:25:14 pm
📅 Checking since 7/4/2026, 12:09:36 am

🌉 OWU Bridge — 13/4/2026, 12:30:14 pm
📅 Checking since 7/4/2026, 12:09:36 am

🌉 OWU Bridge — 13/4/2026, 12:35:14 pm
📅 Checking since 7/4/2026, 12:09:36 am

🌉 OWU Bridge — 13/4/2026, 12:40:26 pm
📅 Checking since 7/4/2026, 12:09:36 am

🌉 OWU Bridge — 13/4/2026, 12:45:30 pm
📅 Checking since 7/4/2026, 12:09:36 am

🌉 OWU Bridge — 13/4/2026, 12:50:30 pm
📅 Checking since 7/4/2026, 12:09:36 am

🌉 OWU Bridge — 13/4/2026, 1:23:15 pm
📅 Checking since 7/4/2026, 12:09:36 am

🌉 OWU Bridge — 13/4/2026, 1:28:15 pm
📅 Checking since 7/4/2026, 12:09:36 am

🌉 OWU Bridge — 13/4/2026, 1:33:15 pm
📅 Checking since 7/4/2026, 12:09:36 am

🌉 OWU Bridge — 13/4/2026, 1:43:24 pm
📅 Checking since 7/4/2026, 12:09:36 am

🌉 OWU Bridge — 13/4/2026, 1:48:28 pm
📅 Checking since 7/4/2026, 12:09:36 am

🌉 OWU Bridge — 13/4/2026, 1:53:36 pm
📅 Checking since 7/4/2026, 12:09:36 am

🌉 OWU Bridge — 13/4/2026, 1:58:36 pm
📅 Checking since 7/4/2026, 12:09:36 am

🌉 OWU Bridge — 13/4/2026, 2:03:37 pm
📅 Checking since 7/4/2026, 12:09:36 am

🌉 OWU Bridge — 13/4/2026, 2:08:37 pm
📅 Checking since 7/4/2026, 12:09:36 am

🌉 OWU Bridge — 13/4/2026, 2:13:40 pm
📅 Checking since 7/4/2026, 12:09:36 am

🌉 OWU Bridge — 13/4/2026, 2:18:41 pm
📅 Checking since 7/4/2026, 12:09:36 am

🌉 OWU Bridge — 13/4/2026, 2:23:41 pm
📅 Checking since 7/4/2026, 12:09:36 am

🌉 OWU Bridge — 13/4/2026, 2:28:41 pm
📅 Checking since 7/4/2026, 12:09:36 am

🌉 OWU Bridge — 13/4/2026, 2:33:42 pm
📅 Checking since 7/4/2026, 12:09:36 am

🌉 OWU Bridge — 13/4/2026, 2:38:42 pm
📅 Checking since 7/4/2026, 12:09:36 am

🌉 OWU Bridge — 13/4/2026, 2:43:42 pm
📅 Checking since 7/4/2026, 12:09:36 am

🌉 OWU Bridge — 13/4/2026, 2:48:42 pm
📅 Checking since 7/4/2026, 12:09:36 am

🌉 OWU Bridge — 13/4/2026, 2:53:43 pm
📅 Checking since 7/4/2026, 12:09:36 am

🌉 OWU Bridge — 13/4/2026, 2:58:43 pm
📅 Checking since 7/4/2026, 12:09:36 am

🌉 OWU Bridge — 13/4/2026, 3:03:43 pm
📅 Checking since 7/4/2026, 12:09:36 am

🌉 OWU Bridge — 13/4/2026, 3:08:44 pm
📅 Checking since 7/4/2026, 12:09:36 am

🌉 OWU Bridge — 13/4/2026, 3:13:44 pm
📅 Checking since 7/4/2026, 12:09:36 am

🌉 OWU Bridge — 13/4/2026, 3:18:44 pm
📅 Checking since 7/4/2026, 12:09:36 am

🌉 OWU Bridge — 13/4/2026, 3:23:45 pm
📅 Checking since 7/4/2026, 12:09:36 am

🌉 OWU Bridge — 13/4/2026, 3:28:45 pm
📅 Checking since 7/4/2026, 12:09:36 am

🌉 OWU Bridge — 13/4/2026, 3:33:45 pm
📅 Checking since 7/4/2026, 12:09:36 am

🌉 OWU Bridge — 13/4/2026, 3:38:45 pm
📅 Checking since 7/4/2026, 12:09:36 am

🌉 OWU Bridge — 13/4/2026, 3:43:46 pm
📅 Checking since 7/4/2026, 12:09:36 am

🌉 OWU Bridge — 13/4/2026, 3:48:46 pm
📅 Checking since 7/4/2026, 12:09:36 am

🌉 OWU Bridge — 13/4/2026, 3:53:47 pm
📅 Checking since 7/4/2026, 12:09:36 am

🌉 OWU Bridge — 13/4/2026, 4:20:02 pm
📅 Checking since 7/4/2026, 12:09:36 am

🌉 OWU Bridge — 13/4/2026, 4:25:04 pm
📅 Checking since 7/4/2026, 12:09:36 am

🌉 OWU Bridge — 13/4/2026, 4:30:21 pm
📅 Checking since 7/4/2026, 12:09:36 am

🌉 OWU Bridge — 13/4/2026, 4:35:40 pm
📅 Checking since 7/4/2026, 12:09:36 am

🌉 OWU Bridge — 13/4/2026, 4:40:55 pm
📅 Checking since 7/4/2026, 12:09:36 am

🌉 OWU Bridge — 13/4/2026, 4:45:56 pm
📅 Checking since 7/4/2026, 12:09:36 am

🌉 OWU Bridge — 13/4/2026, 4:50:56 pm
📅 Checking since 7/4/2026, 12:09:36 am

🌉 OWU Bridge — 13/4/2026, 4:55:56 pm
📅 Checking since 7/4/2026, 12:09:36 am

🌉 OWU Bridge — 13/4/2026, 5:00:56 pm
📅 Checking since 7/4/2026, 12:09:36 am

🌉 OWU Bridge — 13/4/2026, 5:05:57 pm
📅 Checking since 7/4/2026, 12:09:36 am

🌉 OWU Bridge — 13/4/2026, 5:10:57 pm
📅 Checking since 7/4/2026, 12:09:36 am

🌉 OWU Bridge — 13/4/2026, 5:15:57 pm
📅 Checking since 7/4/2026, 12:09:36 am

🌉 OWU Bridge — 13/4/2026, 5:20:57 pm
📅 Checking since 7/4/2026, 12:09:36 am

🌉 OWU Bridge — 13/4/2026, 5:25:57 pm
📅 Checking since 7/4/2026, 12:09:36 am

🌉 OWU Bridge — 13/4/2026, 5:30:58 pm
📅 Checking since 7/4/2026, 12:09:36 am

🌉 OWU Bridge — 13/4/2026, 5:35:58 pm
📅 Checking since 7/4/2026, 12:09:36 am

🌉 OWU Bridge — 13/4/2026, 5:40:58 pm
📅 Checking since 7/4/2026, 12:09:36 am

🌉 OWU Bridge — 13/4/2026, 5:45:58 pm
📅 Checking since 7/4/2026, 12:09:36 am

🌉 OWU Bridge — 13/4/2026, 5:50:59 pm
📅 Checking since 7/4/2026, 12:09:36 am

🌉 OWU Bridge — 13/4/2026, 5:55:59 pm
📅 Checking since 7/4/2026, 12:09:36 am

🌉 OWU Bridge — 13/4/2026, 6:00:59 pm
📅 Checking since 7/4/2026, 12:09:36 am

🌉 OWU Bridge — 13/4/2026, 6:05:59 pm
📅 Checking since 7/4/2026, 12:09:36 am

🌉 OWU Bridge — 13/4/2026, 6:10:59 pm
📅 Checking since 7/4/2026, 12:09:36 am

🌉 OWU Bridge — 13/4/2026, 6:16:00 pm
📅 Checking since 7/4/2026, 12:09:36 am

🌉 OWU Bridge — 13/4/2026, 6:21:00 pm
📅 Checking since 7/4/2026, 12:09:36 am

🌉 OWU Bridge — 13/4/2026, 6:26:00 pm
📅 Checking since 7/4/2026, 12:09:36 am

🌉 OWU Bridge — 13/4/2026, 6:31:00 pm
📅 Checking since 7/4/2026, 12:09:36 am

🌉 OWU Bridge — 13/4/2026, 6:36:01 pm
📅 Checking since 7/4/2026, 12:09:36 am

🌉 OWU Bridge — 13/4/2026, 6:41:01 pm
📅 Checking since 7/4/2026, 12:09:36 am

🌉 OWU Bridge — 13/4/2026, 6:46:01 pm
📅 Checking since 7/4/2026, 12:09:36 am

🌉 OWU Bridge — 13/4/2026, 6:51:01 pm
📅 Checking since 7/4/2026, 12:09:36 am

🌉 OWU Bridge — 13/4/2026, 6:56:02 pm
📅 Checking since 7/4/2026, 12:09:36 am

🌉 OWU Bridge — 13/4/2026, 7:01:02 pm
📅 Checking since 7/4/2026, 12:09:36 am

🌉 OWU Bridge — 13/4/2026, 7:06:02 pm
📅 Checking since 7/4/2026, 12:09:36 am

🌉 OWU Bridge — 13/4/2026, 7:11:02 pm
📅 Checking since 7/4/2026, 12:09:36 am

🌉 OWU Bridge — 13/4/2026, 7:16:03 pm
📅 Checking since 7/4/2026, 12:09:36 am

🌉 OWU Bridge — 13/4/2026, 7:21:03 pm
📅 Checking since 7/4/2026, 12:09:36 am

🌉 OWU Bridge — 13/4/2026, 7:26:03 pm
📅 Checking since 7/4/2026, 12:09:36 am

🌉 OWU Bridge — 13/4/2026, 7:31:03 pm
📅 Checking since 7/4/2026, 12:09:36 am

🌉 OWU Bridge — 13/4/2026, 7:36:04 pm
📅 Checking since 7/4/2026, 12:09:36 am

🌉 OWU Bridge — 13/4/2026, 7:41:04 pm
📅 Checking since 7/4/2026, 12:09:36 am

🌉 OWU Bridge — 13/4/2026, 7:46:04 pm
📅 Checking since 7/4/2026, 12:09:36 am

🌉 OWU Bridge — 13/4/2026, 7:51:04 pm
📅 Checking since 7/4/2026, 12:09:36 am

🌉 OWU Bridge — 13/4/2026, 7:56:05 pm
📅 Checking since 7/4/2026, 12:09:36 am

🌉 OWU Bridge — 13/4/2026, 8:01:05 pm
📅 Checking since 7/4/2026, 12:09:36 am

🌉 OWU Bridge — 13/4/2026, 8:06:05 pm
📅 Checking since 7/4/2026, 12:09:36 am

🌉 OWU Bridge — 13/4/2026, 8:11:06 pm
📅 Checking since 7/4/2026, 12:09:36 am

🌉 OWU Bridge — 13/4/2026, 8:16:06 pm
📅 Checking since 7/4/2026, 12:09:36 am

🌉 OWU Bridge — 13/4/2026, 8:21:06 pm
📅 Checking since 7/4/2026, 12:09:36 am

🌉 OWU Bridge — 13/4/2026, 8:26:06 pm
📅 Checking since 7/4/2026, 12:09:36 am

🌉 OWU Bridge — 13/4/2026, 8:31:07 pm
📅 Checking since 7/4/2026, 12:09:36 am

🌉 OWU Bridge — 13/4/2026, 8:36:07 pm
📅 Checking since 7/4/2026, 12:09:36 am

🌉 OWU Bridge — 13/4/2026, 8:41:07 pm
📅 Checking since 7/4/2026, 12:09:36 am

🌉 OWU Bridge — 13/4/2026, 8:46:08 pm
📅 Checking since 7/4/2026, 12:09:36 am

🌉 OWU Bridge — 13/4/2026, 8:51:08 pm
📅 Checking since 7/4/2026, 12:09:36 am

🌉 OWU Bridge — 13/4/2026, 8:56:08 pm
📅 Checking since 7/4/2026, 12:09:36 am

🌉 OWU Bridge — 13/4/2026, 9:01:09 pm
📅 Checking since 7/4/2026, 12:09:36 am

🌉 OWU Bridge — 13/4/2026, 9:06:09 pm
📅 Checking since 7/4/2026, 12:09:36 am

🌉 OWU Bridge — 13/4/2026, 9:11:09 pm
📅 Checking since 7/4/2026, 12:09:36 am

🌉 OWU Bridge — 13/4/2026, 9:16:10 pm
📅 Checking since 7/4/2026, 12:09:36 am

🌉 OWU Bridge — 13/4/2026, 9:21:10 pm
📅 Checking since 7/4/2026, 12:09:36 am

🌉 OWU Bridge — 13/4/2026, 9:26:10 pm
📅 Checking since 7/4/2026, 12:09:36 am

🌉 OWU Bridge — 13/4/2026, 9:31:10 pm
📅 Checking since 7/4/2026, 12:09:36 am

🌉 OWU Bridge — 13/4/2026, 9:36:11 pm
📅 Checking since 7/4/2026, 12:09:36 am

🌉 OWU Bridge — 13/4/2026, 11:19:50 pm
📅 Checking since 7/4/2026, 12:09:36 am

🌉 OWU Bridge — 13/4/2026, 11:56:07 pm
📅 Checking since 7/4/2026, 12:09:36 am

🌉 OWU Bridge — 14/4/2026, 12:01:08 am
📅 Checking since 7/4/2026, 12:09:36 am

🌉 OWU Bridge — 14/4/2026, 12:06:08 am
📅 Checking since 7/4/2026, 12:09:36 am

🌉 OWU Bridge — 14/4/2026, 12:11:08 am
📅 Checking since 7/4/2026, 12:09:36 am

🌉 OWU Bridge — 14/4/2026, 12:16:08 am
📅 Checking since 7/4/2026, 12:09:36 am

🌉 OWU Bridge — 14/4/2026, 12:21:09 am
📅 Checking since 7/4/2026, 12:09:36 am

🌉 OWU Bridge — 14/4/2026, 12:26:09 am
📅 Checking since 7/4/2026, 12:09:36 am

🌉 OWU Bridge — 14/4/2026, 12:31:09 am
📅 Checking since 7/4/2026, 12:09:36 am

🌉 OWU Bridge — 14/4/2026, 12:36:10 am
📅 Checking since 7/4/2026, 12:09:36 am

🌉 OWU Bridge — 14/4/2026, 12:41:10 am
📅 Checking since 7/4/2026, 12:09:36 am

🌉 OWU Bridge — 14/4/2026, 12:46:10 am
📅 Checking since 7/4/2026, 12:09:36 am

🌉 OWU Bridge — 14/4/2026, 12:51:11 am
📅 Checking since 7/4/2026, 12:09:36 am

🌉 OWU Bridge — 14/4/2026, 12:56:11 am
📅 Checking since 7/4/2026, 12:09:36 am

🌉 OWU Bridge — 14/4/2026, 1:01:11 am
📅 Checking since 7/4/2026, 12:09:36 am

🌉 OWU Bridge — 14/4/2026, 1:06:11 am
📅 Checking since 7/4/2026, 12:09:36 am

🌉 OWU Bridge — 14/4/2026, 1:11:12 am
📅 Checking since 7/4/2026, 12:09:36 am

🌉 OWU Bridge — 14/4/2026, 1:16:12 am
📅 Checking since 7/4/2026, 12:09:36 am

🌉 OWU Bridge — 14/4/2026, 1:21:12 am
📅 Checking since 7/4/2026, 12:09:36 am

🌉 OWU Bridge — 14/4/2026, 1:26:13 am
📅 Checking since 7/4/2026, 12:09:36 am

🌉 OWU Bridge — 14/4/2026, 1:31:13 am
📅 Checking since 7/4/2026, 12:09:36 am

🌉 OWU Bridge — 14/4/2026, 1:36:13 am
📅 Checking since 7/4/2026, 12:09:36 am

🌉 OWU Bridge — 14/4/2026, 1:41:14 am
📅 Checking since 7/4/2026, 12:09:36 am

🌉 OWU Bridge — 14/4/2026, 1:46:14 am
📅 Checking since 7/4/2026, 12:09:36 am

🌉 OWU Bridge — 14/4/2026, 1:51:14 am
📅 Checking since 7/4/2026, 12:09:36 am

🌉 OWU Bridge — 14/4/2026, 1:56:14 am
📅 Checking since 7/4/2026, 12:09:36 am

🌉 OWU Bridge — 14/4/2026, 2:01:15 am
📅 Checking since 7/4/2026, 12:09:36 am

🌉 OWU Bridge — 14/4/2026, 2:06:15 am
📅 Checking since 7/4/2026, 12:09:36 am

🌉 OWU Bridge — 14/4/2026, 2:11:15 am
📅 Checking since 7/4/2026, 12:09:36 am

🌉 OWU Bridge — 14/4/2026, 2:16:16 am
📅 Checking since 7/4/2026, 12:09:36 am

🌉 OWU Bridge — 14/4/2026, 2:21:16 am
📅 Checking since 7/4/2026, 12:09:36 am

🌉 OWU Bridge — 14/4/2026, 2:26:16 am
📅 Checking since 7/4/2026, 12:09:36 am

🌉 OWU Bridge — 14/4/2026, 2:31:17 am
📅 Checking since 7/4/2026, 12:09:36 am

🌉 OWU Bridge — 14/4/2026, 2:36:17 am
📅 Checking since 7/4/2026, 12:09:36 am

🌉 OWU Bridge — 14/4/2026, 2:41:17 am
📅 Checking since 7/4/2026, 12:09:36 am

🌉 OWU Bridge — 14/4/2026, 2:46:17 am
📅 Checking since 7/4/2026, 12:09:36 am

🌉 OWU Bridge — 14/4/2026, 2:51:18 am
📅 Checking since 7/4/2026, 12:09:36 am

🌉 OWU Bridge — 14/4/2026, 2:56:18 am
📅 Checking since 7/4/2026, 12:09:36 am

🌉 OWU Bridge — 14/4/2026, 3:01:18 am
📅 Checking since 7/4/2026, 12:09:36 am

🌉 OWU Bridge — 14/4/2026, 3:06:19 am
📅 Checking since 7/4/2026, 12:09:36 am

🌉 OWU Bridge — 14/4/2026, 3:11:19 am
📅 Checking since 7/4/2026, 12:09:36 am

🌉 OWU Bridge — 14/4/2026, 3:16:19 am
📅 Checking since 7/4/2026, 12:09:36 am

🌉 OWU Bridge — 14/4/2026, 3:21:19 am
📅 Checking since 7/4/2026, 12:09:36 am

🌉 OWU Bridge — 14/4/2026, 3:26:20 am
📅 Checking since 7/4/2026, 12:09:36 am

🌉 OWU Bridge — 14/4/2026, 3:31:20 am
📅 Checking since 7/4/2026, 12:09:36 am

🌉 OWU Bridge — 14/4/2026, 3:36:20 am
📅 Checking since 7/4/2026, 12:09:36 am

🌉 OWU Bridge — 14/4/2026, 3:41:20 am
📅 Checking since 7/4/2026, 12:09:36 am

🌉 OWU Bridge — 14/4/2026, 3:46:20 am
📅 Checking since 7/4/2026, 12:09:36 am

🌉 OWU Bridge — 14/4/2026, 3:51:21 am
📅 Checking since 7/4/2026, 12:09:36 am

🌉 OWU Bridge — 14/4/2026, 3:56:21 am
📅 Checking since 7/4/2026, 12:09:36 am

🌉 OWU Bridge — 14/4/2026, 4:01:21 am
📅 Checking since 7/4/2026, 12:09:36 am

🌉 OWU Bridge — 14/4/2026, 4:06:21 am
📅 Checking since 7/4/2026, 12:09:36 am

🌉 OWU Bridge — 14/4/2026, 4:11:21 am
📅 Checking since 7/4/2026, 12:09:36 am

🌉 OWU Bridge — 14/4/2026, 4:16:22 am
📅 Checking since 7/4/2026, 12:09:36 am

🌉 OWU Bridge — 14/4/2026, 4:21:22 am
📅 Checking since 7/4/2026, 12:09:36 am

🌉 OWU Bridge — 14/4/2026, 4:26:22 am
📅 Checking since 7/4/2026, 12:09:36 am

🌉 OWU Bridge — 14/4/2026, 4:31:22 am
📅 Checking since 7/4/2026, 12:09:36 am

🌉 OWU Bridge — 14/4/2026, 4:36:23 am
📅 Checking since 7/4/2026, 12:09:36 am

🌉 OWU Bridge — 14/4/2026, 4:41:23 am
📅 Checking since 7/4/2026, 12:09:36 am

🌉 OWU Bridge — 14/4/2026, 4:46:23 am
📅 Checking since 7/4/2026, 12:09:36 am

🌉 OWU Bridge — 14/4/2026, 4:51:23 am
📅 Checking since 7/4/2026, 12:09:36 am

🌉 OWU Bridge — 14/4/2026, 4:56:23 am
📅 Checking since 7/4/2026, 12:09:36 am

🌉 OWU Bridge — 14/4/2026, 5:01:24 am
📅 Checking since 7/4/2026, 12:09:36 am

🌉 OWU Bridge — 14/4/2026, 5:06:24 am
📅 Checking since 7/4/2026, 12:09:36 am

🌉 OWU Bridge — 14/4/2026, 5:11:24 am
📅 Checking since 7/4/2026, 12:09:36 am

🌉 OWU Bridge — 14/4/2026, 5:16:24 am
📅 Checking since 7/4/2026, 12:09:36 am

🌉 OWU Bridge — 14/4/2026, 5:21:24 am
📅 Checking since 7/4/2026, 12:09:36 am

🌉 OWU Bridge — 14/4/2026, 5:26:25 am
📅 Checking since 7/4/2026, 12:09:36 am

🌉 OWU Bridge — 14/4/2026, 5:31:25 am
📅 Checking since 7/4/2026, 12:09:36 am

🌉 OWU Bridge — 14/4/2026, 5:36:25 am
📅 Checking since 7/4/2026, 12:09:36 am

🌉 OWU Bridge — 14/4/2026, 5:41:25 am
📅 Checking since 7/4/2026, 12:09:36 am

🌉 OWU Bridge — 14/4/2026, 5:46:25 am
📅 Checking since 7/4/2026, 12:09:36 am

🌉 OWU Bridge — 14/4/2026, 5:51:26 am
📅 Checking since 7/4/2026, 12:09:36 am

🌉 OWU Bridge — 14/4/2026, 5:56:26 am
📅 Checking since 7/4/2026, 12:09:36 am

🌉 OWU Bridge — 14/4/2026, 6:01:26 am
📅 Checking since 7/4/2026, 12:09:36 am

🌉 OWU Bridge — 14/4/2026, 6:06:26 am
📅 Checking since 7/4/2026, 12:09:36 am

🌉 OWU Bridge — 14/4/2026, 6:11:26 am
📅 Checking since 7/4/2026, 12:09:36 am

🌉 OWU Bridge — 14/4/2026, 6:16:27 am
📅 Checking since 7/4/2026, 12:09:36 am

🌉 OWU Bridge — 14/4/2026, 6:21:27 am
📅 Checking since 7/4/2026, 12:09:36 am

🌉 OWU Bridge — 14/4/2026, 6:26:27 am
📅 Checking since 7/4/2026, 12:09:36 am

🌉 OWU Bridge — 14/4/2026, 6:31:27 am
📅 Checking since 7/4/2026, 12:09:36 am

🌉 OWU Bridge — 14/4/2026, 6:36:28 am
📅 Checking since 7/4/2026, 12:09:36 am

🌉 OWU Bridge — 14/4/2026, 6:41:28 am
📅 Checking since 7/4/2026, 12:09:36 am

🌉 OWU Bridge — 14/4/2026, 6:46:28 am
📅 Checking since 7/4/2026, 12:09:36 am

🌉 OWU Bridge — 14/4/2026, 6:51:28 am
📅 Checking since 7/4/2026, 12:09:36 am

🌉 OWU Bridge — 14/4/2026, 6:56:28 am
📅 Checking since 7/4/2026, 12:09:36 am

🌉 OWU Bridge — 14/4/2026, 7:01:28 am
📅 Checking since 7/4/2026, 12:09:36 am

🌉 OWU Bridge — 14/4/2026, 7:06:29 am
📅 Checking since 7/4/2026, 12:09:36 am

🌉 OWU Bridge — 14/4/2026, 7:11:29 am
📅 Checking since 7/4/2026, 12:09:36 am

🌉 OWU Bridge — 14/4/2026, 7:16:29 am
📅 Checking since 7/4/2026, 12:09:36 am

🌉 OWU Bridge — 14/4/2026, 7:21:29 am
📅 Checking since 7/4/2026, 12:09:36 am

🌉 OWU Bridge — 14/4/2026, 7:26:29 am
📅 Checking since 7/4/2026, 12:09:36 am

🌉 OWU Bridge — 14/4/2026, 7:31:30 am
📅 Checking since 7/4/2026, 12:09:36 am

🌉 OWU Bridge — 14/4/2026, 7:36:30 am
📅 Checking since 7/4/2026, 12:09:36 am

🌉 OWU Bridge — 14/4/2026, 7:41:30 am
📅 Checking since 7/4/2026, 12:09:36 am

🌉 OWU Bridge — 14/4/2026, 7:46:30 am
📅 Checking since 7/4/2026, 12:09:36 am

🌉 OWU Bridge — 14/4/2026, 7:51:30 am
📅 Checking since 7/4/2026, 12:09:36 am

🌉 OWU Bridge — 14/4/2026, 7:56:31 am
📅 Checking since 7/4/2026, 12:09:36 am

🌉 OWU Bridge — 14/4/2026, 8:01:31 am
📅 Checking since 7/4/2026, 12:09:36 am

🌉 OWU Bridge — 14/4/2026, 8:06:31 am
📅 Checking since 7/4/2026, 12:09:36 am

🌉 OWU Bridge — 14/4/2026, 8:11:31 am
📅 Checking since 7/4/2026, 12:09:36 am

🌉 OWU Bridge — 14/4/2026, 8:16:32 am
📅 Checking since 7/4/2026, 12:09:36 am

🌉 OWU Bridge — 14/4/2026, 8:21:32 am
📅 Checking since 7/4/2026, 12:09:36 am

🌉 OWU Bridge — 14/4/2026, 8:26:32 am
📅 Checking since 7/4/2026, 12:09:36 am

🌉 OWU Bridge — 14/4/2026, 8:31:32 am
📅 Checking since 7/4/2026, 12:09:36 am

🌉 OWU Bridge — 14/4/2026, 8:36:32 am
📅 Checking since 7/4/2026, 12:09:36 am

🌉 OWU Bridge — 14/4/2026, 8:41:33 am
📅 Checking since 7/4/2026, 12:09:36 am

🌉 OWU Bridge — 14/4/2026, 8:46:33 am
📅 Checking since 7/4/2026, 12:09:36 am

🌉 OWU Bridge — 14/4/2026, 8:51:33 am
📅 Checking since 7/4/2026, 12:09:36 am

🌉 OWU Bridge — 14/4/2026, 8:56:33 am
📅 Checking since 7/4/2026, 12:09:36 am

🌉 OWU Bridge — 14/4/2026, 9:01:34 am
📅 Checking since 7/4/2026, 12:09:36 am

🌉 OWU Bridge — 14/4/2026, 9:06:34 am
📅 Checking since 7/4/2026, 12:09:36 am

🌉 OWU Bridge — 14/4/2026, 9:11:34 am
📅 Checking since 7/4/2026, 12:09:36 am

🌉 OWU Bridge — 14/4/2026, 9:16:34 am
📅 Checking since 7/4/2026, 12:09:36 am

🌉 OWU Bridge — 14/4/2026, 9:21:34 am
📅 Checking since 7/4/2026, 12:09:36 am

🌉 OWU Bridge — 14/4/2026, 9:26:35 am
📅 Checking since 7/4/2026, 12:09:36 am

🌉 OWU Bridge — 14/4/2026, 9:31:35 am
📅 Checking since 7/4/2026, 12:09:36 am

🌉 OWU Bridge — 14/4/2026, 9:36:35 am
📅 Checking since 7/4/2026, 12:09:36 am

🌉 OWU Bridge — 14/4/2026, 9:41:35 am
📅 Checking since 7/4/2026, 12:09:36 am

🌉 OWU Bridge — 14/4/2026, 9:46:36 am
📅 Checking since 7/4/2026, 12:09:36 am

🌉 OWU Bridge — 14/4/2026, 9:51:36 am
📅 Checking since 7/4/2026, 12:09:36 am

🌉 OWU Bridge — 14/4/2026, 9:56:36 am
📅 Checking since 7/4/2026, 12:09:36 am

🌉 OWU Bridge — 14/4/2026, 10:01:36 am
📅 Checking since 7/4/2026, 12:09:36 am

🌉 OWU Bridge — 14/4/2026, 10:06:36 am
📅 Checking since 7/4/2026, 12:09:36 am

🌉 OWU Bridge — 14/4/2026, 10:11:37 am
📅 Checking since 7/4/2026, 12:09:36 am

🌉 OWU Bridge — 14/4/2026, 10:16:37 am
📅 Checking since 7/4/2026, 12:09:36 am

🌉 OWU Bridge — 14/4/2026, 10:21:37 am
📅 Checking since 7/4/2026, 12:09:36 am

🌉 OWU Bridge — 14/4/2026, 10:26:37 am
📅 Checking since 7/4/2026, 12:09:36 am

🌉 OWU Bridge — 14/4/2026, 10:31:37 am
📅 Checking since 7/4/2026, 12:09:36 am

🌉 OWU Bridge — 14/4/2026, 10:36:38 am
📅 Checking since 7/4/2026, 12:09:36 am

🌉 OWU Bridge — 14/4/2026, 10:41:38 am
📅 Checking since 7/4/2026, 12:09:36 am

🌉 OWU Bridge — 14/4/2026, 10:46:38 am
📅 Checking since 7/4/2026, 12:09:36 am

🌉 OWU Bridge — 14/4/2026, 10:51:38 am
📅 Checking since 7/4/2026, 12:09:36 am

🌉 OWU Bridge — 14/4/2026, 10:56:39 am
📅 Checking since 7/4/2026, 12:09:36 am

🌉 OWU Bridge — 14/4/2026, 11:01:39 am
📅 Checking since 7/4/2026, 12:09:36 am

🌉 OWU Bridge — 14/4/2026, 11:06:39 am
📅 Checking since 7/4/2026, 12:09:36 am

🌉 OWU Bridge — 14/4/2026, 11:11:39 am
📅 Checking since 7/4/2026, 12:09:36 am

🌉 OWU Bridge — 14/4/2026, 11:16:40 am
📅 Checking since 7/4/2026, 12:09:36 am

🌉 OWU Bridge — 14/4/2026, 11:21:40 am
📅 Checking since 7/4/2026, 12:09:36 am

🌉 OWU Bridge — 14/4/2026, 11:26:40 am
📅 Checking since 7/4/2026, 12:09:36 am

🌉 OWU Bridge — 14/4/2026, 11:31:40 am
📅 Checking since 7/4/2026, 12:09:36 am

🌉 OWU Bridge — 14/4/2026, 11:36:41 am
📅 Checking since 7/4/2026, 12:09:36 am

🌉 OWU Bridge — 14/4/2026, 11:41:41 am
📅 Checking since 7/4/2026, 12:09:36 am

🌉 OWU Bridge — 14/4/2026, 11:46:41 am
📅 Checking since 7/4/2026, 12:09:36 am

🌉 OWU Bridge — 14/4/2026, 11:51:42 am
📅 Checking since 7/4/2026, 12:09:36 am

🌉 OWU Bridge — 14/4/2026, 11:56:42 am
📅 Checking since 7/4/2026, 12:09:36 am

🌉 OWU Bridge — 14/4/2026, 12:01:42 pm
📅 Checking since 7/4/2026, 12:09:36 am

🌉 OWU Bridge — 14/4/2026, 12:06:43 pm
📅 Checking since 7/4/2026, 12:09:36 am

🌉 OWU Bridge — 14/4/2026, 12:11:43 pm
📅 Checking since 7/4/2026, 12:09:36 am

🌉 OWU Bridge — 14/4/2026, 12:16:43 pm
📅 Checking since 7/4/2026, 12:09:36 am

🌉 OWU Bridge — 14/4/2026, 12:21:43 pm
📅 Checking since 7/4/2026, 12:09:36 am

🌉 OWU Bridge — 14/4/2026, 12:26:44 pm
📅 Checking since 7/4/2026, 12:09:36 am

🌉 OWU Bridge — 14/4/2026, 12:31:44 pm
📅 Checking since 7/4/2026, 12:09:36 am

🌉 OWU Bridge — 14/4/2026, 12:36:44 pm
📅 Checking since 7/4/2026, 12:09:36 am

🌉 OWU Bridge — 14/4/2026, 12:41:45 pm
📅 Checking since 7/4/2026, 12:09:36 am

🌉 OWU Bridge — 14/4/2026, 12:46:45 pm
📅 Checking since 7/4/2026, 12:09:36 am

🌉 OWU Bridge — 14/4/2026, 12:51:45 pm
📅 Checking since 7/4/2026, 12:09:36 am

🌉 OWU Bridge — 14/4/2026, 12:56:45 pm
📅 Checking since 7/4/2026, 12:09:36 am

🌉 OWU Bridge — 14/4/2026, 1:01:46 pm
📅 Checking since 7/4/2026, 12:09:36 am

🌉 OWU Bridge — 14/4/2026, 1:06:46 pm
📅 Checking since 7/4/2026, 12:09:36 am

🌉 OWU Bridge — 14/4/2026, 1:11:46 pm
📅 Checking since 7/4/2026, 12:09:36 am

🌉 OWU Bridge — 14/4/2026, 1:16:46 pm
📅 Checking since 7/4/2026, 12:09:36 am

🌉 OWU Bridge — 14/4/2026, 1:21:47 pm
📅 Checking since 7/4/2026, 12:09:36 am

🌉 OWU Bridge — 14/4/2026, 1:26:47 pm
📅 Checking since 7/4/2026, 12:09:36 am

🌉 OWU Bridge — 14/4/2026, 1:31:47 pm
📅 Checking since 7/4/2026, 12:09:36 am

🌉 OWU Bridge — 14/4/2026, 1:36:47 pm
📅 Checking since 7/4/2026, 12:09:36 am

🌉 OWU Bridge — 14/4/2026, 1:41:47 pm
📅 Checking since 7/4/2026, 12:09:36 am

🌉 OWU Bridge — 14/4/2026, 1:46:48 pm
📅 Checking since 7/4/2026, 12:09:36 am

🌉 OWU Bridge — 14/4/2026, 1:51:48 pm
📅 Checking since 7/4/2026, 12:09:36 am

🌉 OWU Bridge — 14/4/2026, 1:56:48 pm
📅 Checking since 7/4/2026, 12:09:36 am

🌉 OWU Bridge — 14/4/2026, 2:01:48 pm
📅 Checking since 7/4/2026, 12:09:36 am

🌉 OWU Bridge — 14/4/2026, 2:06:49 pm
📅 Checking since 7/4/2026, 12:09:36 am

🌉 OWU Bridge — 14/4/2026, 2:11:49 pm
📅 Checking since 7/4/2026, 12:09:36 am

🌉 OWU Bridge — 14/4/2026, 2:16:49 pm
📅 Checking since 7/4/2026, 12:09:36 am

🌉 OWU Bridge — 14/4/2026, 2:21:49 pm
📅 Checking since 7/4/2026, 12:09:36 am

🌉 OWU Bridge — 14/4/2026, 2:26:50 pm
📅 Checking since 7/4/2026, 12:09:36 am

🌉 OWU Bridge — 14/4/2026, 2:31:50 pm
📅 Checking since 7/4/2026, 12:09:36 am

🌉 OWU Bridge — 14/4/2026, 2:36:51 pm
📅 Checking since 7/4/2026, 12:09:36 am

🌉 OWU Bridge — 14/4/2026, 2:41:51 pm
📅 Checking since 7/4/2026, 12:09:36 am

🌉 OWU Bridge — 14/4/2026, 2:46:51 pm
📅 Checking since 7/4/2026, 12:09:36 am

🌉 OWU Bridge — 14/4/2026, 2:51:51 pm
📅 Checking since 7/4/2026, 12:09:36 am

🌉 OWU Bridge — 14/4/2026, 2:56:51 pm
📅 Checking since 7/4/2026, 12:09:36 am

🌉 OWU Bridge — 14/4/2026, 3:01:52 pm
📅 Checking since 7/4/2026, 12:09:36 am

🌉 OWU Bridge — 14/4/2026, 3:06:52 pm
📅 Checking since 7/4/2026, 12:09:36 am

🌉 OWU Bridge — 14/4/2026, 3:11:52 pm
📅 Checking since 7/4/2026, 12:09:36 am

🌉 OWU Bridge — 14/4/2026, 3:16:52 pm
📅 Checking since 7/4/2026, 12:09:36 am

🌉 OWU Bridge — 14/4/2026, 3:21:53 pm
📅 Checking since 7/4/2026, 12:09:36 am

🌉 OWU Bridge — 14/4/2026, 3:26:53 pm
📅 Checking since 7/4/2026, 12:09:36 am

🌉 OWU Bridge — 14/4/2026, 3:31:53 pm
📅 Checking since 7/4/2026, 12:09:36 am

🌉 OWU Bridge — 14/4/2026, 3:36:53 pm
📅 Checking since 7/4/2026, 12:09:36 am

🌉 OWU Bridge — 14/4/2026, 3:41:54 pm
📅 Checking since 7/4/2026, 12:09:36 am

🌉 OWU Bridge — 14/4/2026, 3:46:54 pm
📅 Checking since 7/4/2026, 12:09:36 am

🌉 OWU Bridge — 14/4/2026, 3:51:54 pm
📅 Checking since 7/4/2026, 12:09:36 am

🌉 OWU Bridge — 14/4/2026, 3:56:55 pm
📅 Checking since 7/4/2026, 12:09:36 am

🌉 OWU Bridge — 14/4/2026, 4:01:55 pm
📅 Checking since 7/4/2026, 12:09:36 am

🌉 OWU Bridge — 14/4/2026, 4:06:55 pm
📅 Checking since 7/4/2026, 12:09:36 am

🌉 OWU Bridge — 14/4/2026, 4:11:55 pm
📅 Checking since 7/4/2026, 12:09:36 am

🌉 OWU Bridge — 14/4/2026, 4:16:56 pm
📅 Checking since 7/4/2026, 12:09:36 am

🌉 OWU Bridge — 14/4/2026, 4:21:56 pm
📅 Checking since 7/4/2026, 12:09:36 am

🌉 OWU Bridge — 14/4/2026, 4:26:56 pm
📅 Checking since 7/4/2026, 12:09:36 am

🌉 OWU Bridge — 14/4/2026, 4:31:57 pm
📅 Checking since 7/4/2026, 12:09:36 am

🌉 OWU Bridge — 14/4/2026, 4:36:57 pm
📅 Checking since 7/4/2026, 12:09:36 am

🌉 OWU Bridge — 14/4/2026, 4:41:57 pm
📅 Checking since 7/4/2026, 12:09:36 am

🌉 OWU Bridge — 14/4/2026, 4:46:57 pm
📅 Checking since 7/4/2026, 12:09:36 am

🌉 OWU Bridge — 14/4/2026, 4:51:58 pm
📅 Checking since 7/4/2026, 12:09:36 am

🌉 OWU Bridge — 14/4/2026, 4:56:58 pm
📅 Checking since 7/4/2026, 12:09:36 am

🌉 OWU Bridge — 14/4/2026, 5:01:58 pm
📅 Checking since 7/4/2026, 12:09:36 am

🌉 OWU Bridge — 14/4/2026, 5:06:59 pm
📅 Checking since 7/4/2026, 12:09:36 am

🌉 OWU Bridge — 14/4/2026, 5:11:59 pm
📅 Checking since 7/4/2026, 12:09:36 am

🌉 OWU Bridge — 14/4/2026, 5:16:59 pm
📅 Checking since 7/4/2026, 12:09:36 am

🌉 OWU Bridge — 14/4/2026, 5:22:00 pm
📅 Checking since 7/4/2026, 12:09:36 am

🌉 OWU Bridge — 14/4/2026, 5:27:00 pm
📅 Checking since 7/4/2026, 12:09:36 am

🌉 OWU Bridge — 14/4/2026, 5:32:00 pm
📅 Checking since 7/4/2026, 12:09:36 am

🌉 OWU Bridge — 14/4/2026, 5:37:00 pm
📅 Checking since 7/4/2026, 12:09:36 am

🌉 OWU Bridge — 14/4/2026, 5:42:01 pm
📅 Checking since 7/4/2026, 12:09:36 am

🌉 OWU Bridge — 14/4/2026, 5:47:01 pm
📅 Checking since 7/4/2026, 12:09:36 am

🌉 OWU Bridge — 14/4/2026, 5:52:01 pm
📅 Checking since 7/4/2026, 12:09:36 am

🌉 OWU Bridge — 14/4/2026, 5:57:01 pm
📅 Checking since 7/4/2026, 12:09:36 am

🌉 OWU Bridge — 14/4/2026, 6:02:02 pm
📅 Checking since 7/4/2026, 12:09:36 am

🌉 OWU Bridge — 14/4/2026, 6:07:02 pm
📅 Checking since 7/4/2026, 12:09:36 am

🌉 OWU Bridge — 14/4/2026, 6:12:02 pm
📅 Checking since 7/4/2026, 12:09:36 am

🌉 OWU Bridge — 14/4/2026, 6:17:02 pm
📅 Checking since 7/4/2026, 12:09:36 am

🌉 OWU Bridge — 14/4/2026, 6:22:03 pm
📅 Checking since 7/4/2026, 12:09:36 am

🌉 OWU Bridge — 14/4/2026, 6:27:03 pm
📅 Checking since 7/4/2026, 12:09:36 am

🌉 OWU Bridge — 14/4/2026, 6:32:03 pm
📅 Checking since 7/4/2026, 12:09:36 am

🌉 OWU Bridge — 14/4/2026, 6:37:04 pm
📅 Checking since 7/4/2026, 12:09:36 am

🌉 OWU Bridge — 14/4/2026, 6:42:04 pm
📅 Checking since 7/4/2026, 12:09:36 am

🌉 OWU Bridge — 14/4/2026, 6:47:04 pm
📅 Checking since 7/4/2026, 12:09:36 am

🌉 OWU Bridge — 14/4/2026, 6:52:04 pm
📅 Checking since 7/4/2026, 12:09:36 am

🌉 OWU Bridge — 14/4/2026, 6:57:05 pm
📅 Checking since 7/4/2026, 12:09:36 am

🌉 OWU Bridge — 14/4/2026, 7:02:05 pm
📅 Checking since 7/4/2026, 12:09:36 am

🌉 OWU Bridge — 14/4/2026, 7:07:05 pm
📅 Checking since 7/4/2026, 12:09:36 am

🌉 OWU Bridge — 14/4/2026, 7:12:05 pm
📅 Checking since 7/4/2026, 12:09:36 am

🌉 OWU Bridge — 14/4/2026, 7:17:06 pm
📅 Checking since 7/4/2026, 12:09:36 am

🌉 OWU Bridge — 14/4/2026, 7:22:06 pm
📅 Checking since 7/4/2026, 12:09:36 am

🌉 OWU Bridge — 14/4/2026, 7:27:06 pm
📅 Checking since 7/4/2026, 12:09:36 am

🌉 OWU Bridge — 14/4/2026, 7:32:06 pm
📅 Checking since 7/4/2026, 12:09:36 am

🌉 OWU Bridge — 14/4/2026, 7:37:07 pm
📅 Checking since 7/4/2026, 12:09:36 am

🌉 OWU Bridge — 14/4/2026, 7:42:07 pm
📅 Checking since 7/4/2026, 12:09:36 am

🌉 OWU Bridge — 14/4/2026, 7:47:07 pm
📅 Checking since 7/4/2026, 12:09:36 am

🌉 OWU Bridge — 14/4/2026, 7:52:07 pm
📅 Checking since 7/4/2026, 12:09:36 am

🌉 OWU Bridge — 14/4/2026, 7:57:08 pm
📅 Checking since 7/4/2026, 12:09:36 am

🌉 OWU Bridge — 14/4/2026, 8:02:08 pm
📅 Checking since 7/4/2026, 12:09:36 am

🌉 OWU Bridge — 14/4/2026, 8:07:08 pm
📅 Checking since 7/4/2026, 12:09:36 am

🌉 OWU Bridge — 14/4/2026, 8:12:08 pm
📅 Checking since 7/4/2026, 12:09:36 am

🌉 OWU Bridge — 14/4/2026, 8:17:09 pm
📅 Checking since 7/4/2026, 12:09:36 am

🌉 OWU Bridge — 14/4/2026, 8:22:09 pm
📅 Checking since 7/4/2026, 12:09:36 am

🌉 OWU Bridge — 14/4/2026, 8:27:09 pm
📅 Checking since 7/4/2026, 12:09:36 am

🌉 OWU Bridge — 14/4/2026, 8:32:10 pm
📅 Checking since 7/4/2026, 12:09:36 am

🌉 OWU Bridge — 14/4/2026, 8:37:10 pm
📅 Checking since 7/4/2026, 12:09:36 am

🌉 OWU Bridge — 14/4/2026, 8:42:10 pm
📅 Checking since 7/4/2026, 12:09:36 am

🌉 OWU Bridge — 14/4/2026, 8:47:10 pm
📅 Checking since 7/4/2026, 12:09:36 am

🌉 OWU Bridge — 14/4/2026, 8:52:10 pm
📅 Checking since 7/4/2026, 12:09:36 am

🌉 OWU Bridge — 14/4/2026, 8:57:11 pm
📅 Checking since 7/4/2026, 12:09:36 am

🌉 OWU Bridge — 14/4/2026, 9:02:11 pm
📅 Checking since 7/4/2026, 12:09:36 am

🌉 OWU Bridge — 14/4/2026, 9:07:11 pm
📅 Checking since 7/4/2026, 12:09:36 am

🌉 OWU Bridge — 14/4/2026, 9:12:11 pm
📅 Checking since 7/4/2026, 12:09:36 am

🌉 OWU Bridge — 14/4/2026, 9:17:12 pm
📅 Checking since 7/4/2026, 12:09:36 am

🌉 OWU Bridge — 14/4/2026, 9:22:12 pm
📅 Checking since 7/4/2026, 12:09:36 am

🌉 OWU Bridge — 14/4/2026, 9:27:12 pm
📅 Checking since 7/4/2026, 12:09:36 am

🌉 OWU Bridge — 14/4/2026, 9:32:12 pm
📅 Checking since 7/4/2026, 12:09:36 am

🌉 OWU Bridge — 14/4/2026, 9:37:12 pm
📅 Checking since 7/4/2026, 12:09:36 am

🌉 OWU Bridge — 14/4/2026, 9:42:13 pm
📅 Checking since 7/4/2026, 12:09:36 am

🌉 OWU Bridge — 14/4/2026, 9:47:13 pm
📅 Checking since 7/4/2026, 12:09:36 am

🌉 OWU Bridge — 14/4/2026, 9:52:13 pm
📅 Checking since 7/4/2026, 12:09:36 am

🌉 OWU Bridge — 14/4/2026, 9:57:13 pm
📅 Checking since 7/4/2026, 12:09:36 am

🌉 OWU Bridge — 14/4/2026, 10:02:13 pm
📅 Checking since 7/4/2026, 12:09:36 am

🌉 OWU Bridge — 14/4/2026, 10:07:14 pm
📅 Checking since 7/4/2026, 12:09:36 am

🌉 OWU Bridge — 14/4/2026, 10:12:14 pm
📅 Checking since 7/4/2026, 12:09:36 am

🌉 OWU Bridge — 14/4/2026, 10:17:14 pm
📅 Checking since 7/4/2026, 12:09:36 am

🌉 OWU Bridge — 14/4/2026, 10:22:14 pm
📅 Checking since 7/4/2026, 12:09:36 am

🌉 OWU Bridge — 14/4/2026, 10:27:14 pm
📅 Checking since 7/4/2026, 12:09:36 am

🌉 OWU Bridge — 14/4/2026, 10:32:15 pm
📅 Checking since 7/4/2026, 12:09:36 am

🌉 OWU Bridge — 14/4/2026, 10:37:15 pm
📅 Checking since 7/4/2026, 12:09:36 am

🌉 OWU Bridge — 14/4/2026, 10:42:15 pm
📅 Checking since 7/4/2026, 12:09:36 am

🌉 OWU Bridge — 14/4/2026, 10:47:15 pm
📅 Checking since 7/4/2026, 12:09:36 am

🌉 OWU Bridge — 14/4/2026, 10:52:16 pm
📅 Checking since 7/4/2026, 12:09:36 am

🌉 OWU Bridge — 14/4/2026, 10:57:16 pm
📅 Checking since 7/4/2026, 12:09:36 am

🌉 OWU Bridge — 14/4/2026, 11:02:16 pm
📅 Checking since 7/4/2026, 12:09:36 am

🌉 OWU Bridge — 14/4/2026, 11:07:17 pm
📅 Checking since 7/4/2026, 12:09:36 am

🌉 OWU Bridge — 14/4/2026, 11:12:17 pm
📅 Checking since 7/4/2026, 12:09:36 am

🌉 OWU Bridge — 14/4/2026, 11:17:17 pm
📅 Checking since 7/4/2026, 12:09:36 am

🌉 OWU Bridge — 14/4/2026, 11:22:17 pm
📅 Checking since 7/4/2026, 12:09:36 am

🌉 OWU Bridge — 14/4/2026, 11:27:18 pm
📅 Checking since 7/4/2026, 12:09:36 am

🌉 OWU Bridge — 14/4/2026, 11:32:18 pm
📅 Checking since 7/4/2026, 12:09:36 am

🌉 OWU Bridge — 14/4/2026, 11:37:19 pm
📅 Checking since 7/4/2026, 12:09:36 am

🌉 OWU Bridge — 14/4/2026, 11:42:19 pm
📅 Checking since 7/4/2026, 12:09:36 am

🌉 OWU Bridge — 14/4/2026, 11:47:19 pm
📅 Checking since 7/4/2026, 12:09:36 am

🌉 OWU Bridge — 14/4/2026, 11:52:19 pm
📅 Checking since 7/4/2026, 12:09:36 am

🌉 OWU Bridge — 14/4/2026, 11:57:20 pm
📅 Checking since 7/4/2026, 12:09:36 am

🌉 OWU Bridge — 15/4/2026, 12:02:20 am
📅 Checking since 7/4/2026, 12:09:36 am

🌉 OWU Bridge — 15/4/2026, 12:07:20 am
📅 Checking since 7/4/2026, 12:09:36 am

🌉 OWU Bridge — 15/4/2026, 12:12:21 am
📅 Checking since 7/4/2026, 12:09:36 am

🌉 OWU Bridge — 15/4/2026, 12:17:21 am
📅 Checking since 7/4/2026, 12:09:36 am

🌉 OWU Bridge — 15/4/2026, 12:22:21 am
📅 Checking since 7/4/2026, 12:09:36 am

🌉 OWU Bridge — 15/4/2026, 12:27:22 am
📅 Checking since 7/4/2026, 12:09:36 am

🌉 OWU Bridge — 15/4/2026, 12:32:22 am
📅 Checking since 7/4/2026, 12:09:36 am

🌉 OWU Bridge — 15/4/2026, 12:37:23 am
📅 Checking since 7/4/2026, 12:09:36 am

🌉 OWU Bridge — 15/4/2026, 12:42:23 am
📅 Checking since 7/4/2026, 12:09:36 am

🌉 OWU Bridge — 15/4/2026, 12:47:24 am
📅 Checking since 7/4/2026, 12:09:36 am

🌉 OWU Bridge — 15/4/2026, 12:52:24 am
📅 Checking since 7/4/2026, 12:09:36 am

🌉 OWU Bridge — 15/4/2026, 12:57:25 am
📅 Checking since 7/4/2026, 12:09:36 am

🌉 OWU Bridge — 15/4/2026, 1:02:25 am
📅 Checking since 7/4/2026, 12:09:36 am

🌉 OWU Bridge — 15/4/2026, 1:07:25 am
📅 Checking since 7/4/2026, 12:09:36 am

🌉 OWU Bridge — 15/4/2026, 1:12:25 am
📅 Checking since 7/4/2026, 12:09:36 am

🌉 OWU Bridge — 15/4/2026, 1:17:25 am
📅 Checking since 7/4/2026, 12:09:36 am

🌉 OWU Bridge — 15/4/2026, 1:22:26 am
📅 Checking since 7/4/2026, 12:09:36 am

🌉 OWU Bridge — 15/4/2026, 1:27:26 am
📅 Checking since 7/4/2026, 12:09:36 am

🌉 OWU Bridge — 15/4/2026, 1:32:26 am
📅 Checking since 7/4/2026, 12:09:36 am

🌉 OWU Bridge — 15/4/2026, 1:37:27 am
📅 Checking since 7/4/2026, 12:09:36 am

🌉 OWU Bridge — 15/4/2026, 1:42:27 am
📅 Checking since 7/4/2026, 12:09:36 am

🌉 OWU Bridge — 15/4/2026, 1:47:27 am
📅 Checking since 7/4/2026, 12:09:36 am

🌉 OWU Bridge — 15/4/2026, 1:52:28 am
📅 Checking since 7/4/2026, 12:09:36 am

🌉 OWU Bridge — 15/4/2026, 2:13:12 am
📅 Checking since 7/4/2026, 12:09:36 am

🌉 OWU Bridge — 15/4/2026, 2:49:15 am
📅 Checking since 7/4/2026, 12:09:36 am

🌉 OWU Bridge — 15/4/2026, 2:54:16 am
📅 Checking since 7/4/2026, 12:09:36 am

🌉 OWU Bridge — 15/4/2026, 3:46:29 am
📅 Checking since 7/4/2026, 12:09:36 am

🌉 OWU Bridge — 15/4/2026, 4:53:40 am
📅 Checking since 7/4/2026, 12:09:36 am

🌉 OWU Bridge — 15/4/2026, 6:12:07 am
📅 Checking since 7/4/2026, 12:09:36 am

🌉 OWU Bridge — 15/4/2026, 7:45:59 am
📅 Checking since 7/4/2026, 12:09:36 am

🌉 OWU Bridge — 15/4/2026, 9:15:05 am
📅 Checking since 7/4/2026, 12:09:36 am

🌉 OWU Bridge — 15/4/2026, 10:36:26 am
📅 Checking since 7/4/2026, 12:09:36 am

🌉 OWU Bridge — 15/4/2026, 10:41:26 am
📅 Checking since 7/4/2026, 12:09:36 am

🌉 OWU Bridge — 15/4/2026, 10:46:27 am
📅 Checking since 7/4/2026, 12:09:36 am

🌉 OWU Bridge — 15/4/2026, 10:51:27 am
📅 Checking since 7/4/2026, 12:09:36 am

🌉 OWU Bridge — 15/4/2026, 10:56:27 am
📅 Checking since 7/4/2026, 12:09:36 am

🌉 OWU Bridge — 15/4/2026, 11:01:28 am
📅 Checking since 7/4/2026, 12:09:36 am

🌉 OWU Bridge — 15/4/2026, 11:06:28 am
📅 Checking since 7/4/2026, 12:09:36 am

🌉 OWU Bridge — 15/4/2026, 11:11:31 am
📅 Checking since 7/4/2026, 12:09:36 am

🌉 OWU Bridge — 15/4/2026, 11:16:31 am
📅 Checking since 7/4/2026, 12:09:36 am

🌉 OWU Bridge — 15/4/2026, 11:21:31 am
📅 Checking since 7/4/2026, 12:09:36 am

🌉 OWU Bridge — 15/4/2026, 11:26:32 am
📅 Checking since 7/4/2026, 12:09:36 am

🌉 OWU Bridge — 15/4/2026, 11:31:32 am
📅 Checking since 7/4/2026, 12:09:36 am

🌉 OWU Bridge — 15/4/2026, 11:36:32 am
📅 Checking since 7/4/2026, 12:09:36 am

🌉 OWU Bridge — 15/4/2026, 11:41:33 am
📅 Checking since 7/4/2026, 12:09:36 am

🌉 OWU Bridge — 15/4/2026, 11:46:33 am
📅 Checking since 7/4/2026, 12:09:36 am

🌉 OWU Bridge — 15/4/2026, 11:51:33 am
📅 Checking since 7/4/2026, 12:09:36 am

🌉 OWU Bridge — 15/4/2026, 11:56:33 am
📅 Checking since 7/4/2026, 12:09:36 am

🌉 OWU Bridge — 15/4/2026, 12:01:34 pm
📅 Checking since 7/4/2026, 12:09:36 am

🌉 OWU Bridge — 15/4/2026, 12:06:34 pm
📅 Checking since 7/4/2026, 12:09:36 am

🌉 OWU Bridge — 15/4/2026, 12:11:34 pm
📅 Checking since 7/4/2026, 12:09:36 am

🌉 OWU Bridge — 15/4/2026, 12:16:35 pm
📅 Checking since 7/4/2026, 12:09:36 am

🌉 OWU Bridge — 15/4/2026, 12:21:35 pm
📅 Checking since 7/4/2026, 12:09:36 am

🌉 OWU Bridge — 15/4/2026, 12:26:36 pm
📅 Checking since 7/4/2026, 12:09:36 am

🌉 OWU Bridge — 15/4/2026, 12:31:36 pm
📅 Checking since 7/4/2026, 12:09:36 am

🌉 OWU Bridge — 15/4/2026, 12:36:37 pm
📅 Checking since 7/4/2026, 12:09:36 am

🌉 OWU Bridge — 15/4/2026, 12:41:37 pm
📅 Checking since 7/4/2026, 12:09:36 am

🌉 OWU Bridge — 15/4/2026, 12:46:37 pm
📅 Checking since 7/4/2026, 12:09:36 am

🌉 OWU Bridge — 15/4/2026, 12:51:38 pm
📅 Checking since 7/4/2026, 12:09:36 am

🌉 OWU Bridge — 15/4/2026, 12:56:38 pm
📅 Checking since 7/4/2026, 12:09:36 am

🌉 OWU Bridge — 15/4/2026, 1:01:38 pm
📅 Checking since 7/4/2026, 12:09:36 am

🌉 OWU Bridge — 15/4/2026, 1:06:39 pm
📅 Checking since 7/4/2026, 12:09:36 am

🌉 OWU Bridge — 15/4/2026, 1:11:39 pm
📅 Checking since 7/4/2026, 12:09:36 am

🌉 OWU Bridge — 15/4/2026, 1:16:39 pm
📅 Checking since 7/4/2026, 12:09:36 am

🌉 OWU Bridge — 15/4/2026, 1:21:39 pm
📅 Checking since 7/4/2026, 12:09:36 am

🌉 OWU Bridge — 15/4/2026, 1:26:40 pm
📅 Checking since 7/4/2026, 12:09:36 am

🌉 OWU Bridge — 15/4/2026, 1:31:40 pm
📅 Checking since 7/4/2026, 12:09:36 am

🌉 OWU Bridge — 15/4/2026, 1:36:40 pm
📅 Checking since 7/4/2026, 12:09:36 am

🌉 OWU Bridge — 15/4/2026, 1:41:41 pm
📅 Checking since 7/4/2026, 12:09:36 am

🌉 OWU Bridge — 15/4/2026, 1:46:41 pm
📅 Checking since 7/4/2026, 12:09:36 am

🌉 OWU Bridge — 15/4/2026, 1:51:41 pm
📅 Checking since 7/4/2026, 12:09:36 am

🌉 OWU Bridge — 15/4/2026, 1:56:42 pm
📅 Checking since 7/4/2026, 12:09:36 am

🌉 OWU Bridge — 15/4/2026, 2:01:42 pm
📅 Checking since 7/4/2026, 12:09:36 am

🌉 OWU Bridge — 15/4/2026, 2:06:42 pm
📅 Checking since 7/4/2026, 12:09:36 am

🌉 OWU Bridge — 15/4/2026, 2:11:42 pm
📅 Checking since 7/4/2026, 12:09:36 am

🌉 OWU Bridge — 15/4/2026, 2:16:43 pm
📅 Checking since 7/4/2026, 12:09:36 am

🌉 OWU Bridge — 15/4/2026, 2:21:43 pm
📅 Checking since 7/4/2026, 12:09:36 am

🌉 OWU Bridge — 15/4/2026, 2:26:43 pm
📅 Checking since 7/4/2026, 12:09:36 am

🌉 OWU Bridge — 15/4/2026, 2:31:44 pm
📅 Checking since 7/4/2026, 12:09:36 am

🌉 OWU Bridge — 15/4/2026, 2:36:44 pm
📅 Checking since 7/4/2026, 12:09:36 am

🌉 OWU Bridge — 15/4/2026, 2:41:45 pm
📅 Checking since 7/4/2026, 12:09:36 am

🌉 OWU Bridge — 15/4/2026, 2:46:45 pm
📅 Checking since 7/4/2026, 12:09:36 am

🌉 OWU Bridge — 15/4/2026, 2:51:45 pm
📅 Checking since 7/4/2026, 12:09:36 am

🌉 OWU Bridge — 15/4/2026, 2:56:46 pm
📅 Checking since 7/4/2026, 12:09:36 am

🌉 OWU Bridge — 15/4/2026, 3:01:46 pm
📅 Checking since 7/4/2026, 12:09:36 am

🌉 OWU Bridge — 15/4/2026, 3:06:46 pm
📅 Checking since 7/4/2026, 12:09:36 am

🌉 OWU Bridge — 15/4/2026, 3:11:47 pm
📅 Checking since 7/4/2026, 12:09:36 am

🌉 OWU Bridge — 15/4/2026, 3:16:47 pm
📅 Checking since 7/4/2026, 12:09:36 am

🌉 OWU Bridge — 15/4/2026, 3:21:47 pm
📅 Checking since 7/4/2026, 12:09:36 am

🌉 OWU Bridge — 15/4/2026, 3:26:48 pm
📅 Checking since 7/4/2026, 12:09:36 am

🌉 OWU Bridge — 15/4/2026, 3:31:48 pm
📅 Checking since 7/4/2026, 12:09:36 am

🌉 OWU Bridge — 15/4/2026, 3:36:48 pm
📅 Checking since 7/4/2026, 12:09:36 am

🌉 OWU Bridge — 15/4/2026, 3:41:49 pm
📅 Checking since 7/4/2026, 12:09:36 am

🌉 OWU Bridge — 15/4/2026, 3:46:49 pm
📅 Checking since 7/4/2026, 12:09:36 am

🌉 OWU Bridge — 15/4/2026, 3:51:49 pm
📅 Checking since 7/4/2026, 12:09:36 am

🌉 OWU Bridge — 15/4/2026, 3:56:50 pm
📅 Checking since 7/4/2026, 12:09:36 am

🌉 OWU Bridge — 15/4/2026, 4:01:50 pm
📅 Checking since 7/4/2026, 12:09:36 am

🌉 OWU Bridge — 15/4/2026, 4:06:50 pm
📅 Checking since 7/4/2026, 12:09:36 am

🌉 OWU Bridge — 15/4/2026, 4:11:51 pm
📅 Checking since 7/4/2026, 12:09:36 am

🌉 OWU Bridge — 15/4/2026, 4:16:51 pm
📅 Checking since 7/4/2026, 12:09:36 am

🌉 OWU Bridge — 15/4/2026, 4:21:51 pm
📅 Checking since 7/4/2026, 12:09:36 am

🌉 OWU Bridge — 15/4/2026, 4:26:52 pm
📅 Checking since 7/4/2026, 12:09:36 am

🌉 OWU Bridge — 15/4/2026, 4:31:52 pm
📅 Checking since 7/4/2026, 12:09:36 am

🌉 OWU Bridge — 15/4/2026, 4:36:52 pm
📅 Checking since 7/4/2026, 12:09:36 am

🌉 OWU Bridge — 15/4/2026, 4:41:53 pm
📅 Checking since 7/4/2026, 12:09:36 am

🌉 OWU Bridge — 15/4/2026, 4:46:53 pm
📅 Checking since 7/4/2026, 12:09:36 am

🌉 OWU Bridge — 15/4/2026, 4:51:53 pm
📅 Checking since 7/4/2026, 12:09:36 am

🌉 OWU Bridge — 15/4/2026, 4:56:54 pm
📅 Checking since 7/4/2026, 12:09:36 am

🌉 OWU Bridge — 15/4/2026, 5:01:54 pm
📅 Checking since 7/4/2026, 12:09:36 am

🌉 OWU Bridge — 15/4/2026, 5:06:54 pm
📅 Checking since 7/4/2026, 12:09:36 am

🌉 OWU Bridge — 15/4/2026, 5:11:54 pm
📅 Checking since 7/4/2026, 12:09:36 am

🌉 OWU Bridge — 15/4/2026, 5:16:55 pm
📅 Checking since 7/4/2026, 12:09:36 am

🌉 OWU Bridge — 15/4/2026, 5:21:55 pm
📅 Checking since 7/4/2026, 12:09:36 am

🌉 OWU Bridge — 15/4/2026, 5:26:55 pm
📅 Checking since 7/4/2026, 12:09:36 am

🌉 OWU Bridge — 15/4/2026, 5:31:56 pm
📅 Checking since 7/4/2026, 12:09:36 am

🌉 OWU Bridge — 15/4/2026, 5:36:56 pm
📅 Checking since 7/4/2026, 12:09:36 am

🌉 OWU Bridge — 15/4/2026, 5:41:56 pm
📅 Checking since 7/4/2026, 12:09:36 am

🌉 OWU Bridge — 15/4/2026, 5:46:57 pm
📅 Checking since 7/4/2026, 12:09:36 am

🌉 OWU Bridge — 15/4/2026, 5:51:57 pm
📅 Checking since 7/4/2026, 12:09:36 am

🌉 OWU Bridge — 15/4/2026, 5:56:57 pm
📅 Checking since 7/4/2026, 12:09:36 am

🌉 OWU Bridge — 15/4/2026, 6:01:58 pm
📅 Checking since 7/4/2026, 12:09:36 am

🌉 OWU Bridge — 15/4/2026, 6:06:58 pm
📅 Checking since 7/4/2026, 12:09:36 am

🌉 OWU Bridge — 15/4/2026, 6:11:58 pm
📅 Checking since 7/4/2026, 12:09:36 am

🌉 OWU Bridge — 15/4/2026, 6:16:58 pm
📅 Checking since 7/4/2026, 12:09:36 am

🌉 OWU Bridge — 15/4/2026, 6:21:59 pm
📅 Checking since 7/4/2026, 12:09:36 am

🌉 OWU Bridge — 15/4/2026, 6:26:59 pm
📅 Checking since 7/4/2026, 12:09:36 am

🌉 OWU Bridge — 15/4/2026, 6:31:59 pm
📅 Checking since 7/4/2026, 12:09:36 am

🌉 OWU Bridge — 15/4/2026, 6:37:00 pm
📅 Checking since 7/4/2026, 12:09:36 am

🌉 OWU Bridge — 15/4/2026, 6:42:00 pm
📅 Checking since 7/4/2026, 12:09:36 am

🌉 OWU Bridge — 15/4/2026, 6:47:00 pm
📅 Checking since 7/4/2026, 12:09:36 am

🌉 OWU Bridge — 15/4/2026, 6:52:01 pm
📅 Checking since 7/4/2026, 12:09:36 am

🌉 OWU Bridge — 15/4/2026, 6:57:01 pm
📅 Checking since 7/4/2026, 12:09:36 am

🌉 OWU Bridge — 15/4/2026, 7:02:01 pm
📅 Checking since 7/4/2026, 12:09:36 am

🌉 OWU Bridge — 15/4/2026, 7:07:02 pm
📅 Checking since 7/4/2026, 12:09:36 am

🌉 OWU Bridge — 15/4/2026, 7:12:02 pm
📅 Checking since 7/4/2026, 12:09:36 am

🌉 OWU Bridge — 15/4/2026, 7:17:02 pm
📅 Checking since 7/4/2026, 12:09:36 am

🌉 OWU Bridge — 15/4/2026, 7:22:02 pm
📅 Checking since 7/4/2026, 12:09:36 am

🌉 OWU Bridge — 15/4/2026, 7:27:03 pm
📅 Checking since 7/4/2026, 12:09:36 am

🌉 OWU Bridge — 15/4/2026, 7:32:03 pm
📅 Checking since 7/4/2026, 12:09:36 am

🌉 OWU Bridge — 15/4/2026, 7:37:03 pm
📅 Checking since 7/4/2026, 12:09:36 am

🌉 OWU Bridge — 15/4/2026, 7:42:04 pm
📅 Checking since 7/4/2026, 12:09:36 am

🌉 OWU Bridge — 15/4/2026, 7:47:04 pm
📅 Checking since 7/4/2026, 12:09:36 am

🌉 OWU Bridge — 15/4/2026, 7:52:04 pm
📅 Checking since 7/4/2026, 12:09:36 am

🌉 OWU Bridge — 15/4/2026, 7:57:05 pm
📅 Checking since 7/4/2026, 12:09:36 am

🌉 OWU Bridge — 15/4/2026, 8:02:05 pm
📅 Checking since 7/4/2026, 12:09:36 am

🌉 OWU Bridge — 15/4/2026, 8:07:05 pm
📅 Checking since 7/4/2026, 12:09:36 am

🌉 OWU Bridge — 15/4/2026, 8:12:06 pm
📅 Checking since 7/4/2026, 12:09:36 am

🌉 OWU Bridge — 15/4/2026, 8:17:06 pm
📅 Checking since 7/4/2026, 12:09:36 am

🌉 OWU Bridge — 15/4/2026, 8:22:06 pm
📅 Checking since 7/4/2026, 12:09:36 am

🌉 OWU Bridge — 15/4/2026, 8:27:06 pm
📅 Checking since 7/4/2026, 12:09:36 am

🌉 OWU Bridge — 15/4/2026, 8:32:07 pm
📅 Checking since 7/4/2026, 12:09:36 am

🌉 OWU Bridge — 15/4/2026, 8:37:07 pm
📅 Checking since 7/4/2026, 12:09:36 am

🌉 OWU Bridge — 15/4/2026, 8:42:08 pm
📅 Checking since 7/4/2026, 12:09:36 am

🌉 OWU Bridge — 15/4/2026, 8:47:08 pm
📅 Checking since 7/4/2026, 12:09:36 am

🌉 OWU Bridge — 15/4/2026, 8:52:08 pm
📅 Checking since 7/4/2026, 12:09:36 am

🌉 OWU Bridge — 15/4/2026, 8:57:08 pm
📅 Checking since 7/4/2026, 12:09:36 am

🌉 OWU Bridge — 15/4/2026, 9:02:08 pm
📅 Checking since 7/4/2026, 12:09:36 am

🌉 OWU Bridge — 15/4/2026, 9:07:09 pm
📅 Checking since 7/4/2026, 12:09:36 am

🌉 OWU Bridge — 15/4/2026, 9:12:09 pm
📅 Checking since 7/4/2026, 12:09:36 am

🌉 OWU Bridge — 15/4/2026, 9:17:09 pm
📅 Checking since 7/4/2026, 12:09:36 am

🌉 OWU Bridge — 15/4/2026, 9:22:09 pm
📅 Checking since 7/4/2026, 12:09:36 am

🌉 OWU Bridge — 15/4/2026, 9:27:09 pm
📅 Checking since 7/4/2026, 12:09:36 am

🌉 OWU Bridge — 15/4/2026, 9:32:10 pm
📅 Checking since 7/4/2026, 12:09:36 am

🌉 OWU Bridge — 15/4/2026, 9:37:10 pm
📅 Checking since 7/4/2026, 12:09:36 am

🌉 OWU Bridge — 15/4/2026, 9:42:10 pm
📅 Checking since 7/4/2026, 12:09:36 am

🌉 OWU Bridge — 15/4/2026, 9:47:10 pm
📅 Checking since 7/4/2026, 12:09:36 am

🌉 OWU Bridge — 15/4/2026, 9:52:10 pm
📅 Checking since 7/4/2026, 12:09:36 am

🌉 OWU Bridge — 15/4/2026, 9:57:11 pm
📅 Checking since 7/4/2026, 12:09:36 am

🌉 OWU Bridge — 15/4/2026, 10:02:11 pm
📅 Checking since 7/4/2026, 12:09:36 am

🌉 OWU Bridge — 15/4/2026, 10:07:11 pm
📅 Checking since 7/4/2026, 12:09:36 am

🌉 OWU Bridge — 15/4/2026, 10:12:12 pm
📅 Checking since 7/4/2026, 12:09:36 am

🌉 OWU Bridge — 15/4/2026, 10:17:12 pm
📅 Checking since 7/4/2026, 12:09:36 am

🌉 OWU Bridge — 15/4/2026, 10:22:12 pm
📅 Checking since 7/4/2026, 12:09:36 am

🌉 OWU Bridge — 16/4/2026, 12:29:32 am
📅 Checking since 7/4/2026, 12:09:36 am

🌉 OWU Bridge — 16/4/2026, 12:34:33 am
📅 Checking since 7/4/2026, 12:09:36 am

🌉 OWU Bridge — 16/4/2026, 12:39:33 am
📅 Checking since 7/4/2026, 12:09:36 am

🌉 OWU Bridge — 16/4/2026, 12:44:33 am
📅 Checking since 7/4/2026, 12:09:36 am

🌉 OWU Bridge — 16/4/2026, 12:49:34 am
📅 Checking since 7/4/2026, 12:09:36 am

🌉 OWU Bridge — 16/4/2026, 12:54:34 am
📅 Checking since 7/4/2026, 12:09:36 am

🌉 OWU Bridge — 16/4/2026, 12:59:34 am
📅 Checking since 7/4/2026, 12:09:36 am

🌉 OWU Bridge — 16/4/2026, 1:04:34 am
📅 Checking since 7/4/2026, 12:09:36 am

🌉 OWU Bridge — 16/4/2026, 1:09:35 am
📅 Checking since 7/4/2026, 12:09:36 am

🌉 OWU Bridge — 16/4/2026, 1:14:35 am
📅 Checking since 7/4/2026, 12:09:36 am

🌉 OWU Bridge — 16/4/2026, 1:19:44 am
📅 Checking since 7/4/2026, 12:09:36 am

🌉 OWU Bridge — 16/4/2026, 1:24:44 am
📅 Checking since 7/4/2026, 12:09:36 am

🌉 OWU Bridge — 16/4/2026, 1:29:45 am
📅 Checking since 7/4/2026, 12:09:36 am

🌉 OWU Bridge — 16/4/2026, 1:34:45 am
📅 Checking since 7/4/2026, 12:09:36 am

🌉 OWU Bridge — 16/4/2026, 1:39:45 am
📅 Checking since 7/4/2026, 12:09:36 am

🌉 OWU Bridge — 16/4/2026, 1:44:45 am
📅 Checking since 7/4/2026, 12:09:36 am

🌉 OWU Bridge — 16/4/2026, 1:49:46 am
📅 Checking since 7/4/2026, 12:09:36 am

🌉 OWU Bridge — 16/4/2026, 1:54:46 am
📅 Checking since 7/4/2026, 12:09:36 am

🌉 OWU Bridge — 16/4/2026, 1:59:46 am
📅 Checking since 7/4/2026, 12:09:36 am

🌉 OWU Bridge — 16/4/2026, 2:04:47 am
📅 Checking since 7/4/2026, 12:09:36 am

🌉 OWU Bridge — 16/4/2026, 2:09:47 am
📅 Checking since 7/4/2026, 12:09:36 am

🌉 OWU Bridge — 16/4/2026, 2:14:47 am
📅 Checking since 7/4/2026, 12:09:36 am

🌉 OWU Bridge — 16/4/2026, 2:19:48 am
📅 Checking since 7/4/2026, 12:09:36 am

🌉 OWU Bridge — 16/4/2026, 2:24:48 am
📅 Checking since 7/4/2026, 12:09:36 am

🌉 OWU Bridge — 16/4/2026, 2:29:48 am
📅 Checking since 7/4/2026, 12:09:36 am

🌉 OWU Bridge — 16/4/2026, 2:34:48 am
📅 Checking since 7/4/2026, 12:09:36 am

🌉 OWU Bridge — 16/4/2026, 2:39:49 am
📅 Checking since 7/4/2026, 12:09:36 am

🌉 OWU Bridge — 16/4/2026, 2:44:49 am
📅 Checking since 7/4/2026, 12:09:36 am

🌉 OWU Bridge — 16/4/2026, 2:49:49 am
📅 Checking since 7/4/2026, 12:09:36 am

🌉 OWU Bridge — 16/4/2026, 2:54:50 am
📅 Checking since 7/4/2026, 12:09:36 am

🌉 OWU Bridge — 16/4/2026, 2:59:50 am
📅 Checking since 7/4/2026, 12:09:36 am

🌉 OWU Bridge — 16/4/2026, 3:04:50 am
📅 Checking since 7/4/2026, 12:09:36 am

🌉 OWU Bridge — 16/4/2026, 3:09:51 am
📅 Checking since 7/4/2026, 12:09:36 am

🌉 OWU Bridge — 16/4/2026, 3:14:51 am
📅 Checking since 7/4/2026, 12:09:36 am

🌉 OWU Bridge — 16/4/2026, 3:19:51 am
📅 Checking since 7/4/2026, 12:09:36 am

🌉 OWU Bridge — 16/4/2026, 3:24:51 am
📅 Checking since 7/4/2026, 12:09:36 am

🌉 OWU Bridge — 16/4/2026, 3:29:52 am
📅 Checking since 7/4/2026, 12:09:36 am

🌉 OWU Bridge — 16/4/2026, 3:34:52 am
📅 Checking since 7/4/2026, 12:09:36 am

🌉 OWU Bridge — 16/4/2026, 3:39:52 am
📅 Checking since 7/4/2026, 12:09:36 am

🌉 OWU Bridge — 16/4/2026, 3:44:52 am
📅 Checking since 7/4/2026, 12:09:36 am

🌉 OWU Bridge — 16/4/2026, 3:49:53 am
📅 Checking since 7/4/2026, 12:09:36 am

🌉 OWU Bridge — 16/4/2026, 3:54:53 am
📅 Checking since 7/4/2026, 12:09:36 am

🌉 OWU Bridge — 16/4/2026, 3:59:53 am
📅 Checking since 7/4/2026, 12:09:36 am

🌉 OWU Bridge — 16/4/2026, 4:04:53 am
📅 Checking since 7/4/2026, 12:09:36 am

🌉 OWU Bridge — 16/4/2026, 4:09:54 am
📅 Checking since 7/4/2026, 12:09:36 am

🌉 OWU Bridge — 16/4/2026, 4:14:54 am
📅 Checking since 7/4/2026, 12:09:36 am

🌉 OWU Bridge — 16/4/2026, 4:19:54 am
📅 Checking since 7/4/2026, 12:09:36 am

🌉 OWU Bridge — 16/4/2026, 4:24:55 am
📅 Checking since 7/4/2026, 12:09:36 am

🌉 OWU Bridge — 16/4/2026, 4:29:55 am
📅 Checking since 7/4/2026, 12:09:36 am

🌉 OWU Bridge — 16/4/2026, 4:34:55 am
📅 Checking since 7/4/2026, 12:09:36 am

🌉 OWU Bridge — 16/4/2026, 4:39:55 am
📅 Checking since 7/4/2026, 12:09:36 am

🌉 OWU Bridge — 16/4/2026, 5:50:15 am
📅 Checking since 7/4/2026, 12:09:36 am

🌉 OWU Bridge — 16/4/2026, 7:26:53 am
📅 Checking since 7/4/2026, 12:09:36 am

🌉 OWU Bridge — 16/4/2026, 8:57:19 am
📅 Checking since 7/4/2026, 12:09:36 am

🌉 OWU Bridge — 16/4/2026, 10:14:19 am
📅 Checking since 7/4/2026, 12:09:36 am

🌉 OWU Bridge — 16/4/2026, 10:31:46 am
📅 Checking since 7/4/2026, 12:09:36 am

🌉 OWU Bridge — 16/4/2026, 10:36:46 am
📅 Checking since 7/4/2026, 12:09:36 am

🌉 OWU Bridge — 16/4/2026, 10:41:47 am
📅 Checking since 7/4/2026, 12:09:36 am

🌉 OWU Bridge — 16/4/2026, 10:46:47 am
📅 Checking since 7/4/2026, 12:09:36 am

🌉 OWU Bridge — 16/4/2026, 10:51:47 am
📅 Checking since 7/4/2026, 12:09:36 am

🌉 OWU Bridge — 16/4/2026, 10:56:48 am
📅 Checking since 7/4/2026, 12:09:36 am

🌉 OWU Bridge — 16/4/2026, 11:06:44 am
📅 Checking since 7/4/2026, 12:09:36 am

🌉 OWU Bridge — 16/4/2026, 11:11:44 am
📅 Checking since 7/4/2026, 12:09:36 am

🌉 OWU Bridge — 16/4/2026, 11:32:04 am
📅 Checking since 7/4/2026, 12:09:36 am

🌉 OWU Bridge — 16/4/2026, 12:55:57 pm
📅 Checking since 7/4/2026, 12:09:36 am

🌉 OWU Bridge — 16/4/2026, 1:15:47 pm
📅 Checking since 7/4/2026, 12:09:36 am

🌉 OWU Bridge — 16/4/2026, 1:20:48 pm
📅 Checking since 7/4/2026, 12:09:36 am

🌉 OWU Bridge — 16/4/2026, 2:14:50 pm
📅 Checking since 7/4/2026, 12:09:36 am

🌉 OWU Bridge — 16/4/2026, 4:05:20 pm
📅 Checking since 7/4/2026, 12:09:36 am

🌉 OWU Bridge — 16/4/2026, 5:05:55 pm
📅 Checking since 7/4/2026, 12:09:36 am

🌉 OWU Bridge — 16/4/2026, 6:34:58 pm
📅 Checking since 7/4/2026, 12:09:36 am

🌉 OWU Bridge — 16/4/2026, 8:09:46 pm
📅 Checking since 7/4/2026, 12:09:36 am

🌉 OWU Bridge — 16/4/2026, 8:43:30 pm
📅 Checking since 7/4/2026, 12:09:36 am

🌉 OWU Bridge — 16/4/2026, 8:48:30 pm
📅 Checking since 7/4/2026, 12:09:36 am

🌉 OWU Bridge — 16/4/2026, 8:53:30 pm
📅 Checking since 7/4/2026, 12:09:36 am

🌉 OWU Bridge — 16/4/2026, 8:58:31 pm
📅 Checking since 7/4/2026, 12:09:36 am

🌉 OWU Bridge — 16/4/2026, 9:03:31 pm
📅 Checking since 7/4/2026, 12:09:36 am

🌉 OWU Bridge — 16/4/2026, 9:15:55 pm
📅 Checking since 7/4/2026, 12:09:36 am

🌉 OWU Bridge — 16/4/2026, 9:20:56 pm
📅 Checking since 7/4/2026, 12:09:36 am

🌉 OWU Bridge — 16/4/2026, 9:25:56 pm
📅 Checking since 7/4/2026, 12:09:36 am

🌉 OWU Bridge — 16/4/2026, 9:30:56 pm
📅 Checking since 7/4/2026, 12:09:36 am

🌉 OWU Bridge — 16/4/2026, 9:35:56 pm
📅 Checking since 7/4/2026, 12:09:36 am

🌉 OWU Bridge — 16/4/2026, 9:40:57 pm
📅 Checking since 7/4/2026, 12:09:36 am

🌉 OWU Bridge — 16/4/2026, 9:45:57 pm
📅 Checking since 7/4/2026, 12:09:36 am

🌉 OWU Bridge — 16/4/2026, 9:50:57 pm
📅 Checking since 7/4/2026, 12:09:36 am

🌉 OWU Bridge — 16/4/2026, 9:55:58 pm
📅 Checking since 7/4/2026, 12:09:36 am

🌉 OWU Bridge — 16/4/2026, 10:00:58 pm
📅 Checking since 7/4/2026, 12:09:36 am

🌉 OWU Bridge — 16/4/2026, 10:05:58 pm
📅 Checking since 7/4/2026, 12:09:36 am

🌉 OWU Bridge — 16/4/2026, 10:10:58 pm
📅 Checking since 7/4/2026, 12:09:36 am

🌉 OWU Bridge — 16/4/2026, 10:15:59 pm
📅 Checking since 7/4/2026, 12:09:36 am

🌉 OWU Bridge — 16/4/2026, 10:20:59 pm
📅 Checking since 7/4/2026, 12:09:36 am

🌉 OWU Bridge — 16/4/2026, 10:25:59 pm
📅 Checking since 7/4/2026, 12:09:36 am

🌉 OWU Bridge — 16/4/2026, 10:31:00 pm
📅 Checking since 7/4/2026, 12:09:36 am

🌉 OWU Bridge — 16/4/2026, 10:36:00 pm
📅 Checking since 7/4/2026, 12:09:36 am

🌉 OWU Bridge — 16/4/2026, 10:41:00 pm
📅 Checking since 7/4/2026, 12:09:36 am

🌉 OWU Bridge — 16/4/2026, 10:46:01 pm
📅 Checking since 7/4/2026, 12:09:36 am

🌉 OWU Bridge — 16/4/2026, 10:51:01 pm
📅 Checking since 7/4/2026, 12:09:36 am

🌉 OWU Bridge — 16/4/2026, 10:56:01 pm
📅 Checking since 7/4/2026, 12:09:36 am

🌉 OWU Bridge — 16/4/2026, 11:01:02 pm
📅 Checking since 7/4/2026, 12:09:36 am

🌉 OWU Bridge — 16/4/2026, 11:06:02 pm
📅 Checking since 7/4/2026, 12:09:36 am

🌉 OWU Bridge — 16/4/2026, 11:11:02 pm
📅 Checking since 7/4/2026, 12:09:36 am

🌉 OWU Bridge — 16/4/2026, 11:16:02 pm
📅 Checking since 7/4/2026, 12:09:36 am

🌉 OWU Bridge — 16/4/2026, 11:21:03 pm
📅 Checking since 7/4/2026, 12:09:36 am

🌉 OWU Bridge — 16/4/2026, 11:26:03 pm
📅 Checking since 7/4/2026, 12:09:36 am

🌉 OWU Bridge — 16/4/2026, 11:31:04 pm
📅 Checking since 7/4/2026, 12:09:36 am

🌉 OWU Bridge — 16/4/2026, 11:36:05 pm
📅 Checking since 7/4/2026, 12:09:36 am

🌉 OWU Bridge — 16/4/2026, 11:41:05 pm
📅 Checking since 7/4/2026, 12:09:36 am

🌉 OWU Bridge — 16/4/2026, 11:46:05 pm
📅 Checking since 7/4/2026, 12:09:36 am

🌉 OWU Bridge — 16/4/2026, 11:51:05 pm
📅 Checking since 7/4/2026, 12:09:36 am

🌉 OWU Bridge — 16/4/2026, 11:56:05 pm
📅 Checking since 7/4/2026, 12:09:36 am

🌉 OWU Bridge — 17/4/2026, 12:01:06 am
📅 Checking since 7/4/2026, 12:09:36 am

🌉 OWU Bridge — 17/4/2026, 12:06:06 am
📅 Checking since 7/4/2026, 12:09:36 am

🌉 OWU Bridge — 17/4/2026, 12:11:06 am
📅 Checking since 7/4/2026, 12:09:36 am

🌉 OWU Bridge — 17/4/2026, 12:16:07 am
📅 Checking since 7/4/2026, 12:09:36 am

🌉 OWU Bridge — 17/4/2026, 12:21:07 am
📅 Checking since 7/4/2026, 12:09:36 am

🌉 OWU Bridge — 17/4/2026, 12:26:07 am
📅 Checking since 7/4/2026, 12:09:36 am

🌉 OWU Bridge — 17/4/2026, 12:31:08 am
📅 Checking since 7/4/2026, 12:09:36 am

🌉 OWU Bridge — 17/4/2026, 12:36:08 am
📅 Checking since 7/4/2026, 12:09:36 am

🌉 OWU Bridge — 17/4/2026, 12:41:08 am
📅 Checking since 7/4/2026, 12:09:36 am

🌉 OWU Bridge — 17/4/2026, 12:46:08 am
📅 Checking since 7/4/2026, 12:09:36 am

🌉 OWU Bridge — 17/4/2026, 12:51:09 am
📅 Checking since 7/4/2026, 12:09:36 am

🌉 OWU Bridge — 17/4/2026, 12:56:09 am
📅 Checking since 7/4/2026, 12:09:36 am

🌉 OWU Bridge — 17/4/2026, 1:01:09 am
📅 Checking since 7/4/2026, 12:09:36 am

🌉 OWU Bridge — 17/4/2026, 1:06:09 am
📅 Checking since 7/4/2026, 12:09:36 am

🌉 OWU Bridge — 17/4/2026, 1:11:10 am
📅 Checking since 7/4/2026, 12:09:36 am

🌉 OWU Bridge — 17/4/2026, 1:16:10 am
📅 Checking since 7/4/2026, 12:09:36 am

🌉 OWU Bridge — 17/4/2026, 2:23:39 am
📅 Checking since 7/4/2026, 12:09:36 am

🌉 OWU Bridge — 17/4/2026, 3:47:49 am
📅 Checking since 7/4/2026, 12:09:36 am

🌉 OWU Bridge — 17/4/2026, 3:52:50 am
📅 Checking since 7/4/2026, 12:09:36 am

🌉 OWU Bridge — 17/4/2026, 3:57:50 am
📅 Checking since 7/4/2026, 12:09:36 am

🌉 OWU Bridge — 17/4/2026, 4:02:50 am
📅 Checking since 7/4/2026, 12:09:36 am

🌉 OWU Bridge — 17/4/2026, 4:07:50 am
📅 Checking since 7/4/2026, 12:09:36 am

🌉 OWU Bridge — 17/4/2026, 4:12:51 am
📅 Checking since 7/4/2026, 12:09:36 am

🌉 OWU Bridge — 17/4/2026, 4:17:51 am
📅 Checking since 7/4/2026, 12:09:36 am

🌉 OWU Bridge — 17/4/2026, 4:22:51 am
📅 Checking since 7/4/2026, 12:09:36 am

🌉 OWU Bridge — 17/4/2026, 4:27:51 am
📅 Checking since 7/4/2026, 12:09:36 am

🌉 OWU Bridge — 17/4/2026, 4:32:51 am
📅 Checking since 7/4/2026, 12:09:36 am

🌉 OWU Bridge — 17/4/2026, 4:37:52 am
📅 Checking since 7/4/2026, 12:09:36 am

🌉 OWU Bridge — 17/4/2026, 4:42:52 am
📅 Checking since 7/4/2026, 12:09:36 am

🌉 OWU Bridge — 17/4/2026, 4:47:52 am
📅 Checking since 7/4/2026, 12:09:36 am

🌉 OWU Bridge — 17/4/2026, 6:27:12 am
📅 Checking since 7/4/2026, 12:09:36 am

🌉 OWU Bridge — 17/4/2026, 7:20:50 am
📅 Checking since 7/4/2026, 12:09:36 am

🌉 OWU Bridge — 17/4/2026, 8:30:06 am
📅 Checking since 7/4/2026, 12:09:36 am

🌉 OWU Bridge — 17/4/2026, 8:35:07 am
📅 Checking since 7/4/2026, 12:09:36 am

🌉 OWU Bridge — 17/4/2026, 8:40:07 am
📅 Checking since 7/4/2026, 12:09:36 am

🌉 OWU Bridge — 17/4/2026, 8:45:07 am
📅 Checking since 7/4/2026, 12:09:36 am

🌉 OWU Bridge — 17/4/2026, 8:50:08 am
📅 Checking since 7/4/2026, 12:09:36 am

🌉 OWU Bridge — 17/4/2026, 8:55:08 am
📅 Checking since 7/4/2026, 12:09:36 am

🌉 OWU Bridge — 17/4/2026, 9:00:08 am
📅 Checking since 7/4/2026, 12:09:36 am

🌉 OWU Bridge — 17/4/2026, 9:05:09 am
📅 Checking since 7/4/2026, 12:09:36 am

🌉 OWU Bridge — 17/4/2026, 9:10:09 am
📅 Checking since 7/4/2026, 12:09:36 am

🌉 OWU Bridge — 17/4/2026, 9:15:09 am
📅 Checking since 7/4/2026, 12:09:36 am

🌉 OWU Bridge — 17/4/2026, 9:20:10 am
📅 Checking since 7/4/2026, 12:09:36 am

🌉 OWU Bridge — 17/4/2026, 10:28:39 am
📅 Checking since 7/4/2026, 12:09:36 am

🌉 OWU Bridge — 17/4/2026, 11:16:56 am
📅 Checking since 7/4/2026, 12:09:36 am

🌉 OWU Bridge — 17/4/2026, 11:21:56 am
📅 Checking since 7/4/2026, 12:09:36 am

🌉 OWU Bridge — 17/4/2026, 11:26:57 am
📅 Checking since 7/4/2026, 12:09:36 am

🌉 OWU Bridge — 17/4/2026, 11:31:57 am
📅 Checking since 7/4/2026, 12:09:36 am

🌉 OWU Bridge — 17/4/2026, 11:36:57 am
📅 Checking since 7/4/2026, 12:09:36 am

🌉 OWU Bridge — 17/4/2026, 11:41:57 am
📅 Checking since 7/4/2026, 12:09:36 am

🌉 OWU Bridge — 17/4/2026, 11:46:58 am
📅 Checking since 7/4/2026, 12:09:36 am

🌉 OWU Bridge — 17/4/2026, 12:11:36 pm
📅 Checking since 7/4/2026, 12:09:36 am

🌉 OWU Bridge — 17/4/2026, 12:16:37 pm
📅 Checking since 7/4/2026, 12:09:36 am

🌉 OWU Bridge — 17/4/2026, 12:21:37 pm
📅 Checking since 7/4/2026, 12:09:36 am

🌉 OWU Bridge — 17/4/2026, 12:26:37 pm
📅 Checking since 7/4/2026, 12:09:36 am

🌉 OWU Bridge — 17/4/2026, 12:31:38 pm
📅 Checking since 7/4/2026, 12:09:36 am

🌉 OWU Bridge — 17/4/2026, 12:36:38 pm
📅 Checking since 7/4/2026, 12:09:36 am

🌉 OWU Bridge — 17/4/2026, 12:41:38 pm
📅 Checking since 7/4/2026, 12:09:36 am

🌉 OWU Bridge — 17/4/2026, 12:46:38 pm
📅 Checking since 7/4/2026, 12:09:36 am

🌉 OWU Bridge — 17/4/2026, 12:51:39 pm
📅 Checking since 7/4/2026, 12:09:36 am

🌉 OWU Bridge — 17/4/2026, 12:56:39 pm
📅 Checking since 7/4/2026, 12:09:36 am

🌉 OWU Bridge — 17/4/2026, 1:01:39 pm
📅 Checking since 7/4/2026, 12:09:36 am

🌉 OWU Bridge — 17/4/2026, 1:06:39 pm
📅 Checking since 7/4/2026, 12:09:36 am

🌉 OWU Bridge — 17/4/2026, 1:11:40 pm
📅 Checking since 7/4/2026, 12:09:36 am

🌉 OWU Bridge — 17/4/2026, 1:16:40 pm
📅 Checking since 7/4/2026, 12:09:36 am

🌉 OWU Bridge — 17/4/2026, 1:21:40 pm
📅 Checking since 7/4/2026, 12:09:36 am

🌉 OWU Bridge — 17/4/2026, 1:26:41 pm
📅 Checking since 7/4/2026, 12:09:36 am

🌉 OWU Bridge — 17/4/2026, 2:02:13 pm
📅 Checking since 7/4/2026, 12:09:36 am

🌉 OWU Bridge — 17/4/2026, 3:39:44 pm
📅 Checking since 7/4/2026, 12:09:36 am

🌉 OWU Bridge — 17/4/2026, 4:00:23 pm
📅 Checking since 7/4/2026, 12:09:36 am

🌉 OWU Bridge — 17/4/2026, 4:05:23 pm
📅 Checking since 7/4/2026, 12:09:36 am

🌉 OWU Bridge — 17/4/2026, 4:10:23 pm
📅 Checking since 7/4/2026, 12:09:36 am

🌉 OWU Bridge — 17/4/2026, 4:15:24 pm
📅 Checking since 7/4/2026, 12:09:36 am

🌉 OWU Bridge — 17/4/2026, 4:20:24 pm
📅 Checking since 7/4/2026, 12:09:36 am

🌉 OWU Bridge — 17/4/2026, 4:33:52 pm
📅 Checking since 7/4/2026, 12:09:36 am

🌉 OWU Bridge — 17/4/2026, 4:38:52 pm
📅 Checking since 7/4/2026, 12:09:36 am

🌉 OWU Bridge — 17/4/2026, 4:43:52 pm
📅 Checking since 7/4/2026, 12:09:36 am

🌉 OWU Bridge — 17/4/2026, 4:48:53 pm
📅 Checking since 7/4/2026, 12:09:36 am

🌉 OWU Bridge — 17/4/2026, 4:53:53 pm
📅 Checking since 7/4/2026, 12:09:36 am

🌉 OWU Bridge — 17/4/2026, 4:58:53 pm
📅 Checking since 7/4/2026, 12:09:36 am

🌉 OWU Bridge — 17/4/2026, 5:03:54 pm
📅 Checking since 7/4/2026, 12:09:36 am

🌉 OWU Bridge — 17/4/2026, 5:08:54 pm
📅 Checking since 7/4/2026, 12:09:36 am

🌉 OWU Bridge — 17/4/2026, 5:13:54 pm
📅 Checking since 7/4/2026, 12:09:36 am

🌉 OWU Bridge — 17/4/2026, 5:18:54 pm
📅 Checking since 7/4/2026, 12:09:36 am

🌉 OWU Bridge — 17/4/2026, 5:23:55 pm
📅 Checking since 7/4/2026, 12:09:36 am

🌉 OWU Bridge — 17/4/2026, 5:28:55 pm
📅 Checking since 7/4/2026, 12:09:36 am

🌉 OWU Bridge — 17/4/2026, 5:33:55 pm
📅 Checking since 7/4/2026, 12:09:36 am

🌉 OWU Bridge — 17/4/2026, 5:38:56 pm
📅 Checking since 7/4/2026, 12:09:36 am

🌉 OWU Bridge — 17/4/2026, 5:43:56 pm
📅 Checking since 7/4/2026, 12:09:36 am

🌉 OWU Bridge — 17/4/2026, 5:48:56 pm
📅 Checking since 7/4/2026, 12:09:36 am

🌉 OWU Bridge — 17/4/2026, 7:00:46 pm
📅 Checking since 7/4/2026, 12:09:36 am

🌉 OWU Bridge — 17/4/2026, 8:33:18 pm
📅 Checking since 7/4/2026, 12:09:36 am

🌉 OWU Bridge — 17/4/2026, 8:38:19 pm
📅 Checking since 7/4/2026, 12:09:36 am

🌉 OWU Bridge — 17/4/2026, 8:43:19 pm
📅 Checking since 7/4/2026, 12:09:36 am

🌉 OWU Bridge — 17/4/2026, 8:48:19 pm
📅 Checking since 7/4/2026, 12:09:36 am

🌉 OWU Bridge — 17/4/2026, 8:53:20 pm
📅 Checking since 7/4/2026, 12:09:36 am

🌉 OWU Bridge — 17/4/2026, 8:58:20 pm
📅 Checking since 7/4/2026, 12:09:36 am

🌉 OWU Bridge — 17/4/2026, 9:03:20 pm
📅 Checking since 7/4/2026, 12:09:36 am

🌉 OWU Bridge — 17/4/2026, 9:08:20 pm
📅 Checking since 7/4/2026, 12:09:36 am

🌉 OWU Bridge — 17/4/2026, 9:13:21 pm
📅 Checking since 7/4/2026, 12:09:36 am

🌉 OWU Bridge — 17/4/2026, 9:18:21 pm
📅 Checking since 7/4/2026, 12:09:36 am

🌉 OWU Bridge — 17/4/2026, 9:23:21 pm
📅 Checking since 7/4/2026, 12:09:36 am

🌉 OWU Bridge — 17/4/2026, 9:28:22 pm
📅 Checking since 7/4/2026, 12:09:36 am

🌉 OWU Bridge — 17/4/2026, 9:33:22 pm
📅 Checking since 7/4/2026, 12:09:36 am

🌉 OWU Bridge — 17/4/2026, 9:38:22 pm
📅 Checking since 7/4/2026, 12:09:36 am

🌉 OWU Bridge — 17/4/2026, 9:43:22 pm
📅 Checking since 7/4/2026, 12:09:36 am

🌉 OWU Bridge — 17/4/2026, 9:48:23 pm
📅 Checking since 7/4/2026, 12:09:36 am

🌉 OWU Bridge — 17/4/2026, 9:53:23 pm
📅 Checking since 7/4/2026, 12:09:36 am

🌉 OWU Bridge — 17/4/2026, 9:58:23 pm
📅 Checking since 7/4/2026, 12:09:36 am

🌉 OWU Bridge — 17/4/2026, 10:03:23 pm
📅 Checking since 7/4/2026, 12:09:36 am

🌉 OWU Bridge — 17/4/2026, 10:08:24 pm
📅 Checking since 7/4/2026, 12:09:36 am

🌉 OWU Bridge — 17/4/2026, 10:17:02 pm
📅 Checking since 7/4/2026, 12:09:36 am

🌉 OWU Bridge — 17/4/2026, 10:22:02 pm
📅 Checking since 7/4/2026, 12:09:36 am

🌉 OWU Bridge — 17/4/2026, 10:27:02 pm
📅 Checking since 7/4/2026, 12:09:36 am

🌉 OWU Bridge — 17/4/2026, 10:32:03 pm
📅 Checking since 7/4/2026, 12:09:36 am

🌉 OWU Bridge — 17/4/2026, 10:37:03 pm
📅 Checking since 7/4/2026, 12:09:36 am

🌉 OWU Bridge — 17/4/2026, 10:42:03 pm
📅 Checking since 7/4/2026, 12:09:36 am

🌉 OWU Bridge — 17/4/2026, 10:47:04 pm
📅 Checking since 7/4/2026, 12:09:36 am

🌉 OWU Bridge — 17/4/2026, 10:52:04 pm
📅 Checking since 7/4/2026, 12:09:36 am

🌉 OWU Bridge — 17/4/2026, 10:57:04 pm
📅 Checking since 7/4/2026, 12:09:36 am

🌉 OWU Bridge — 17/4/2026, 11:02:04 pm
📅 Checking since 7/4/2026, 12:09:36 am

🌉 OWU Bridge — 17/4/2026, 11:07:05 pm
📅 Checking since 7/4/2026, 12:09:36 am

🌉 OWU Bridge — 17/4/2026, 11:12:05 pm
📅 Checking since 7/4/2026, 12:09:36 am

🌉 OWU Bridge — 17/4/2026, 11:17:05 pm
📅 Checking since 7/4/2026, 12:09:36 am

🌉 OWU Bridge — 17/4/2026, 11:22:06 pm
📅 Checking since 7/4/2026, 12:09:36 am

🌉 OWU Bridge — 17/4/2026, 11:27:06 pm
📅 Checking since 7/4/2026, 12:09:36 am

🌉 OWU Bridge — 18/4/2026, 12:02:36 am
📅 Checking since 7/4/2026, 12:09:36 am

🌉 OWU Bridge — 18/4/2026, 12:47:20 am
📅 Checking since 7/4/2026, 12:09:36 am

🌉 OWU Bridge — 18/4/2026, 12:52:20 am
📅 Checking since 7/4/2026, 12:09:36 am

🌉 OWU Bridge — 18/4/2026, 12:58:03 am
📅 Checking since 7/4/2026, 12:09:36 am

🌉 OWU Bridge — 18/4/2026, 1:03:04 am
📅 Checking since 7/4/2026, 12:09:36 am

🌉 OWU Bridge — 18/4/2026, 1:08:04 am
📅 Checking since 7/4/2026, 12:09:36 am

🌉 OWU Bridge — 18/4/2026, 1:13:04 am
📅 Checking since 7/4/2026, 12:09:36 am

🌉 OWU Bridge — 18/4/2026, 1:18:05 am
📅 Checking since 7/4/2026, 12:09:36 am

🌉 OWU Bridge — 18/4/2026, 1:23:05 am
📅 Checking since 7/4/2026, 12:09:36 am

🌉 OWU Bridge — 18/4/2026, 1:28:05 am
📅 Checking since 7/4/2026, 12:09:36 am

🌉 OWU Bridge — 18/4/2026, 1:33:05 am
📅 Checking since 7/4/2026, 12:09:36 am

🌉 OWU Bridge — 18/4/2026, 1:38:06 am
📅 Checking since 7/4/2026, 12:09:36 am

🌉 OWU Bridge — 18/4/2026, 1:43:06 am
📅 Checking since 7/4/2026, 12:09:36 am

🌉 OWU Bridge — 18/4/2026, 1:48:06 am
📅 Checking since 7/4/2026, 12:09:36 am

🌉 OWU Bridge — 18/4/2026, 1:53:06 am
📅 Checking since 7/4/2026, 12:09:36 am

🌉 OWU Bridge — 18/4/2026, 1:58:07 am
📅 Checking since 7/4/2026, 12:09:36 am

🌉 OWU Bridge — 18/4/2026, 2:03:07 am
📅 Checking since 7/4/2026, 12:09:36 am

🌉 OWU Bridge — 18/4/2026, 2:08:07 am
📅 Checking since 7/4/2026, 12:09:36 am

🌉 OWU Bridge — 18/4/2026, 2:13:07 am
📅 Checking since 7/4/2026, 12:09:36 am

🌉 OWU Bridge — 18/4/2026, 2:18:08 am
📅 Checking since 7/4/2026, 12:09:36 am

🌉 OWU Bridge — 18/4/2026, 2:23:08 am
📅 Checking since 7/4/2026, 12:09:36 am

🌉 OWU Bridge — 18/4/2026, 2:28:08 am
📅 Checking since 7/4/2026, 12:09:36 am

🌉 OWU Bridge — 18/4/2026, 2:33:09 am
📅 Checking since 7/4/2026, 12:09:36 am

🌉 OWU Bridge — 18/4/2026, 2:38:09 am
📅 Checking since 7/4/2026, 12:09:36 am

🌉 OWU Bridge — 18/4/2026, 2:43:09 am
📅 Checking since 7/4/2026, 12:09:36 am

🌉 OWU Bridge — 18/4/2026, 2:48:10 am
📅 Checking since 7/4/2026, 12:09:36 am

🌉 OWU Bridge — 18/4/2026, 2:53:10 am
📅 Checking since 7/4/2026, 12:09:36 am

🌉 OWU Bridge — 18/4/2026, 2:58:10 am
📅 Checking since 7/4/2026, 12:09:36 am

🌉 OWU Bridge — 18/4/2026, 3:52:40 am
📅 Checking since 7/4/2026, 12:09:36 am

🌉 OWU Bridge — 18/4/2026, 3:57:41 am
📅 Checking since 7/4/2026, 12:09:36 am

🌉 OWU Bridge — 18/4/2026, 4:02:41 am
📅 Checking since 7/4/2026, 12:09:36 am

🌉 OWU Bridge — 18/4/2026, 4:07:41 am
📅 Checking since 7/4/2026, 12:09:36 am

🌉 OWU Bridge — 18/4/2026, 4:12:41 am
📅 Checking since 7/4/2026, 12:09:36 am

🌉 OWU Bridge — 18/4/2026, 4:17:42 am
📅 Checking since 7/4/2026, 12:09:36 am

🌉 OWU Bridge — 18/4/2026, 4:22:42 am
📅 Checking since 7/4/2026, 12:09:36 am

🌉 OWU Bridge — 18/4/2026, 4:27:42 am
📅 Checking since 7/4/2026, 12:09:36 am

🌉 OWU Bridge — 18/4/2026, 4:32:43 am
📅 Checking since 7/4/2026, 12:09:36 am

🌉 OWU Bridge — 18/4/2026, 4:42:07 am
📅 Checking since 7/4/2026, 12:09:36 am

🌉 OWU Bridge — 18/4/2026, 4:47:08 am
📅 Checking since 7/4/2026, 12:09:36 am

🌉 OWU Bridge — 18/4/2026, 5:24:58 am
📅 Checking since 7/4/2026, 12:09:36 am

🌉 OWU Bridge — 18/4/2026, 7:02:47 am
📅 Checking since 7/4/2026, 12:09:36 am

🌉 OWU Bridge — 18/4/2026, 8:39:14 am
📅 Checking since 7/4/2026, 12:09:36 am

🌉 OWU Bridge — 18/4/2026, 10:05:53 am
📅 Checking since 7/4/2026, 12:09:36 am

🌉 OWU Bridge — 18/4/2026, 10:41:22 am
📅 Checking since 7/4/2026, 12:09:36 am

🌉 OWU Bridge — 18/4/2026, 12:08:54 pm
📅 Checking since 7/4/2026, 12:09:36 am

🌉 OWU Bridge — 18/4/2026, 1:50:02 pm
📅 Checking since 7/4/2026, 12:09:36 am

🌉 OWU Bridge — 18/4/2026, 1:55:08 pm
📅 Checking since 7/4/2026, 12:09:36 am

🌉 OWU Bridge — 18/4/2026, 2:00:08 pm
📅 Checking since 7/4/2026, 12:09:36 am

🌉 OWU Bridge — 18/4/2026, 2:53:28 pm
📅 Checking since 7/4/2026, 12:09:36 am

🌉 OWU Bridge — 18/4/2026, 4:12:31 pm
📅 Checking since 7/4/2026, 12:09:36 am

🌉 OWU Bridge — 18/4/2026, 4:17:31 pm
📅 Checking since 7/4/2026, 12:09:36 am

🌉 OWU Bridge — 18/4/2026, 4:22:32 pm
📅 Checking since 7/4/2026, 12:09:36 am

🌉 OWU Bridge — 18/4/2026, 4:27:32 pm
📅 Checking since 7/4/2026, 12:09:36 am

🌉 OWU Bridge — 18/4/2026, 4:32:32 pm
📅 Checking since 7/4/2026, 12:09:36 am

🌉 OWU Bridge — 18/4/2026, 4:37:33 pm
📅 Checking since 7/4/2026, 12:09:36 am

🌉 OWU Bridge — 18/4/2026, 4:42:33 pm
📅 Checking since 7/4/2026, 12:09:36 am

🌉 OWU Bridge — 18/4/2026, 4:47:33 pm
📅 Checking since 7/4/2026, 12:09:36 am

🌉 OWU Bridge — 18/4/2026, 4:52:33 pm
📅 Checking since 7/4/2026, 12:09:36 am

🌉 OWU Bridge — 18/4/2026, 4:57:34 pm
📅 Checking since 7/4/2026, 12:09:36 am

🌉 OWU Bridge — 18/4/2026, 5:18:46 pm
📅 Checking since 7/4/2026, 12:09:36 am

🌉 OWU Bridge — 18/4/2026, 5:36:46 pm
📅 Checking since 7/4/2026, 12:09:36 am

🌉 OWU Bridge — 18/4/2026, 5:41:46 pm
📅 Checking since 7/4/2026, 12:09:36 am

🌉 OWU Bridge — 18/4/2026, 5:46:47 pm
📅 Checking since 7/4/2026, 12:09:36 am

🌉 OWU Bridge — 18/4/2026, 5:51:47 pm
📅 Checking since 7/4/2026, 12:09:36 am

🌉 OWU Bridge — 18/4/2026, 5:56:47 pm
📅 Checking since 7/4/2026, 12:09:36 am

🌉 OWU Bridge — 18/4/2026, 6:01:48 pm
📅 Checking since 7/4/2026, 12:09:36 am

🌉 OWU Bridge — 18/4/2026, 6:06:48 pm
📅 Checking since 7/4/2026, 12:09:36 am

🌉 OWU Bridge — 18/4/2026, 6:11:48 pm
📅 Checking since 7/4/2026, 12:09:36 am

🌉 OWU Bridge — 18/4/2026, 6:16:49 pm
📅 Checking since 7/4/2026, 12:09:36 am

🌉 OWU Bridge — 18/4/2026, 6:21:49 pm
📅 Checking since 7/4/2026, 12:09:36 am

🌉 OWU Bridge — 18/4/2026, 6:26:49 pm
📅 Checking since 7/4/2026, 12:09:36 am

🌉 OWU Bridge — 18/4/2026, 6:31:50 pm
📅 Checking since 7/4/2026, 12:09:36 am

🌉 OWU Bridge — 18/4/2026, 6:36:50 pm
📅 Checking since 7/4/2026, 12:09:36 am

🌉 OWU Bridge — 18/4/2026, 6:41:50 pm
📅 Checking since 7/4/2026, 12:09:36 am

🌉 OWU Bridge — 18/4/2026, 6:46:51 pm
📅 Checking since 7/4/2026, 12:09:36 am

🌉 OWU Bridge — 18/4/2026, 6:51:51 pm
📅 Checking since 7/4/2026, 12:09:36 am

🌉 OWU Bridge — 18/4/2026, 6:56:51 pm
📅 Checking since 7/4/2026, 12:09:36 am

🌉 OWU Bridge — 18/4/2026, 7:01:52 pm
📅 Checking since 7/4/2026, 12:09:36 am

🌉 OWU Bridge — 18/4/2026, 7:37:31 pm
📅 Checking since 7/4/2026, 12:09:36 am

🌉 OWU Bridge — 18/4/2026, 8:52:07 pm
📅 Checking since 7/4/2026, 12:09:36 am

🌉 OWU Bridge — 18/4/2026, 8:57:07 pm
📅 Checking since 7/4/2026, 12:09:36 am

🌉 OWU Bridge — 18/4/2026, 9:02:07 pm
📅 Checking since 7/4/2026, 12:09:36 am

🌉 OWU Bridge — 18/4/2026, 10:28:51 pm
📅 Checking since 7/4/2026, 12:09:36 am

🌉 OWU Bridge — 18/4/2026, 10:37:38 pm
📅 Checking since 7/4/2026, 12:09:36 am

🌉 OWU Bridge — 18/4/2026, 10:42:38 pm
📅 Checking since 7/4/2026, 12:09:36 am

🌉 OWU Bridge — 18/4/2026, 10:47:38 pm
📅 Checking since 7/4/2026, 12:09:36 am

🌉 OWU Bridge — 18/4/2026, 10:52:39 pm
📅 Checking since 7/4/2026, 12:09:36 am

🌉 OWU Bridge — 18/4/2026, 10:57:39 pm
📅 Checking since 7/4/2026, 12:09:36 am

🌉 OWU Bridge — 18/4/2026, 11:02:39 pm
📅 Checking since 7/4/2026, 12:09:36 am

🌉 OWU Bridge — 18/4/2026, 11:07:40 pm
📅 Checking since 7/4/2026, 12:09:36 am

🌉 OWU Bridge — 18/4/2026, 11:12:40 pm
📅 Checking since 7/4/2026, 12:09:36 am

🌉 OWU Bridge — 18/4/2026, 11:17:40 pm
📅 Checking since 7/4/2026, 12:09:36 am

🌉 OWU Bridge — 18/4/2026, 11:22:40 pm
📅 Checking since 7/4/2026, 12:09:36 am

🌉 OWU Bridge — 18/4/2026, 11:27:40 pm
📅 Checking since 7/4/2026, 12:09:36 am

🌉 OWU Bridge — 18/4/2026, 11:32:40 pm
📅 Checking since 7/4/2026, 12:09:36 am

🌉 OWU Bridge — 18/4/2026, 11:37:41 pm
📅 Checking since 7/4/2026, 12:09:36 am

🌉 OWU Bridge — 18/4/2026, 11:42:41 pm
📅 Checking since 7/4/2026, 12:09:36 am

🌉 OWU Bridge — 18/4/2026, 11:47:41 pm
📅 Checking since 7/4/2026, 12:09:36 am

🌉 OWU Bridge — 18/4/2026, 11:52:41 pm
📅 Checking since 7/4/2026, 12:09:36 am

🌉 OWU Bridge — 18/4/2026, 11:57:42 pm
📅 Checking since 7/4/2026, 12:09:36 am

🌉 OWU Bridge — 19/4/2026, 12:02:42 am
📅 Checking since 7/4/2026, 12:09:36 am

🌉 OWU Bridge — 19/4/2026, 12:07:42 am
📅 Checking since 7/4/2026, 12:09:36 am

🌉 OWU Bridge — 19/4/2026, 12:12:42 am
📅 Checking since 7/4/2026, 12:09:36 am

🌉 OWU Bridge — 19/4/2026, 12:17:43 am
📅 Checking since 7/4/2026, 12:09:36 am

🌉 OWU Bridge — 19/4/2026, 12:22:43 am
📅 Checking since 7/4/2026, 12:09:36 am

🌉 OWU Bridge — 19/4/2026, 12:27:43 am
📅 Checking since 7/4/2026, 12:09:36 am

🌉 OWU Bridge — 19/4/2026, 12:32:44 am
📅 Checking since 7/4/2026, 12:09:36 am

🌉 OWU Bridge — 19/4/2026, 12:37:44 am
📅 Checking since 7/4/2026, 12:09:36 am

🌉 OWU Bridge — 19/4/2026, 12:42:44 am
📅 Checking since 7/4/2026, 12:09:36 am

🌉 OWU Bridge — 19/4/2026, 12:47:45 am
📅 Checking since 7/4/2026, 12:09:36 am

🌉 OWU Bridge — 19/4/2026, 12:52:45 am
📅 Checking since 7/4/2026, 12:09:36 am

🌉 OWU Bridge — 19/4/2026, 12:57:45 am
📅 Checking since 7/4/2026, 12:09:36 am

🌉 OWU Bridge — 19/4/2026, 1:02:45 am
📅 Checking since 7/4/2026, 12:09:36 am

🌉 OWU Bridge — 19/4/2026, 1:10:08 am
📅 Checking since 7/4/2026, 12:09:36 am

🌉 OWU Bridge — 19/4/2026, 1:15:08 am
📅 Checking since 7/4/2026, 12:09:36 am

🌉 OWU Bridge — 19/4/2026, 1:20:09 am
📅 Checking since 7/4/2026, 12:09:36 am

🌉 OWU Bridge — 19/4/2026, 1:25:09 am
📅 Checking since 7/4/2026, 12:09:36 am

🌉 OWU Bridge — 19/4/2026, 1:30:09 am
📅 Checking since 7/4/2026, 12:09:36 am

🌉 OWU Bridge — 19/4/2026, 1:35:09 am
📅 Checking since 7/4/2026, 12:09:36 am

🌉 OWU Bridge — 19/4/2026, 1:40:10 am
📅 Checking since 7/4/2026, 12:09:36 am

🌉 OWU Bridge — 19/4/2026, 1:45:10 am
📅 Checking since 7/4/2026, 12:09:36 am

🌉 OWU Bridge — 19/4/2026, 1:50:10 am
📅 Checking since 7/4/2026, 12:09:36 am

🌉 OWU Bridge — 19/4/2026, 1:55:11 am
📅 Checking since 7/4/2026, 12:09:36 am

🌉 OWU Bridge — 19/4/2026, 2:00:11 am
📅 Checking since 7/4/2026, 12:09:36 am

🌉 OWU Bridge — 19/4/2026, 2:05:11 am
📅 Checking since 7/4/2026, 12:09:36 am

🌉 OWU Bridge — 19/4/2026, 2:10:12 am
📅 Checking since 7/4/2026, 12:09:36 am

🌉 OWU Bridge — 19/4/2026, 2:15:12 am
📅 Checking since 7/4/2026, 12:09:36 am

🌉 OWU Bridge — 19/4/2026, 2:20:12 am
📅 Checking since 7/4/2026, 12:09:36 am

🌉 OWU Bridge — 19/4/2026, 2:25:13 am
📅 Checking since 7/4/2026, 12:09:36 am

🌉 OWU Bridge — 19/4/2026, 2:30:13 am
📅 Checking since 7/4/2026, 12:09:36 am

🌉 OWU Bridge — 19/4/2026, 2:35:13 am
📅 Checking since 7/4/2026, 12:09:36 am

🌉 OWU Bridge — 19/4/2026, 2:40:13 am
📅 Checking since 7/4/2026, 12:09:36 am

🌉 OWU Bridge — 19/4/2026, 2:45:14 am
📅 Checking since 7/4/2026, 12:09:36 am

🌉 OWU Bridge — 19/4/2026, 2:50:14 am
📅 Checking since 7/4/2026, 12:09:36 am

🌉 OWU Bridge — 19/4/2026, 2:55:14 am
📅 Checking since 7/4/2026, 12:09:36 am

🌉 OWU Bridge — 19/4/2026, 3:00:15 am
📅 Checking since 7/4/2026, 12:09:36 am

🌉 OWU Bridge — 19/4/2026, 3:05:15 am
📅 Checking since 7/4/2026, 12:09:36 am

🌉 OWU Bridge — 19/4/2026, 3:10:15 am
📅 Checking since 7/4/2026, 12:09:36 am

🌉 OWU Bridge — 19/4/2026, 3:15:16 am
📅 Checking since 7/4/2026, 12:09:36 am

🌉 OWU Bridge — 19/4/2026, 3:20:16 am
📅 Checking since 7/4/2026, 12:09:36 am

🌉 OWU Bridge — 19/4/2026, 3:40:20 am
📅 Checking since 7/4/2026, 12:09:36 am

🌉 OWU Bridge — 19/4/2026, 3:45:21 am
📅 Checking since 7/4/2026, 12:09:36 am

🌉 OWU Bridge — 19/4/2026, 3:50:21 am
📅 Checking since 7/4/2026, 12:09:36 am

🌉 OWU Bridge — 19/4/2026, 3:55:21 am
📅 Checking since 7/4/2026, 12:09:36 am

🌉 OWU Bridge — 19/4/2026, 4:00:22 am
📅 Checking since 7/4/2026, 12:09:36 am

🌉 OWU Bridge — 19/4/2026, 5:18:26 am
📅 Checking since 7/4/2026, 12:09:36 am

🌉 OWU Bridge — 19/4/2026, 6:54:34 am
📅 Checking since 7/4/2026, 12:09:36 am

🌉 OWU Bridge — 19/4/2026, 8:09:36 am
📅 Checking since 7/4/2026, 12:09:36 am

🌉 OWU Bridge — 19/4/2026, 8:55:13 am
📅 Checking since 7/4/2026, 12:09:36 am

🌉 OWU Bridge — 19/4/2026, 9:00:13 am
📅 Checking since 7/4/2026, 12:09:36 am

🌉 OWU Bridge — 19/4/2026, 9:05:14 am
📅 Checking since 7/4/2026, 12:09:36 am

🌉 OWU Bridge — 19/4/2026, 9:10:14 am
📅 Checking since 7/4/2026, 12:09:36 am

🌉 OWU Bridge — 19/4/2026, 9:15:14 am
📅 Checking since 7/4/2026, 12:09:36 am

🌉 OWU Bridge — 19/4/2026, 9:20:14 am
📅 Checking since 7/4/2026, 12:09:36 am

🌉 OWU Bridge — 19/4/2026, 9:25:15 am
📅 Checking since 7/4/2026, 12:09:36 am

🌉 OWU Bridge — 19/4/2026, 9:30:15 am
📅 Checking since 7/4/2026, 12:09:36 am

🌉 OWU Bridge — 19/4/2026, 9:38:20 am
📅 Checking since 7/4/2026, 12:09:36 am

🌉 OWU Bridge — 19/4/2026, 9:44:10 am
📅 Checking since 7/4/2026, 12:09:36 am

🌉 OWU Bridge — 19/4/2026, 9:49:11 am
📅 Checking since 7/4/2026, 12:09:36 am

🌉 OWU Bridge — 19/4/2026, 11:11:34 am
📅 Checking since 7/4/2026, 12:09:36 am

🌉 OWU Bridge — 19/4/2026, 11:16:34 am
📅 Checking since 7/4/2026, 12:09:36 am

🌉 OWU Bridge — 19/4/2026, 11:21:34 am
📅 Checking since 7/4/2026, 12:09:36 am

🌉 OWU Bridge — 19/4/2026, 11:26:35 am
📅 Checking since 7/4/2026, 12:09:36 am

🌉 OWU Bridge — 19/4/2026, 11:47:12 am
📅 Checking since 7/4/2026, 12:09:36 am

🌉 OWU Bridge — 19/4/2026, 11:52:12 am
📅 Checking since 7/4/2026, 12:09:36 am

🌉 OWU Bridge — 19/4/2026, 12:29:04 pm
📅 Checking since 7/4/2026, 12:09:36 am

🌉 OWU Bridge — 19/4/2026, 1:06:22 pm
📅 Checking since 7/4/2026, 12:09:36 am

🌉 OWU Bridge — 19/4/2026, 1:11:23 pm
📅 Checking since 7/4/2026, 12:09:36 am

🌉 OWU Bridge — 19/4/2026, 2:12:21 pm
📅 Checking since 7/4/2026, 12:09:36 am

🌉 OWU Bridge — 19/4/2026, 3:46:16 pm
📅 Checking since 7/4/2026, 12:09:36 am

🌉 OWU Bridge — 19/4/2026, 4:21:46 pm
📅 Checking since 7/4/2026, 12:09:36 am

🌉 OWU Bridge — 19/4/2026, 4:26:46 pm
📅 Checking since 7/4/2026, 12:09:36 am

🌉 OWU Bridge — 19/4/2026, 4:31:46 pm
📅 Checking since 7/4/2026, 12:09:36 am

🌉 OWU Bridge — 19/4/2026, 4:36:47 pm
📅 Checking since 7/4/2026, 12:09:36 am

🌉 OWU Bridge — 19/4/2026, 4:41:47 pm
📅 Checking since 7/4/2026, 12:09:36 am

🌉 OWU Bridge — 19/4/2026, 4:46:47 pm
📅 Checking since 7/4/2026, 12:09:36 am

🌉 OWU Bridge — 19/4/2026, 4:51:47 pm
📅 Checking since 7/4/2026, 12:09:36 am

🌉 OWU Bridge — 19/4/2026, 4:56:48 pm
📅 Checking since 7/4/2026, 12:09:36 am

🌉 OWU Bridge — 19/4/2026, 5:01:48 pm
📅 Checking since 7/4/2026, 12:09:36 am

🌉 OWU Bridge — 19/4/2026, 5:06:48 pm
📅 Checking since 7/4/2026, 12:09:36 am

🌉 OWU Bridge — 19/4/2026, 5:11:48 pm
📅 Checking since 7/4/2026, 12:09:36 am

🌉 OWU Bridge — 19/4/2026, 5:16:53 pm
📅 Checking since 7/4/2026, 12:09:36 am

🌉 OWU Bridge — 19/4/2026, 5:21:53 pm
📅 Checking since 7/4/2026, 12:09:36 am

🌉 OWU Bridge — 19/4/2026, 5:26:54 pm
📅 Checking since 7/4/2026, 12:09:36 am

🌉 OWU Bridge — 19/4/2026, 5:31:54 pm
📅 Checking since 7/4/2026, 12:09:36 am

🌉 OWU Bridge — 19/4/2026, 5:36:54 pm
📅 Checking since 7/4/2026, 12:09:36 am

🌉 OWU Bridge — 19/4/2026, 5:41:55 pm
📅 Checking since 7/4/2026, 12:09:36 am

🌉 OWU Bridge — 19/4/2026, 6:19:39 pm
📅 Checking since 7/4/2026, 12:09:36 am

🌉 OWU Bridge — 19/4/2026, 7:02:23 pm
📅 Checking since 7/4/2026, 12:09:36 am

🌉 OWU Bridge — 19/4/2026, 7:07:23 pm
📅 Checking since 7/4/2026, 12:09:36 am

🌉 OWU Bridge — 19/4/2026, 8:16:08 pm
📅 Checking since 7/4/2026, 12:09:36 am

🌉 OWU Bridge — 19/4/2026, 9:30:53 pm
📅 Checking since 7/4/2026, 12:09:36 am

🌉 OWU Bridge — 19/4/2026, 9:35:53 pm
📅 Checking since 7/4/2026, 12:09:36 am

🌉 OWU Bridge — 19/4/2026, 9:40:53 pm
📅 Checking since 7/4/2026, 12:09:36 am

🌉 OWU Bridge — 19/4/2026, 9:45:54 pm
📅 Checking since 7/4/2026, 12:09:36 am

🌉 OWU Bridge — 19/4/2026, 9:50:54 pm
📅 Checking since 7/4/2026, 12:09:36 am

🌉 OWU Bridge — 19/4/2026, 9:55:54 pm
📅 Checking since 7/4/2026, 12:09:36 am

🌉 OWU Bridge — 19/4/2026, 10:00:54 pm
📅 Checking since 7/4/2026, 12:09:36 am

🌉 OWU Bridge — 19/4/2026, 10:05:55 pm
📅 Checking since 7/4/2026, 12:09:36 am

🌉 OWU Bridge — 19/4/2026, 10:10:55 pm
📅 Checking since 7/4/2026, 12:09:36 am

🌉 OWU Bridge — 19/4/2026, 10:15:55 pm
📅 Checking since 7/4/2026, 12:09:36 am

🌉 OWU Bridge — 19/4/2026, 10:20:56 pm
📅 Checking since 7/4/2026, 12:09:36 am

🌉 OWU Bridge — 19/4/2026, 10:25:56 pm
📅 Checking since 7/4/2026, 12:09:36 am

🌉 OWU Bridge — 19/4/2026, 10:30:56 pm
📅 Checking since 7/4/2026, 12:09:36 am

🌉 OWU Bridge — 19/4/2026, 10:35:57 pm
📅 Checking since 7/4/2026, 12:09:36 am

🌉 OWU Bridge — 19/4/2026, 10:40:57 pm
📅 Checking since 7/4/2026, 12:09:36 am

🌉 OWU Bridge — 19/4/2026, 10:45:57 pm
📅 Checking since 7/4/2026, 12:09:36 am

🌉 OWU Bridge — 19/4/2026, 10:50:57 pm
📅 Checking since 7/4/2026, 12:09:36 am

🌉 OWU Bridge — 19/4/2026, 10:55:58 pm
📅 Checking since 7/4/2026, 12:09:36 am

🌉 OWU Bridge — 19/4/2026, 11:00:58 pm
📅 Checking since 7/4/2026, 12:09:36 am

🌉 OWU Bridge — 19/4/2026, 11:05:58 pm
📅 Checking since 7/4/2026, 12:09:36 am

🌉 OWU Bridge — 19/4/2026, 11:10:59 pm
📅 Checking since 7/4/2026, 12:09:36 am

🌉 OWU Bridge — 19/4/2026, 11:15:59 pm
📅 Checking since 7/4/2026, 12:09:36 am

🌉 OWU Bridge — 19/4/2026, 11:20:59 pm
📅 Checking since 7/4/2026, 12:09:36 am

🌉 OWU Bridge — 19/4/2026, 11:26:00 pm
📅 Checking since 7/4/2026, 12:09:36 am

🌉 OWU Bridge — 19/4/2026, 11:31:00 pm
📅 Checking since 7/4/2026, 12:09:36 am

🌉 OWU Bridge — 19/4/2026, 11:36:01 pm
📅 Checking since 7/4/2026, 12:09:36 am

🌉 OWU Bridge — 19/4/2026, 11:41:01 pm
📅 Checking since 7/4/2026, 12:09:36 am

🌉 OWU Bridge — 19/4/2026, 11:46:02 pm
📅 Checking since 7/4/2026, 12:09:36 am

🌉 OWU Bridge — 19/4/2026, 11:51:02 pm
📅 Checking since 7/4/2026, 12:09:36 am

🌉 OWU Bridge — 19/4/2026, 11:56:02 pm
📅 Checking since 7/4/2026, 12:09:36 am

🌉 OWU Bridge — 20/4/2026, 12:02:42 am
📅 Checking since 7/4/2026, 12:09:36 am

🌉 OWU Bridge — 20/4/2026, 12:07:42 am
📅 Checking since 7/4/2026, 12:09:36 am

🌉 OWU Bridge — 20/4/2026, 12:12:43 am
📅 Checking since 7/4/2026, 12:09:36 am

🌉 OWU Bridge — 20/4/2026, 12:17:43 am
📅 Checking since 7/4/2026, 12:09:36 am

🌉 OWU Bridge — 20/4/2026, 12:22:43 am
📅 Checking since 7/4/2026, 12:09:36 am

🌉 OWU Bridge — 20/4/2026, 12:27:44 am
📅 Checking since 7/4/2026, 12:09:36 am

🌉 OWU Bridge — 20/4/2026, 12:32:44 am
📅 Checking since 7/4/2026, 12:09:36 am

🌉 OWU Bridge — 20/4/2026, 12:37:44 am
📅 Checking since 7/4/2026, 12:09:36 am

🌉 OWU Bridge — 20/4/2026, 12:42:44 am
📅 Checking since 7/4/2026, 12:09:36 am

🌉 OWU Bridge — 20/4/2026, 12:47:45 am
📅 Checking since 7/4/2026, 12:09:36 am

🌉 OWU Bridge — 20/4/2026, 12:52:45 am
📅 Checking since 7/4/2026, 12:09:36 am

🌉 OWU Bridge — 20/4/2026, 12:57:45 am
📅 Checking since 7/4/2026, 12:09:36 am

🌉 OWU Bridge — 20/4/2026, 1:02:46 am
📅 Checking since 7/4/2026, 12:09:36 am

🌉 OWU Bridge — 20/4/2026, 1:07:46 am
📅 Checking since 7/4/2026, 12:09:36 am

🌉 OWU Bridge — 20/4/2026, 1:12:46 am
📅 Checking since 7/4/2026, 12:09:36 am

🌉 OWU Bridge — 20/4/2026, 1:17:47 am
📅 Checking since 7/4/2026, 12:09:36 am

🌉 OWU Bridge — 20/4/2026, 1:22:47 am
📅 Checking since 7/4/2026, 12:09:36 am

🌉 OWU Bridge — 20/4/2026, 1:27:47 am
📅 Checking since 7/4/2026, 12:09:36 am

🌉 OWU Bridge — 20/4/2026, 1:32:48 am
📅 Checking since 7/4/2026, 12:09:36 am

🌉 OWU Bridge — 20/4/2026, 1:37:48 am
📅 Checking since 7/4/2026, 12:09:36 am

🌉 OWU Bridge — 20/4/2026, 1:42:48 am
📅 Checking since 7/4/2026, 12:09:36 am

🌉 OWU Bridge — 20/4/2026, 1:47:49 am
📅 Checking since 7/4/2026, 12:09:36 am

🌉 OWU Bridge — 20/4/2026, 1:52:49 am
📅 Checking since 7/4/2026, 12:09:36 am

🌉 OWU Bridge — 20/4/2026, 1:57:49 am
📅 Checking since 7/4/2026, 12:09:36 am

🌉 OWU Bridge — 20/4/2026, 2:02:49 am
📅 Checking since 7/4/2026, 12:09:36 am

🌉 OWU Bridge — 20/4/2026, 2:07:50 am
📅 Checking since 7/4/2026, 12:09:36 am

🌉 OWU Bridge — 20/4/2026, 2:12:50 am
📅 Checking since 7/4/2026, 12:09:36 am

🌉 OWU Bridge — 20/4/2026, 2:24:44 am
📅 Checking since 7/4/2026, 12:09:36 am

🌉 OWU Bridge — 20/4/2026, 2:29:44 am
📅 Checking since 7/4/2026, 12:09:36 am

🌉 OWU Bridge — 20/4/2026, 2:37:48 am
📅 Checking since 7/4/2026, 12:09:36 am

🌉 OWU Bridge — 20/4/2026, 2:42:49 am
📅 Checking since 7/4/2026, 12:09:36 am

🌉 OWU Bridge — 20/4/2026, 2:48:52 am
📅 Checking since 7/4/2026, 12:09:36 am

🌉 OWU Bridge — 20/4/2026, 2:53:52 am
📅 Checking since 7/4/2026, 12:09:36 am

🌉 OWU Bridge — 20/4/2026, 3:01:25 am
📅 Checking since 7/4/2026, 12:09:36 am

🌉 OWU Bridge — 20/4/2026, 3:06:26 am
📅 Checking since 7/4/2026, 12:09:36 am

🌉 OWU Bridge — 20/4/2026, 3:18:43 am
📅 Checking since 7/4/2026, 12:09:36 am

🌉 OWU Bridge — 20/4/2026, 3:23:43 am
📅 Checking since 7/4/2026, 12:09:36 am

🌉 OWU Bridge — 20/4/2026, 3:41:49 am
📅 Checking since 7/4/2026, 12:09:36 am

🌉 OWU Bridge — 20/4/2026, 3:46:50 am
📅 Checking since 7/4/2026, 12:09:36 am

🌉 OWU Bridge — 20/4/2026, 3:56:41 am
📅 Checking since 7/4/2026, 12:09:36 am

🌉 OWU Bridge — 20/4/2026, 4:01:42 am
📅 Checking since 7/4/2026, 12:09:36 am

🌉 OWU Bridge — 20/4/2026, 4:08:57 am
📅 Checking since 7/4/2026, 12:09:36 am

🌉 OWU Bridge — 20/4/2026, 4:13:57 am
📅 Checking since 7/4/2026, 12:09:36 am

🌉 OWU Bridge — 20/4/2026, 5:08:26 am
📅 Checking since 7/4/2026, 12:09:36 am

🌉 OWU Bridge — 20/4/2026, 6:47:53 am
📅 Checking since 7/4/2026, 12:09:36 am

🌉 OWU Bridge — 20/4/2026, 8:07:07 am
📅 Checking since 7/4/2026, 12:09:36 am

🌉 OWU Bridge — 20/4/2026, 9:33:03 am
📅 Checking since 7/4/2026, 12:09:36 am

🌉 OWU Bridge — 20/4/2026, 9:56:49 am
📅 Checking since 7/4/2026, 12:09:36 am

🌉 OWU Bridge — 20/4/2026, 10:01:49 am
📅 Checking since 7/4/2026, 12:09:36 am

🌉 OWU Bridge — 20/4/2026, 10:53:22 am
📅 Checking since 7/4/2026, 12:09:36 am

🌉 OWU Bridge — 20/4/2026, 11:47:27 am
📅 Checking since 7/4/2026, 12:09:36 am

🌉 OWU Bridge — 20/4/2026, 11:54:39 am
📅 Checking since 7/4/2026, 12:09:36 am

🌉 OWU Bridge — 20/4/2026, 11:59:39 am
📅 Checking since 7/4/2026, 12:09:36 am

🌉 OWU Bridge — 20/4/2026, 12:45:01 pm
📅 Checking since 7/4/2026, 12:09:36 am

🌉 OWU Bridge — 20/4/2026, 1:14:30 pm
📅 Checking since 7/4/2026, 12:09:36 am

🌉 OWU Bridge — 20/4/2026, 1:19:30 pm
📅 Checking since 7/4/2026, 12:09:36 am

🌉 OWU Bridge — 20/4/2026, 1:24:30 pm
📅 Checking since 7/4/2026, 12:09:36 am

🌉 OWU Bridge — 20/4/2026, 1:29:31 pm
📅 Checking since 7/4/2026, 12:09:36 am

🌉 OWU Bridge — 20/4/2026, 1:34:31 pm
📅 Checking since 7/4/2026, 12:09:36 am

🌉 OWU Bridge — 20/4/2026, 1:39:31 pm
📅 Checking since 7/4/2026, 12:09:36 am

🌉 OWU Bridge — 20/4/2026, 1:44:32 pm
📅 Checking since 7/4/2026, 12:09:36 am

🌉 OWU Bridge — 20/4/2026, 1:49:32 pm
📅 Checking since 7/4/2026, 12:09:36 am

🌉 OWU Bridge — 20/4/2026, 1:54:32 pm
📅 Checking since 7/4/2026, 12:09:36 am

🌉 OWU Bridge — 20/4/2026, 1:59:33 pm
📅 Checking since 7/4/2026, 12:09:36 am

🌉 OWU Bridge — 20/4/2026, 2:04:33 pm
📅 Checking since 7/4/2026, 12:09:36 am

🌉 OWU Bridge — 20/4/2026, 2:25:10 pm
📅 Checking since 7/4/2026, 12:09:36 am

🌉 OWU Bridge — 20/4/2026, 3:06:54 pm
📅 Checking since 7/4/2026, 12:09:36 am

🌉 OWU Bridge — 20/4/2026, 3:11:54 pm
📅 Checking since 7/4/2026, 12:09:36 am

🌉 OWU Bridge — 20/4/2026, 3:16:54 pm
📅 Checking since 7/4/2026, 12:09:36 am

🌉 OWU Bridge — 20/4/2026, 3:21:54 pm
📅 Checking since 7/4/2026, 12:09:36 am

🌉 OWU Bridge — 20/4/2026, 3:26:55 pm
📅 Checking since 7/4/2026, 12:09:36 am

🌉 OWU Bridge — 20/4/2026, 3:50:30 pm
📅 Checking since 7/4/2026, 12:09:36 am

🌉 OWU Bridge — 20/4/2026, 3:55:30 pm
📅 Checking since 7/4/2026, 12:09:36 am

🌉 OWU Bridge — 20/4/2026, 4:00:31 pm
📅 Checking since 7/4/2026, 12:09:36 am

🌉 OWU Bridge — 20/4/2026, 4:05:31 pm
📅 Checking since 7/4/2026, 12:09:36 am

🌉 OWU Bridge — 20/4/2026, 4:10:31 pm
📅 Checking since 7/4/2026, 12:09:36 am

🌉 OWU Bridge — 20/4/2026, 4:15:31 pm
📅 Checking since 7/4/2026, 12:09:36 am

🌉 OWU Bridge — 20/4/2026, 4:20:32 pm
📅 Checking since 7/4/2026, 12:09:36 am

🌉 OWU Bridge — 20/4/2026, 4:25:32 pm
📅 Checking since 7/4/2026, 12:09:36 am

🌉 OWU Bridge — 20/4/2026, 4:30:32 pm
📅 Checking since 7/4/2026, 12:09:36 am

🌉 OWU Bridge — 20/4/2026, 4:35:33 pm
📅 Checking since 7/4/2026, 12:09:36 am

🌉 OWU Bridge — 20/4/2026, 5:45:06 pm
📅 Checking since 7/4/2026, 12:09:36 am

🌉 OWU Bridge — 20/4/2026, 6:21:30 pm
📅 Checking since 7/4/2026, 12:09:36 am

🌉 OWU Bridge — 20/4/2026, 6:26:30 pm
📅 Checking since 7/4/2026, 12:09:36 am

🌉 OWU Bridge — 20/4/2026, 6:31:30 pm
📅 Checking since 7/4/2026, 12:09:36 am

🌉 OWU Bridge — 20/4/2026, 6:52:21 pm
📅 Checking since 7/4/2026, 12:09:36 am

🌉 OWU Bridge — 20/4/2026, 7:35:38 pm
📅 Checking since 7/4/2026, 12:09:36 am

🌉 OWU Bridge — 20/4/2026, 7:40:39 pm
📅 Checking since 7/4/2026, 12:09:36 am

🌉 OWU Bridge — 20/4/2026, 8:00:14 pm
📅 Checking since 7/4/2026, 12:09:36 am

🌉 OWU Bridge — 20/4/2026, 9:27:16 pm
📅 Checking since 7/4/2026, 12:09:36 am

🌉 OWU Bridge — 20/4/2026, 10:37:58 pm
📅 Checking since 7/4/2026, 12:09:36 am

🌉 OWU Bridge — 20/4/2026, 10:42:58 pm
📅 Checking since 7/4/2026, 12:09:36 am

🌉 OWU Bridge — 20/4/2026, 10:47:59 pm
📅 Checking since 7/4/2026, 12:09:36 am

🌉 OWU Bridge — 20/4/2026, 10:52:59 pm
📅 Checking since 7/4/2026, 12:09:36 am

🌉 OWU Bridge — 20/4/2026, 10:57:59 pm
📅 Checking since 7/4/2026, 12:09:36 am

🌉 OWU Bridge — 20/4/2026, 11:02:59 pm
📅 Checking since 7/4/2026, 12:09:36 am

🌉 OWU Bridge — 20/4/2026, 11:08:00 pm
📅 Checking since 7/4/2026, 12:09:36 am

🌉 OWU Bridge — 20/4/2026, 11:13:00 pm
📅 Checking since 7/4/2026, 12:09:36 am

🌉 OWU Bridge — 20/4/2026, 11:18:00 pm
📅 Checking since 7/4/2026, 12:09:36 am

🌉 OWU Bridge — 20/4/2026, 11:23:01 pm
📅 Checking since 7/4/2026, 12:09:36 am

🌉 OWU Bridge — 20/4/2026, 11:28:01 pm
📅 Checking since 7/4/2026, 12:09:36 am

🌉 OWU Bridge — 20/4/2026, 11:33:01 pm
📅 Checking since 7/4/2026, 12:09:36 am

🌉 OWU Bridge — 20/4/2026, 11:38:02 pm
📅 Checking since 7/4/2026, 12:09:36 am

🌉 OWU Bridge — 20/4/2026, 11:43:02 pm
📅 Checking since 7/4/2026, 12:09:36 am

🌉 OWU Bridge — 20/4/2026, 11:48:02 pm
📅 Checking since 7/4/2026, 12:09:36 am

🌉 OWU Bridge — 20/4/2026, 11:53:02 pm
📅 Checking since 7/4/2026, 12:09:36 am

🌉 OWU Bridge — 20/4/2026, 11:58:03 pm
📅 Checking since 7/4/2026, 12:09:36 am

🌉 OWU Bridge — 21/4/2026, 12:03:03 am
📅 Checking since 7/4/2026, 12:09:36 am

🌉 OWU Bridge — 21/4/2026, 12:08:03 am
📅 Checking since 7/4/2026, 12:09:36 am

🌉 OWU Bridge — 21/4/2026, 12:13:03 am
📅 Checking since 7/4/2026, 12:09:36 am

🌉 OWU Bridge — 21/4/2026, 12:18:03 am
📅 Checking since 7/4/2026, 12:09:36 am

🌉 OWU Bridge — 21/4/2026, 12:23:04 am
📅 Checking since 7/4/2026, 12:09:36 am

🌉 OWU Bridge — 21/4/2026, 12:28:04 am
📅 Checking since 7/4/2026, 12:09:36 am

🌉 OWU Bridge — 21/4/2026, 12:33:04 am
📅 Checking since 7/4/2026, 12:09:36 am

🌉 OWU Bridge — 21/4/2026, 12:38:05 am
📅 Checking since 7/4/2026, 12:09:36 am

🌉 OWU Bridge — 21/4/2026, 12:43:05 am
📅 Checking since 7/4/2026, 12:09:36 am

🌉 OWU Bridge — 21/4/2026, 12:48:05 am
📅 Checking since 7/4/2026, 12:09:36 am

🌉 OWU Bridge — 21/4/2026, 12:53:05 am
📅 Checking since 7/4/2026, 12:09:36 am

🌉 OWU Bridge — 21/4/2026, 12:58:06 am
📅 Checking since 7/4/2026, 12:09:36 am

🌉 OWU Bridge — 21/4/2026, 1:03:06 am
📅 Checking since 7/4/2026, 12:09:36 am

🌉 OWU Bridge — 21/4/2026, 1:08:06 am
📅 Checking since 7/4/2026, 12:09:36 am

🌉 OWU Bridge — 21/4/2026, 1:13:07 am
📅 Checking since 7/4/2026, 12:09:36 am

🌉 OWU Bridge — 21/4/2026, 1:18:07 am
📅 Checking since 7/4/2026, 12:09:36 am

🌉 OWU Bridge — 21/4/2026, 1:23:07 am
📅 Checking since 7/4/2026, 12:09:36 am

🌉 OWU Bridge — 21/4/2026, 1:28:08 am
📅 Checking since 7/4/2026, 12:09:36 am

🌉 OWU Bridge — 21/4/2026, 1:33:08 am
📅 Checking since 7/4/2026, 12:09:36 am

🌉 OWU Bridge — 21/4/2026, 1:38:08 am
📅 Checking since 7/4/2026, 12:09:36 am

🌉 OWU Bridge — 21/4/2026, 1:43:09 am
📅 Checking since 7/4/2026, 12:09:36 am

🌉 OWU Bridge — 21/4/2026, 1:48:09 am
📅 Checking since 7/4/2026, 12:09:36 am

🌉 OWU Bridge — 21/4/2026, 1:53:09 am
📅 Checking since 7/4/2026, 12:09:36 am

🌉 OWU Bridge — 21/4/2026, 1:58:10 am
📅 Checking since 7/4/2026, 12:09:36 am

🌉 OWU Bridge — 21/4/2026, 2:03:10 am
📅 Checking since 7/4/2026, 12:09:36 am

🌉 OWU Bridge — 21/4/2026, 2:08:10 am
📅 Checking since 7/4/2026, 12:09:36 am

🌉 OWU Bridge — 21/4/2026, 2:13:11 am
📅 Checking since 7/4/2026, 12:09:36 am

🌉 OWU Bridge — 21/4/2026, 2:18:11 am
📅 Checking since 7/4/2026, 12:09:36 am

🌉 OWU Bridge — 21/4/2026, 2:23:11 am
📅 Checking since 7/4/2026, 12:09:36 am

🌉 OWU Bridge — 21/4/2026, 2:28:12 am
📅 Checking since 7/4/2026, 12:09:36 am

🌉 OWU Bridge — 21/4/2026, 2:33:12 am
📅 Checking since 7/4/2026, 12:09:36 am

🌉 OWU Bridge — 21/4/2026, 2:38:12 am
📅 Checking since 7/4/2026, 12:09:36 am

🌉 OWU Bridge — 21/4/2026, 2:43:12 am
📅 Checking since 7/4/2026, 12:09:36 am

🌉 OWU Bridge — 21/4/2026, 2:48:13 am
📅 Checking since 7/4/2026, 12:09:36 am

🌉 OWU Bridge — 21/4/2026, 2:53:13 am
📅 Checking since 7/4/2026, 12:09:36 am

🌉 OWU Bridge — 21/4/2026, 2:58:13 am
📅 Checking since 7/4/2026, 12:09:36 am

🌉 OWU Bridge — 21/4/2026, 3:03:14 am
📅 Checking since 7/4/2026, 12:09:36 am

🌉 OWU Bridge — 21/4/2026, 3:08:14 am
📅 Checking since 7/4/2026, 12:09:36 am

🌉 OWU Bridge — 21/4/2026, 3:13:14 am
📅 Checking since 7/4/2026, 12:09:36 am

🌉 OWU Bridge — 21/4/2026, 3:18:14 am
📅 Checking since 7/4/2026, 12:09:36 am

🌉 OWU Bridge — 21/4/2026, 3:23:15 am
📅 Checking since 7/4/2026, 12:09:36 am

🌉 OWU Bridge — 21/4/2026, 3:30:06 am
📅 Checking since 7/4/2026, 12:09:36 am

🌉 OWU Bridge — 21/4/2026, 3:35:08 am
📅 Checking since 7/4/2026, 12:09:36 am

🌉 OWU Bridge — 21/4/2026, 3:40:08 am
📅 Checking since 7/4/2026, 12:09:36 am

🌉 OWU Bridge — 21/4/2026, 3:45:08 am
📅 Checking since 7/4/2026, 12:09:36 am

🌉 OWU Bridge — 21/4/2026, 3:50:09 am
📅 Checking since 7/4/2026, 12:09:36 am

🌉 OWU Bridge — 21/4/2026, 3:55:09 am
📅 Checking since 7/4/2026, 12:09:36 am

🌉 OWU Bridge — 21/4/2026, 4:00:09 am
📅 Checking since 7/4/2026, 12:09:36 am

🌉 OWU Bridge — 21/4/2026, 4:51:18 am
📅 Checking since 7/4/2026, 12:09:36 am

🌉 OWU Bridge — 21/4/2026, 6:14:55 am
📅 Checking since 7/4/2026, 12:09:36 am

🌉 OWU Bridge — 21/4/2026, 8:00:25 am
📅 Checking since 7/4/2026, 12:09:36 am

🌉 OWU Bridge — 21/4/2026, 9:18:15 am
📅 Checking since 7/4/2026, 12:09:36 am

🌉 OWU Bridge — 21/4/2026, 10:52:16 am
📅 Checking since 7/4/2026, 12:09:36 am

🌉 OWU Bridge — 21/4/2026, 11:44:11 am
📅 Checking since 7/4/2026, 12:09:36 am

🌉 OWU Bridge — 21/4/2026, 12:03:53 pm
📅 Checking since 7/4/2026, 12:09:36 am

🌉 OWU Bridge — 21/4/2026, 12:08:54 pm
📅 Checking since 7/4/2026, 12:09:36 am

🌉 OWU Bridge — 21/4/2026, 12:13:54 pm
📅 Checking since 7/4/2026, 12:09:36 am

🌉 OWU Bridge — 21/4/2026, 12:18:54 pm
📅 Checking since 7/4/2026, 12:09:36 am

🌉 OWU Bridge — 21/4/2026, 12:23:55 pm
📅 Checking since 7/4/2026, 12:09:36 am

🌉 OWU Bridge — 21/4/2026, 1:17:38 pm
📅 Checking since 7/4/2026, 12:09:36 am

🌉 OWU Bridge — 21/4/2026, 2:09:01 pm
📅 Checking since 7/4/2026, 12:09:36 am

🌉 OWU Bridge — 21/4/2026, 2:45:14 pm
📅 Checking since 7/4/2026, 12:09:36 am

🌉 OWU Bridge — 21/4/2026, 2:50:15 pm
📅 Checking since 7/4/2026, 12:09:36 am

🌉 OWU Bridge — 21/4/2026, 3:25:51 pm
📅 Checking since 7/4/2026, 12:09:36 am

🌉 OWU Bridge — 21/4/2026, 3:31:01 pm
📅 Checking since 7/4/2026, 12:09:36 am

🌉 OWU Bridge — 21/4/2026, 3:36:01 pm
📅 Checking since 7/4/2026, 12:09:36 am

🌉 OWU Bridge — 21/4/2026, 3:41:01 pm
📅 Checking since 7/4/2026, 12:09:36 am

🌉 OWU Bridge — 21/4/2026, 3:46:02 pm
📅 Checking since 7/4/2026, 12:09:36 am

🌉 OWU Bridge — 21/4/2026, 3:51:02 pm
📅 Checking since 7/4/2026, 12:09:36 am

🌉 OWU Bridge — 21/4/2026, 3:56:02 pm
📅 Checking since 7/4/2026, 12:09:36 am

🌉 OWU Bridge — 21/4/2026, 4:01:02 pm
📅 Checking since 7/4/2026, 12:09:36 am

🌉 OWU Bridge — 21/4/2026, 4:06:03 pm
📅 Checking since 7/4/2026, 12:09:36 am

🌉 OWU Bridge — 21/4/2026, 4:11:03 pm
📅 Checking since 7/4/2026, 12:09:36 am

🌉 OWU Bridge — 21/4/2026, 4:31:49 pm
📅 Checking since 7/4/2026, 12:09:36 am

🌉 OWU Bridge — 21/4/2026, 4:36:49 pm
📅 Checking since 7/4/2026, 12:09:36 am

🌉 OWU Bridge — 21/4/2026, 4:41:50 pm
📅 Checking since 7/4/2026, 12:09:36 am

🌉 OWU Bridge — 21/4/2026, 4:46:50 pm
📅 Checking since 7/4/2026, 12:09:36 am

🌉 OWU Bridge — 21/4/2026, 4:51:50 pm
📅 Checking since 7/4/2026, 12:09:36 am

🌉 OWU Bridge — 21/4/2026, 5:54:19 pm
📅 Checking since 7/4/2026, 12:09:36 am

🌉 OWU Bridge — 21/4/2026, 5:59:20 pm
📅 Checking since 7/4/2026, 12:09:36 am

🌉 OWU Bridge — 21/4/2026, 6:04:20 pm
📅 Checking since 7/4/2026, 12:09:36 am

🌉 OWU Bridge — 21/4/2026, 6:09:20 pm
📅 Checking since 7/4/2026, 12:09:36 am

🌉 OWU Bridge — 21/4/2026, 6:14:20 pm
📅 Checking since 7/4/2026, 12:09:36 am

🌉 OWU Bridge — 21/4/2026, 6:19:21 pm
📅 Checking since 7/4/2026, 12:09:36 am

🌉 OWU Bridge — 21/4/2026, 6:24:21 pm
📅 Checking since 7/4/2026, 12:09:36 am

🌉 OWU Bridge — 21/4/2026, 6:29:21 pm
📅 Checking since 7/4/2026, 12:09:36 am

🌉 OWU Bridge — 21/4/2026, 6:34:22 pm
📅 Checking since 7/4/2026, 12:09:36 am

🌉 OWU Bridge — 21/4/2026, 6:39:22 pm
📅 Checking since 7/4/2026, 12:09:36 am

🌉 OWU Bridge — 21/4/2026, 6:44:22 pm
📅 Checking since 7/4/2026, 12:09:36 am

🌉 OWU Bridge — 21/4/2026, 6:49:23 pm
📅 Checking since 7/4/2026, 12:09:36 am

🌉 OWU Bridge — 21/4/2026, 6:54:23 pm
📅 Checking since 7/4/2026, 12:09:36 am

🌉 OWU Bridge — 21/4/2026, 6:59:23 pm
📅 Checking since 7/4/2026, 12:09:36 am

🌉 OWU Bridge — 21/4/2026, 7:04:24 pm
📅 Checking since 7/4/2026, 12:09:36 am

🌉 OWU Bridge — 21/4/2026, 7:09:24 pm
📅 Checking since 7/4/2026, 12:09:36 am

🌉 OWU Bridge — 21/4/2026, 7:14:24 pm
📅 Checking since 7/4/2026, 12:09:36 am

🌉 OWU Bridge — 21/4/2026, 7:19:25 pm
📅 Checking since 7/4/2026, 12:09:36 am

🌉 OWU Bridge — 21/4/2026, 7:24:25 pm
📅 Checking since 7/4/2026, 12:09:36 am

🌉 OWU Bridge — 21/4/2026, 7:29:25 pm
📅 Checking since 7/4/2026, 12:09:36 am

🌉 OWU Bridge — 21/4/2026, 7:34:26 pm
📅 Checking since 7/4/2026, 12:09:36 am

🌉 OWU Bridge — 21/4/2026, 7:39:26 pm
📅 Checking since 7/4/2026, 12:09:36 am

🌉 OWU Bridge — 21/4/2026, 7:44:26 pm
📅 Checking since 7/4/2026, 12:09:36 am

🌉 OWU Bridge — 21/4/2026, 7:49:27 pm
📅 Checking since 7/4/2026, 12:09:36 am

🌉 OWU Bridge — 21/4/2026, 7:54:27 pm
📅 Checking since 7/4/2026, 12:09:36 am

🌉 OWU Bridge — 21/4/2026, 7:59:27 pm
📅 Checking since 7/4/2026, 12:09:36 am

🌉 OWU Bridge — 21/4/2026, 8:04:27 pm
📅 Checking since 7/4/2026, 12:09:36 am

🌉 OWU Bridge — 21/4/2026, 8:09:28 pm
📅 Checking since 7/4/2026, 12:09:36 am

🌉 OWU Bridge — 21/4/2026, 8:14:28 pm
📅 Checking since 7/4/2026, 12:09:36 am

🌉 OWU Bridge — 21/4/2026, 8:19:28 pm
📅 Checking since 7/4/2026, 12:09:36 am

🌉 OWU Bridge — 21/4/2026, 9:36:32 pm
📅 Checking since 7/4/2026, 12:09:36 am

🌉 OWU Bridge — 21/4/2026, 9:42:53 pm
📅 Checking since 7/4/2026, 12:09:36 am

🌉 OWU Bridge — 21/4/2026, 9:47:53 pm
📅 Checking since 7/4/2026, 12:09:36 am

🌉 OWU Bridge — 21/4/2026, 9:52:53 pm
📅 Checking since 7/4/2026, 12:09:36 am

🌉 OWU Bridge — 21/4/2026, 9:57:53 pm
📅 Checking since 7/4/2026, 12:09:36 am

🌉 OWU Bridge — 21/4/2026, 10:02:54 pm
📅 Checking since 7/4/2026, 12:09:36 am

🌉 OWU Bridge — 21/4/2026, 10:07:54 pm
📅 Checking since 7/4/2026, 12:09:36 am

🌉 OWU Bridge — 21/4/2026, 10:12:54 pm
📅 Checking since 7/4/2026, 12:09:36 am

🌉 OWU Bridge — 21/4/2026, 10:18:00 pm
📅 Checking since 7/4/2026, 12:09:36 am

🌉 OWU Bridge — 21/4/2026, 10:23:04 pm
📅 Checking since 7/4/2026, 12:09:36 am

🌉 OWU Bridge — 21/4/2026, 10:28:04 pm
📅 Checking since 7/4/2026, 12:09:36 am

🌉 OWU Bridge — 21/4/2026, 10:33:04 pm
📅 Checking since 7/4/2026, 12:09:36 am

🌉 OWU Bridge — 21/4/2026, 10:38:05 pm
📅 Checking since 7/4/2026, 12:09:36 am

🌉 OWU Bridge — 21/4/2026, 10:43:05 pm
📅 Checking since 7/4/2026, 12:09:36 am

🌉 OWU Bridge — 21/4/2026, 10:48:32 pm
📅 Checking since 7/4/2026, 12:09:36 am

🌉 OWU Bridge — 21/4/2026, 10:53:36 pm
📅 Checking since 7/4/2026, 12:09:36 am

🌉 OWU Bridge — 21/4/2026, 10:58:37 pm
📅 Checking since 7/4/2026, 12:09:36 am

🌉 OWU Bridge — 21/4/2026, 11:03:37 pm
📅 Checking since 7/4/2026, 12:09:36 am

🌉 OWU Bridge — 21/4/2026, 11:08:37 pm
📅 Checking since 7/4/2026, 12:09:36 am

🌉 OWU Bridge — 21/4/2026, 11:33:04 pm
📅 Checking since 7/4/2026, 12:09:36 am

🌉 OWU Bridge — 21/4/2026, 11:38:45 pm
📅 Checking since 7/4/2026, 12:09:36 am

🌉 OWU Bridge — 21/4/2026, 11:44:00 pm
📅 Checking since 7/4/2026, 12:09:36 am

🌉 OWU Bridge — 21/4/2026, 11:49:01 pm
📅 Checking since 7/4/2026, 12:09:36 am

🌉 OWU Bridge — 21/4/2026, 11:54:02 pm
📅 Checking since 7/4/2026, 12:09:36 am

🌉 OWU Bridge — 21/4/2026, 11:59:25 pm
📅 Checking since 7/4/2026, 12:09:36 am

🌉 OWU Bridge — 22/4/2026, 12:03:36 am
📅 Checking since 7/4/2026, 12:09:36 am

🌉 OWU Bridge — 22/4/2026, 12:08:43 am
📅 Checking since 7/4/2026, 12:09:36 am

🌉 OWU Bridge — 22/4/2026, 12:13:43 am
📅 Checking since 7/4/2026, 12:09:36 am

🌉 OWU Bridge — 22/4/2026, 12:18:44 am
📅 Checking since 7/4/2026, 12:09:36 am

🌉 OWU Bridge — 22/4/2026, 12:23:44 am
📅 Checking since 7/4/2026, 12:09:36 am

🌉 OWU Bridge — 22/4/2026, 12:28:51 am
📅 Checking since 7/4/2026, 12:09:36 am

🌉 OWU Bridge — 22/4/2026, 12:34:00 am
📅 Checking since 7/4/2026, 12:09:36 am

🌉 OWU Bridge — 22/4/2026, 12:39:26 am
📅 Checking since 7/4/2026, 12:09:36 am

🌉 OWU Bridge — 22/4/2026, 12:45:01 am
📅 Checking since 7/4/2026, 12:09:36 am

🌉 OWU Bridge — 22/4/2026, 12:50:13 am
📅 Checking since 7/4/2026, 12:09:36 am

🌉 OWU Bridge — 22/4/2026, 12:55:26 am
📅 Checking since 7/4/2026, 12:09:36 am

🌉 OWU Bridge — 22/4/2026, 1:00:26 am
📅 Checking since 7/4/2026, 12:09:36 am

🌉 OWU Bridge — 22/4/2026, 1:05:26 am
📅 Checking since 7/4/2026, 12:09:36 am

🌉 OWU Bridge — 22/4/2026, 1:59:24 am
📅 Checking since 7/4/2026, 12:09:36 am

🌉 OWU Bridge — 22/4/2026, 2:16:25 am
📅 Checking since 7/4/2026, 12:09:36 am

🌉 OWU Bridge — 22/4/2026, 2:21:26 am
📅 Checking since 7/4/2026, 12:09:36 am

🌉 OWU Bridge — 22/4/2026, 2:26:26 am
📅 Checking since 7/4/2026, 12:09:36 am

🌉 OWU Bridge — 22/4/2026, 2:31:26 am
📅 Checking since 7/4/2026, 12:09:36 am

🌉 OWU Bridge — 22/4/2026, 2:36:27 am
📅 Checking since 7/4/2026, 12:09:36 am

🌉 OWU Bridge — 22/4/2026, 2:41:27 am
📅 Checking since 7/4/2026, 12:09:36 am

🌉 OWU Bridge — 22/4/2026, 2:46:27 am
📅 Checking since 7/4/2026, 12:09:36 am

🌉 OWU Bridge — 22/4/2026, 2:51:27 am
📅 Checking since 7/4/2026, 12:09:36 am

🌉 OWU Bridge — 22/4/2026, 2:56:27 am
📅 Checking since 7/4/2026, 12:09:36 am

🌉 OWU Bridge — 22/4/2026, 3:01:28 am
📅 Checking since 7/4/2026, 12:09:36 am

🌉 OWU Bridge — 22/4/2026, 3:06:28 am
📅 Checking since 7/4/2026, 12:09:36 am

🌉 OWU Bridge — 22/4/2026, 3:11:28 am
📅 Checking since 7/4/2026, 12:09:36 am

🌉 OWU Bridge — 22/4/2026, 3:16:28 am
📅 Checking since 7/4/2026, 12:09:36 am

🌉 OWU Bridge — 22/4/2026, 3:21:28 am
📅 Checking since 7/4/2026, 12:09:36 am

🌉 OWU Bridge — 22/4/2026, 3:26:29 am
📅 Checking since 7/4/2026, 12:09:36 am

🌉 OWU Bridge — 22/4/2026, 3:31:29 am
📅 Checking since 7/4/2026, 12:09:36 am

🌉 OWU Bridge — 22/4/2026, 3:36:29 am
📅 Checking since 7/4/2026, 12:09:36 am

🌉 OWU Bridge — 22/4/2026, 3:41:29 am
📅 Checking since 7/4/2026, 12:09:36 am

🌉 OWU Bridge — 22/4/2026, 3:46:30 am
📅 Checking since 7/4/2026, 12:09:36 am

🌉 OWU Bridge — 22/4/2026, 3:51:30 am
📅 Checking since 7/4/2026, 12:09:36 am

🌉 OWU Bridge — 22/4/2026, 3:56:30 am
📅 Checking since 7/4/2026, 12:09:36 am

🌉 OWU Bridge — 22/4/2026, 4:01:30 am
📅 Checking since 7/4/2026, 12:09:36 am

🌉 OWU Bridge — 22/4/2026, 4:06:30 am
📅 Checking since 7/4/2026, 12:09:36 am

🌉 OWU Bridge — 22/4/2026, 4:11:31 am
📅 Checking since 7/4/2026, 12:09:36 am

🌉 OWU Bridge — 22/4/2026, 4:16:31 am
📅 Checking since 7/4/2026, 12:09:36 am

🌉 OWU Bridge — 22/4/2026, 5:25:31 am
📅 Checking since 7/4/2026, 12:09:36 am

🌉 OWU Bridge — 22/4/2026, 7:06:44 am
📅 Checking since 7/4/2026, 12:09:36 am

🌉 OWU Bridge — 22/4/2026, 8:16:34 am
📅 Checking since 7/4/2026, 12:09:36 am

🌉 OWU Bridge — 22/4/2026, 9:17:49 am
📅 Checking since 7/4/2026, 12:09:36 am

🌉 OWU Bridge — 22/4/2026, 10:36:00 am
📅 Checking since 7/4/2026, 12:09:36 am

🌉 OWU Bridge — 22/4/2026, 11:20:24 am
📅 Checking since 7/4/2026, 12:09:36 am

🌉 OWU Bridge — 22/4/2026, 11:25:24 am
📅 Checking since 7/4/2026, 12:09:36 am

🌉 OWU Bridge — 22/4/2026, 11:30:25 am
📅 Checking since 7/4/2026, 12:09:36 am

🌉 OWU Bridge — 22/4/2026, 12:18:21 pm
📅 Checking since 7/4/2026, 12:09:36 am

🌉 OWU Bridge — 22/4/2026, 1:27:58 pm
📅 Checking since 7/4/2026, 12:09:36 am

🌉 OWU Bridge — 22/4/2026, 1:45:44 pm
📅 Checking since 7/4/2026, 12:09:36 am

🌉 OWU Bridge — 22/4/2026, 1:50:45 pm
📅 Checking since 7/4/2026, 12:09:36 am

🌉 OWU Bridge — 22/4/2026, 1:55:45 pm
📅 Checking since 7/4/2026, 12:09:36 am

🌉 OWU Bridge — 22/4/2026, 2:00:45 pm
📅 Checking since 7/4/2026, 12:09:36 am

🌉 OWU Bridge — 22/4/2026, 2:05:45 pm
📅 Checking since 7/4/2026, 12:09:36 am

🌉 OWU Bridge — 22/4/2026, 2:10:46 pm
📅 Checking since 7/4/2026, 12:09:36 am

🌉 OWU Bridge — 22/4/2026, 2:15:46 pm
📅 Checking since 7/4/2026, 12:09:36 am

🌉 OWU Bridge — 22/4/2026, 2:20:46 pm
📅 Checking since 7/4/2026, 12:09:36 am

🌉 OWU Bridge — 22/4/2026, 2:25:46 pm
📅 Checking since 7/4/2026, 12:09:36 am

🌉 OWU Bridge — 22/4/2026, 2:30:47 pm
📅 Checking since 7/4/2026, 12:09:36 am

🌉 OWU Bridge — 22/4/2026, 2:35:47 pm
📅 Checking since 7/4/2026, 12:09:36 am

🌉 OWU Bridge — 22/4/2026, 2:40:47 pm
📅 Checking since 7/4/2026, 12:09:36 am

🌉 OWU Bridge — 22/4/2026, 2:45:47 pm
📅 Checking since 7/4/2026, 12:09:36 am

🌉 OWU Bridge — 22/4/2026, 2:50:48 pm
📅 Checking since 7/4/2026, 12:09:36 am

🌉 OWU Bridge — 22/4/2026, 2:55:48 pm
📅 Checking since 7/4/2026, 12:09:36 am

🌉 OWU Bridge — 22/4/2026, 3:00:48 pm
📅 Checking since 7/4/2026, 12:09:36 am

🌉 OWU Bridge — 22/4/2026, 3:05:49 pm
📅 Checking since 7/4/2026, 12:09:36 am

🌉 OWU Bridge — 22/4/2026, 3:10:49 pm
📅 Checking since 7/4/2026, 12:09:36 am

🌉 OWU Bridge — 22/4/2026, 3:15:50 pm
📅 Checking since 7/4/2026, 12:09:36 am

🌉 OWU Bridge — 22/4/2026, 3:20:50 pm
📅 Checking since 7/4/2026, 12:09:36 am

🌉 OWU Bridge — 22/4/2026, 3:25:50 pm
📅 Checking since 7/4/2026, 12:09:36 am

🌉 OWU Bridge — 22/4/2026, 3:30:51 pm
📅 Checking since 7/4/2026, 12:09:36 am

🌉 OWU Bridge — 22/4/2026, 3:35:51 pm
📅 Checking since 7/4/2026, 12:09:36 am

🌉 OWU Bridge — 22/4/2026, 3:40:51 pm
📅 Checking since 7/4/2026, 12:09:36 am

🌉 OWU Bridge — 22/4/2026, 3:45:52 pm
📅 Checking since 7/4/2026, 12:09:36 am

🌉 OWU Bridge — 22/4/2026, 3:50:52 pm
📅 Checking since 7/4/2026, 12:09:36 am

🌉 OWU Bridge — 22/4/2026, 3:55:52 pm
📅 Checking since 7/4/2026, 12:09:36 am

🌉 OWU Bridge — 22/4/2026, 4:00:53 pm
📅 Checking since 7/4/2026, 12:09:36 am

🌉 OWU Bridge — 22/4/2026, 4:05:53 pm
📅 Checking since 7/4/2026, 12:09:36 am

🌉 OWU Bridge — 22/4/2026, 4:10:53 pm
📅 Checking since 7/4/2026, 12:09:36 am

🌉 OWU Bridge — 22/4/2026, 4:15:54 pm
📅 Checking since 7/4/2026, 12:09:36 am

🌉 OWU Bridge — 22/4/2026, 4:20:54 pm
📅 Checking since 7/4/2026, 12:09:36 am

🌉 OWU Bridge — 22/4/2026, 4:25:54 pm
📅 Checking since 7/4/2026, 12:09:36 am

🌉 OWU Bridge — 22/4/2026, 4:30:54 pm
📅 Checking since 7/4/2026, 12:09:36 am

🌉 OWU Bridge — 22/4/2026, 4:35:55 pm
📅 Checking since 7/4/2026, 12:09:36 am

🌉 OWU Bridge — 22/4/2026, 5:02:45 pm
📅 Checking since 7/4/2026, 12:09:36 am

🌉 OWU Bridge — 22/4/2026, 5:07:45 pm
📅 Checking since 7/4/2026, 12:09:36 am

🌉 OWU Bridge — 22/4/2026, 6:16:31 pm
📅 Checking since 7/4/2026, 12:09:36 am

🌉 OWU Bridge — 22/4/2026, 8:06:17 pm
📅 Checking since 7/4/2026, 12:09:36 am

🌉 OWU Bridge — 22/4/2026, 9:23:50 pm
📅 Checking since 7/4/2026, 12:09:36 am

🌉 OWU Bridge — 22/4/2026, 9:36:43 pm
📅 Checking since 7/4/2026, 12:09:36 am

🌉 OWU Bridge — 22/4/2026, 9:41:43 pm
📅 Checking since 7/4/2026, 12:09:36 am

🌉 OWU Bridge — 22/4/2026, 9:58:43 pm
📅 Checking since 7/4/2026, 12:09:36 am

🌉 OWU Bridge — 22/4/2026, 10:03:44 pm
📅 Checking since 7/4/2026, 12:09:36 am

🌉 OWU Bridge — 22/4/2026, 10:08:44 pm
📅 Checking since 7/4/2026, 12:09:36 am

🌉 OWU Bridge — 22/4/2026, 10:13:44 pm
📅 Checking since 7/4/2026, 12:09:36 am

🌉 OWU Bridge — 22/4/2026, 10:18:45 pm
📅 Checking since 7/4/2026, 12:09:36 am

🌉 OWU Bridge — 22/4/2026, 10:23:45 pm
📅 Checking since 7/4/2026, 12:09:36 am

🌉 OWU Bridge — 22/4/2026, 10:28:45 pm
📅 Checking since 7/4/2026, 12:09:36 am

🌉 OWU Bridge — 22/4/2026, 10:33:46 pm
📅 Checking since 7/4/2026, 12:09:36 am

🌉 OWU Bridge — 22/4/2026, 10:50:38 pm
📅 Checking since 7/4/2026, 12:09:36 am

🌉 OWU Bridge — 22/4/2026, 10:55:39 pm
📅 Checking since 7/4/2026, 12:09:36 am

🌉 OWU Bridge — 22/4/2026, 11:22:06 pm
📅 Checking since 7/4/2026, 12:09:36 am

🌉 OWU Bridge — 22/4/2026, 11:27:07 pm
📅 Checking since 7/4/2026, 12:09:36 am

🌉 OWU Bridge — 22/4/2026, 11:44:56 pm
📅 Checking since 7/4/2026, 12:09:36 am

🌉 OWU Bridge — 22/4/2026, 11:50:02 pm
📅 Checking since 7/4/2026, 12:09:36 am

🌉 OWU Bridge — 22/4/2026, 11:55:02 pm
📅 Checking since 7/4/2026, 12:09:36 am

🌉 OWU Bridge — 23/4/2026, 12:00:02 am
📅 Checking since 7/4/2026, 12:09:36 am

🌉 OWU Bridge — 23/4/2026, 12:05:07 am
📅 Checking since 7/4/2026, 12:09:36 am

🌉 OWU Bridge — 23/4/2026, 12:10:07 am
📅 Checking since 7/4/2026, 12:09:36 am

🌉 OWU Bridge — 23/4/2026, 12:15:07 am
📅 Checking since 7/4/2026, 12:09:36 am

🌉 OWU Bridge — 23/4/2026, 12:20:08 am
📅 Checking since 7/4/2026, 12:09:36 am

🌉 OWU Bridge — 23/4/2026, 12:25:08 am
📅 Checking since 7/4/2026, 12:09:36 am

🌉 OWU Bridge — 23/4/2026, 12:30:08 am
📅 Checking since 7/4/2026, 12:09:36 am

🌉 OWU Bridge — 23/4/2026, 12:35:09 am
📅 Checking since 7/4/2026, 12:09:36 am

🌉 OWU Bridge — 23/4/2026, 12:40:09 am
📅 Checking since 7/4/2026, 12:09:36 am

🌉 OWU Bridge — 23/4/2026, 12:45:09 am
📅 Checking since 7/4/2026, 12:09:36 am

🌉 OWU Bridge — 23/4/2026, 12:50:10 am
📅 Checking since 7/4/2026, 12:09:36 am

🌉 OWU Bridge — 23/4/2026, 12:55:10 am
📅 Checking since 7/4/2026, 12:09:36 am

🌉 OWU Bridge — 23/4/2026, 1:00:10 am
📅 Checking since 7/4/2026, 12:09:36 am

🌉 OWU Bridge — 23/4/2026, 1:05:10 am
📅 Checking since 7/4/2026, 12:09:36 am

🌉 OWU Bridge — 23/4/2026, 1:10:11 am
📅 Checking since 7/4/2026, 12:09:36 am

🌉 OWU Bridge — 23/4/2026, 1:15:11 am
📅 Checking since 7/4/2026, 12:09:36 am

🌉 OWU Bridge — 23/4/2026, 1:20:11 am
📅 Checking since 7/4/2026, 12:09:36 am

🌉 OWU Bridge — 23/4/2026, 1:25:12 am
📅 Checking since 7/4/2026, 12:09:36 am

🌉 OWU Bridge — 23/4/2026, 1:30:12 am
📅 Checking since 7/4/2026, 12:09:36 am

🌉 OWU Bridge — 23/4/2026, 1:35:12 am
📅 Checking since 7/4/2026, 12:09:36 am

🌉 OWU Bridge — 23/4/2026, 1:40:13 am
📅 Checking since 7/4/2026, 12:09:36 am

🌉 OWU Bridge — 23/4/2026, 1:45:13 am
📅 Checking since 7/4/2026, 12:09:36 am

🌉 OWU Bridge — 23/4/2026, 1:50:13 am
📅 Checking since 7/4/2026, 12:09:36 am

🌉 OWU Bridge — 23/4/2026, 1:55:14 am
📅 Checking since 7/4/2026, 12:09:36 am

🌉 OWU Bridge — 23/4/2026, 2:00:14 am
📅 Checking since 7/4/2026, 12:09:36 am

🌉 OWU Bridge — 23/4/2026, 2:05:14 am
📅 Checking since 7/4/2026, 12:09:36 am

🌉 OWU Bridge — 23/4/2026, 2:10:15 am
📅 Checking since 7/4/2026, 12:09:36 am

🌉 OWU Bridge — 23/4/2026, 2:15:15 am
📅 Checking since 7/4/2026, 12:09:36 am

🌉 OWU Bridge — 23/4/2026, 2:20:15 am
📅 Checking since 7/4/2026, 12:09:36 am

🌉 OWU Bridge — 23/4/2026, 2:25:16 am
📅 Checking since 7/4/2026, 12:09:36 am

🌉 OWU Bridge — 23/4/2026, 2:30:16 am
📅 Checking since 7/4/2026, 12:09:36 am

🌉 OWU Bridge — 23/4/2026, 2:35:16 am
📅 Checking since 7/4/2026, 12:09:36 am

🌉 OWU Bridge — 23/4/2026, 2:40:16 am
📅 Checking since 7/4/2026, 12:09:36 am

🌉 OWU Bridge — 23/4/2026, 3:32:20 am
📅 Checking since 7/4/2026, 12:09:36 am

🌉 OWU Bridge — 23/4/2026, 4:25:45 am
📅 Checking since 7/4/2026, 12:09:36 am

🌉 OWU Bridge — 23/4/2026, 4:30:45 am
📅 Checking since 7/4/2026, 12:09:36 am

🌉 OWU Bridge — 23/4/2026, 5:55:03 am
📅 Checking since 7/4/2026, 12:09:36 am

🌉 OWU Bridge — 23/4/2026, 7:14:14 am
📅 Checking since 7/4/2026, 12:09:36 am

🌉 OWU Bridge — 23/4/2026, 8:42:41 am
📅 Checking since 7/4/2026, 12:09:36 am

🌉 OWU Bridge — 23/4/2026, 9:49:12 am
📅 Checking since 7/4/2026, 12:09:36 am

🌉 OWU Bridge — 23/4/2026, 9:54:12 am
📅 Checking since 7/4/2026, 12:09:36 am

🌉 OWU Bridge — 23/4/2026, 9:59:13 am
📅 Checking since 7/4/2026, 12:09:36 am

🌉 OWU Bridge — 23/4/2026, 10:04:13 am
📅 Checking since 7/4/2026, 12:09:36 am

🌉 OWU Bridge — 23/4/2026, 10:09:13 am
📅 Checking since 7/4/2026, 12:09:36 am

🌉 OWU Bridge — 23/4/2026, 10:14:14 am
📅 Checking since 7/4/2026, 12:09:36 am

🌉 OWU Bridge — 23/4/2026, 10:34:22 am
📅 Checking since 7/4/2026, 12:09:36 am

🌉 OWU Bridge — 23/4/2026, 10:54:25 am
📅 Checking since 7/4/2026, 12:09:36 am

🌉 OWU Bridge — 23/4/2026, 10:59:25 am
📅 Checking since 7/4/2026, 12:09:36 am

🌉 OWU Bridge — 23/4/2026, 11:04:26 am
📅 Checking since 7/4/2026, 12:09:36 am

🌉 OWU Bridge — 23/4/2026, 11:09:26 am
📅 Checking since 7/4/2026, 12:09:36 am

🌉 OWU Bridge — 23/4/2026, 11:14:26 am
📅 Checking since 7/4/2026, 12:09:36 am

🌉 OWU Bridge — 23/4/2026, 11:19:27 am
📅 Checking since 7/4/2026, 12:09:36 am

🌉 OWU Bridge — 23/4/2026, 11:24:27 am
📅 Checking since 7/4/2026, 12:09:36 am

🌉 OWU Bridge — 23/4/2026, 11:29:27 am
📅 Checking since 7/4/2026, 12:09:36 am

🌉 OWU Bridge — 23/4/2026, 12:05:43 pm
📅 Checking since 7/4/2026, 12:09:36 am

🌉 OWU Bridge — 23/4/2026, 12:21:28 pm
📅 Checking since 7/4/2026, 12:09:36 am

🌉 OWU Bridge — 23/4/2026, 12:29:27 pm
📅 Checking since 7/4/2026, 12:09:36 am

🌉 OWU Bridge — 23/4/2026, 12:45:39 pm
📅 Checking since 7/4/2026, 12:09:36 am

🌉 OWU Bridge — 23/4/2026, 1:02:26 pm
📅 Checking since 7/4/2026, 12:09:36 am

🌉 OWU Bridge — 23/4/2026, 1:09:07 pm
📅 Checking since 7/4/2026, 12:09:36 am

🌉 OWU Bridge — 23/4/2026, 1:29:17 pm
📅 Checking since 7/4/2026, 12:09:36 am

🌉 OWU Bridge — 23/4/2026, 2:23:24 pm
📅 Checking since 7/4/2026, 12:09:36 am

🌉 OWU Bridge — 23/4/2026, 2:54:34 pm
📅 Checking since 7/4/2026, 12:09:36 am

🌉 OWU Bridge — 23/4/2026, 3:01:00 pm
📅 Checking since 7/4/2026, 12:09:36 am

🌉 OWU Bridge — 23/4/2026, 3:33:52 pm
📅 Checking since 7/4/2026, 12:09:36 am

🌉 OWU Bridge — 23/4/2026, 3:38:53 pm
📅 Checking since 7/4/2026, 12:09:36 am

🌉 OWU Bridge — 23/4/2026, 4:00:08 pm
📅 Checking since 7/4/2026, 12:09:36 am

🌉 OWU Bridge — 23/4/2026, 5:39:33 pm
📅 Checking since 7/4/2026, 12:09:36 am

🌉 OWU Bridge — 23/4/2026, 6:26:37 pm
📅 Checking since 7/4/2026, 12:09:36 am

🌉 OWU Bridge — 23/4/2026, 6:41:10 pm
📅 Checking since 7/4/2026, 12:09:36 am

🌉 OWU Bridge — 23/4/2026, 7:25:12 pm
📅 Checking since 7/4/2026, 12:09:36 am

🌉 OWU Bridge — 23/4/2026, 7:30:12 pm
📅 Checking since 7/4/2026, 12:09:36 am

🌉 OWU Bridge — 23/4/2026, 8:04:10 pm
📅 Checking since 7/4/2026, 12:09:36 am

🌉 OWU Bridge — 23/4/2026, 9:00:02 pm
📅 Checking since 7/4/2026, 12:09:36 am

🌉 OWU Bridge — 23/4/2026, 10:16:52 pm
📅 Checking since 7/4/2026, 12:09:36 am

🌉 OWU Bridge — 23/4/2026, 10:48:03 pm
📅 Checking since 7/4/2026, 12:09:36 am

🌉 OWU Bridge — 23/4/2026, 10:53:04 pm
📅 Checking since 7/4/2026, 12:09:36 am

🌉 OWU Bridge — 23/4/2026, 10:58:05 pm
📅 Checking since 7/4/2026, 12:09:36 am

🌉 OWU Bridge — 23/4/2026, 11:03:05 pm
📅 Checking since 7/4/2026, 12:09:36 am

🌉 OWU Bridge — 23/4/2026, 11:08:05 pm
📅 Checking since 7/4/2026, 12:09:36 am

🌉 OWU Bridge — 23/4/2026, 11:13:06 pm
📅 Checking since 7/4/2026, 12:09:36 am

🌉 OWU Bridge — 23/4/2026, 11:18:06 pm
📅 Checking since 7/4/2026, 12:09:36 am

🌉 OWU Bridge — 23/4/2026, 11:23:06 pm
📅 Checking since 7/4/2026, 12:09:36 am

🌉 OWU Bridge — 23/4/2026, 11:28:06 pm
📅 Checking since 7/4/2026, 12:09:36 am

🌉 OWU Bridge — 23/4/2026, 11:33:07 pm
📅 Checking since 7/4/2026, 12:09:36 am

🌉 OWU Bridge — 23/4/2026, 11:38:07 pm
📅 Checking since 7/4/2026, 12:09:36 am

🌉 OWU Bridge — 23/4/2026, 11:43:08 pm
📅 Checking since 7/4/2026, 12:09:36 am

🌉 OWU Bridge — 23/4/2026, 11:48:08 pm
📅 Checking since 7/4/2026, 12:09:36 am

🌉 OWU Bridge — 23/4/2026, 11:53:08 pm
📅 Checking since 7/4/2026, 12:09:36 am

🌉 OWU Bridge — 23/4/2026, 11:58:09 pm
📅 Checking since 7/4/2026, 12:09:36 am

🌉 OWU Bridge — 24/4/2026, 12:03:09 am
📅 Checking since 7/4/2026, 12:09:36 am

🌉 OWU Bridge — 24/4/2026, 12:08:09 am
📅 Checking since 7/4/2026, 12:09:36 am

🌉 OWU Bridge — 24/4/2026, 12:13:09 am
📅 Checking since 7/4/2026, 12:09:36 am

🌉 OWU Bridge — 24/4/2026, 12:18:10 am
📅 Checking since 7/4/2026, 12:09:36 am

🌉 OWU Bridge — 24/4/2026, 12:23:10 am
📅 Checking since 7/4/2026, 12:09:36 am

🌉 OWU Bridge — 24/4/2026, 12:28:10 am
📅 Checking since 7/4/2026, 12:09:36 am

🌉 OWU Bridge — 24/4/2026, 12:33:11 am
📅 Checking since 7/4/2026, 12:09:36 am

🌉 OWU Bridge — 24/4/2026, 12:38:11 am
📅 Checking since 7/4/2026, 12:09:36 am

🌉 OWU Bridge — 24/4/2026, 12:43:11 am
📅 Checking since 7/4/2026, 12:09:36 am

🌉 OWU Bridge — 24/4/2026, 12:48:12 am
📅 Checking since 7/4/2026, 12:09:36 am

🌉 OWU Bridge — 24/4/2026, 12:53:12 am
📅 Checking since 7/4/2026, 12:09:36 am

🌉 OWU Bridge — 24/4/2026, 12:58:12 am
📅 Checking since 7/4/2026, 12:09:36 am

🌉 OWU Bridge — 24/4/2026, 1:03:13 am
📅 Checking since 7/4/2026, 12:09:36 am

🌉 OWU Bridge — 24/4/2026, 1:08:13 am
📅 Checking since 7/4/2026, 12:09:36 am

🌉 OWU Bridge — 24/4/2026, 1:13:13 am
📅 Checking since 7/4/2026, 12:09:36 am

🌉 OWU Bridge — 24/4/2026, 1:18:14 am
📅 Checking since 7/4/2026, 12:09:36 am

🌉 OWU Bridge — 24/4/2026, 1:23:14 am
📅 Checking since 7/4/2026, 12:09:36 am

🌉 OWU Bridge — 24/4/2026, 1:28:14 am
📅 Checking since 7/4/2026, 12:09:36 am

🌉 OWU Bridge — 24/4/2026, 1:33:15 am
📅 Checking since 7/4/2026, 12:09:36 am

🌉 OWU Bridge — 24/4/2026, 1:38:16 am
📅 Checking since 7/4/2026, 12:09:36 am

🌉 OWU Bridge — 24/4/2026, 1:43:16 am
📅 Checking since 7/4/2026, 12:09:36 am

🌉 OWU Bridge — 24/4/2026, 1:48:16 am
📅 Checking since 7/4/2026, 12:09:36 am

🌉 OWU Bridge — 24/4/2026, 1:53:17 am
📅 Checking since 7/4/2026, 12:09:36 am

🌉 OWU Bridge — 24/4/2026, 1:58:17 am
📅 Checking since 7/4/2026, 12:09:36 am

🌉 OWU Bridge — 24/4/2026, 2:03:17 am
📅 Checking since 7/4/2026, 12:09:36 am

🌉 OWU Bridge — 24/4/2026, 2:08:18 am
📅 Checking since 7/4/2026, 12:09:36 am

🌉 OWU Bridge — 24/4/2026, 2:13:18 am
📅 Checking since 7/4/2026, 12:09:36 am

🌉 OWU Bridge — 24/4/2026, 3:05:08 am
📅 Checking since 7/4/2026, 12:09:36 am

🌉 OWU Bridge — 24/4/2026, 3:10:08 am
📅 Checking since 7/4/2026, 12:09:36 am

🌉 OWU Bridge — 24/4/2026, 3:15:08 am
📅 Checking since 7/4/2026, 12:09:36 am

🌉 OWU Bridge — 24/4/2026, 3:20:09 am
📅 Checking since 7/4/2026, 12:09:36 am

🌉 OWU Bridge — 24/4/2026, 3:25:09 am
📅 Checking since 7/4/2026, 12:09:36 am

🌉 OWU Bridge — 24/4/2026, 3:30:09 am
📅 Checking since 7/4/2026, 12:09:36 am

🌉 OWU Bridge — 24/4/2026, 3:35:10 am
📅 Checking since 7/4/2026, 12:09:36 am

🌉 OWU Bridge — 24/4/2026, 3:40:10 am
📅 Checking since 7/4/2026, 12:09:36 am

🌉 OWU Bridge — 24/4/2026, 3:45:10 am
📅 Checking since 7/4/2026, 12:09:36 am

🌉 OWU Bridge — 24/4/2026, 3:50:11 am
📅 Checking since 7/4/2026, 12:09:36 am

🌉 OWU Bridge — 24/4/2026, 3:55:11 am
📅 Checking since 7/4/2026, 12:09:36 am

🌉 OWU Bridge — 24/4/2026, 4:00:12 am
📅 Checking since 7/4/2026, 12:09:36 am

🌉 OWU Bridge — 24/4/2026, 4:05:12 am
📅 Checking since 7/4/2026, 12:09:36 am

🌉 OWU Bridge — 24/4/2026, 4:32:21 am
📅 Checking since 7/4/2026, 12:09:36 am

🌉 OWU Bridge — 24/4/2026, 5:12:44 am
📅 Checking since 7/4/2026, 12:09:36 am

🌉 OWU Bridge — 24/4/2026, 6:46:45 am
📅 Checking since 7/4/2026, 12:09:36 am

🌉 OWU Bridge — 24/4/2026, 8:15:30 am
📅 Checking since 7/4/2026, 12:09:36 am

🌉 OWU Bridge — 24/4/2026, 8:21:42 am
📅 Checking since 7/4/2026, 12:09:36 am

🌉 OWU Bridge — 24/4/2026, 8:26:43 am
📅 Checking since 7/4/2026, 12:09:36 am

🌉 OWU Bridge — 24/4/2026, 9:52:41 am
📅 Checking since 7/4/2026, 12:09:36 am

🌉 OWU Bridge — 24/4/2026, 10:34:52 am
📅 Checking since 7/4/2026, 12:09:36 am

🌉 OWU Bridge — 24/4/2026, 10:39:56 am
📅 Checking since 7/4/2026, 12:09:36 am

🌉 OWU Bridge — 24/4/2026, 10:44:56 am
📅 Checking since 7/4/2026, 12:09:36 am

🌉 OWU Bridge — 24/4/2026, 10:49:57 am
📅 Checking since 7/4/2026, 12:09:36 am

🌉 OWU Bridge — 24/4/2026, 11:03:40 am
📅 Checking since 7/4/2026, 12:09:36 am

🌉 OWU Bridge — 24/4/2026, 11:08:41 am
📅 Checking since 7/4/2026, 12:09:36 am

🌉 OWU Bridge — 24/4/2026, 12:33:21 pm
📅 Checking since 7/4/2026, 12:09:36 am

🌉 OWU Bridge — 24/4/2026, 1:58:22 pm
📅 Checking since 7/4/2026, 12:09:36 am

🌉 OWU Bridge — 24/4/2026, 2:57:49 pm
📅 Checking since 7/4/2026, 12:09:36 am

🌉 OWU Bridge — 24/4/2026, 3:03:12 pm
📅 Checking since 7/4/2026, 12:09:36 am

🌉 OWU Bridge — 24/4/2026, 3:08:13 pm
📅 Checking since 7/4/2026, 12:09:36 am

🌉 OWU Bridge — 24/4/2026, 4:06:02 pm
📅 Checking since 7/4/2026, 12:09:36 am

🌉 OWU Bridge — 24/4/2026, 4:11:06 pm
📅 Checking since 7/4/2026, 12:09:36 am

🌉 OWU Bridge — 24/4/2026, 4:16:06 pm
📅 Checking since 7/4/2026, 12:09:36 am

🌉 OWU Bridge — 24/4/2026, 4:21:07 pm
📅 Checking since 7/4/2026, 12:09:36 am

🌉 OWU Bridge — 24/4/2026, 4:26:07 pm
📅 Checking since 7/4/2026, 12:09:36 am

🌉 OWU Bridge — 24/4/2026, 4:31:07 pm
📅 Checking since 7/4/2026, 12:09:36 am

🌉 OWU Bridge — 24/4/2026, 4:36:08 pm
📅 Checking since 7/4/2026, 12:09:36 am

🌉 OWU Bridge — 24/4/2026, 4:41:08 pm
📅 Checking since 7/4/2026, 12:09:36 am

🌉 OWU Bridge — 24/4/2026, 4:46:08 pm
📅 Checking since 7/4/2026, 12:09:36 am

🌉 OWU Bridge — 24/4/2026, 4:51:08 pm
📅 Checking since 7/4/2026, 12:09:36 am

🌉 OWU Bridge — 24/4/2026, 4:56:09 pm
📅 Checking since 7/4/2026, 12:09:36 am

🌉 OWU Bridge — 24/4/2026, 5:01:09 pm
📅 Checking since 7/4/2026, 12:09:36 am

🌉 OWU Bridge — 24/4/2026, 5:06:09 pm
📅 Checking since 7/4/2026, 12:09:36 am

🌉 OWU Bridge — 24/4/2026, 5:11:10 pm
📅 Checking since 7/4/2026, 12:09:36 am

🌉 OWU Bridge — 24/4/2026, 5:16:10 pm
📅 Checking since 7/4/2026, 12:09:36 am

🌉 OWU Bridge — 24/4/2026, 5:21:10 pm
📅 Checking since 7/4/2026, 12:09:36 am

🌉 OWU Bridge — 24/4/2026, 5:26:11 pm
📅 Checking since 7/4/2026, 12:09:36 am

🌉 OWU Bridge — 24/4/2026, 6:01:30 pm
📅 Checking since 7/4/2026, 12:09:36 am

🌉 OWU Bridge — 24/4/2026, 7:42:17 pm
📅 Checking since 7/4/2026, 12:09:36 am

🌉 OWU Bridge — 24/4/2026, 7:58:29 pm
📅 Checking since 7/4/2026, 12:09:36 am

🌉 OWU Bridge — 24/4/2026, 8:03:29 pm
📅 Checking since 7/4/2026, 12:09:36 am

🌉 OWU Bridge — 24/4/2026, 8:08:30 pm
📅 Checking since 7/4/2026, 12:09:36 am

🌉 OWU Bridge — 24/4/2026, 8:13:30 pm
📅 Checking since 7/4/2026, 12:09:36 am

🌉 OWU Bridge — 24/4/2026, 8:18:30 pm
📅 Checking since 7/4/2026, 12:09:36 am

🌉 OWU Bridge — 24/4/2026, 8:23:31 pm
📅 Checking since 7/4/2026, 12:09:36 am

🌉 OWU Bridge — 24/4/2026, 8:28:31 pm
📅 Checking since 7/4/2026, 12:09:36 am

🌉 OWU Bridge — 24/4/2026, 8:33:32 pm
📅 Checking since 7/4/2026, 12:09:36 am

🌉 OWU Bridge — 24/4/2026, 8:38:32 pm
📅 Checking since 7/4/2026, 12:09:36 am

🌉 OWU Bridge — 24/4/2026, 8:43:33 pm
📅 Checking since 7/4/2026, 12:09:36 am

🌉 OWU Bridge — 24/4/2026, 8:48:33 pm
📅 Checking since 7/4/2026, 12:09:36 am

🌉 OWU Bridge — 24/4/2026, 8:53:33 pm
📅 Checking since 7/4/2026, 12:09:36 am

🌉 OWU Bridge — 24/4/2026, 9:05:28 pm
📅 Checking since 7/4/2026, 12:09:36 am

🌉 OWU Bridge — 24/4/2026, 9:10:28 pm
📅 Checking since 7/4/2026, 12:09:36 am

🌉 OWU Bridge — 24/4/2026, 9:15:29 pm
📅 Checking since 7/4/2026, 12:09:36 am

🌉 OWU Bridge — 24/4/2026, 9:20:29 pm
📅 Checking since 7/4/2026, 12:09:36 am

🌉 OWU Bridge — 24/4/2026, 9:25:29 pm
📅 Checking since 7/4/2026, 12:09:36 am

🌉 OWU Bridge — 24/4/2026, 9:30:30 pm
📅 Checking since 7/4/2026, 12:09:36 am

🌉 OWU Bridge — 24/4/2026, 9:35:30 pm
📅 Checking since 7/4/2026, 12:09:36 am

🌉 OWU Bridge — 24/4/2026, 9:40:30 pm
📅 Checking since 7/4/2026, 12:09:36 am

🌉 OWU Bridge — 24/4/2026, 9:45:31 pm
📅 Checking since 7/4/2026, 12:09:36 am

🌉 OWU Bridge — 24/4/2026, 9:50:31 pm
📅 Checking since 7/4/2026, 12:09:36 am

🌉 OWU Bridge — 24/4/2026, 9:55:31 pm
📅 Checking since 7/4/2026, 12:09:36 am

🌉 OWU Bridge — 24/4/2026, 10:00:32 pm
📅 Checking since 7/4/2026, 12:09:36 am

🌉 OWU Bridge — 24/4/2026, 10:54:33 pm
📅 Checking since 7/4/2026, 12:09:36 am

🌉 OWU Bridge — 24/4/2026, 11:38:40 pm
📅 Checking since 7/4/2026, 12:09:36 am

🌉 OWU Bridge — 24/4/2026, 11:44:24 pm
📅 Checking since 7/4/2026, 12:09:36 am

🌉 OWU Bridge — 24/4/2026, 11:50:20 pm
📅 Checking since 7/4/2026, 12:09:36 am

🌉 OWU Bridge — 24/4/2026, 11:55:21 pm
📅 Checking since 7/4/2026, 12:09:36 am

🌉 OWU Bridge — 25/4/2026, 12:00:21 am
📅 Checking since 7/4/2026, 12:09:36 am

🌉 OWU Bridge — 25/4/2026, 12:05:21 am
📅 Checking since 7/4/2026, 12:09:36 am

🌉 OWU Bridge — 25/4/2026, 12:10:21 am
📅 Checking since 7/4/2026, 12:09:36 am

🌉 OWU Bridge — 25/4/2026, 12:15:22 am
📅 Checking since 7/4/2026, 12:09:36 am

🌉 OWU Bridge — 25/4/2026, 12:20:22 am
📅 Checking since 7/4/2026, 12:09:36 am

🌉 OWU Bridge — 25/4/2026, 12:25:22 am
📅 Checking since 7/4/2026, 12:09:36 am

🌉 OWU Bridge — 25/4/2026, 12:30:23 am
📅 Checking since 7/4/2026, 12:09:36 am

🌉 OWU Bridge — 25/4/2026, 12:35:23 am
📅 Checking since 7/4/2026, 12:09:36 am

🌉 OWU Bridge — 25/4/2026, 12:40:23 am
📅 Checking since 7/4/2026, 12:09:36 am

🌉 OWU Bridge — 25/4/2026, 12:45:24 am
📅 Checking since 7/4/2026, 12:09:36 am

🌉 OWU Bridge — 25/4/2026, 12:50:24 am
📅 Checking since 7/4/2026, 12:09:36 am

🌉 OWU Bridge — 25/4/2026, 12:55:24 am
📅 Checking since 7/4/2026, 12:09:36 am

🌉 OWU Bridge — 25/4/2026, 1:00:25 am
📅 Checking since 7/4/2026, 12:09:36 am

🌉 OWU Bridge — 25/4/2026, 1:05:25 am
📅 Checking since 7/4/2026, 12:09:36 am

🌉 OWU Bridge — 25/4/2026, 1:10:25 am
📅 Checking since 7/4/2026, 12:09:36 am

🌉 OWU Bridge — 25/4/2026, 1:15:26 am
📅 Checking since 7/4/2026, 12:09:36 am

🌉 OWU Bridge — 25/4/2026, 1:20:26 am
📅 Checking since 7/4/2026, 12:09:36 am

🌉 OWU Bridge — 25/4/2026, 1:25:26 am
📅 Checking since 7/4/2026, 12:09:36 am

🌉 OWU Bridge — 25/4/2026, 1:30:26 am
📅 Checking since 7/4/2026, 12:09:36 am

🌉 OWU Bridge — 25/4/2026, 1:35:27 am
📅 Checking since 7/4/2026, 12:09:36 am

🌉 OWU Bridge — 25/4/2026, 1:40:27 am
📅 Checking since 7/4/2026, 12:09:36 am

🌉 OWU Bridge — 25/4/2026, 1:50:56 am
📅 Checking since 7/4/2026, 12:09:36 am

🌉 OWU Bridge — 25/4/2026, 1:55:56 am
📅 Checking since 7/4/2026, 12:09:36 am

🌉 OWU Bridge — 25/4/2026, 2:00:57 am
📅 Checking since 7/4/2026, 12:09:36 am

🌉 OWU Bridge — 25/4/2026, 2:05:57 am
📅 Checking since 7/4/2026, 12:09:36 am

🌉 OWU Bridge — 25/4/2026, 2:10:57 am
📅 Checking since 7/4/2026, 12:09:36 am

🌉 OWU Bridge — 25/4/2026, 2:15:57 am
📅 Checking since 7/4/2026, 12:09:36 am

🌉 OWU Bridge — 25/4/2026, 2:20:58 am
📅 Checking since 7/4/2026, 12:09:36 am

🌉 OWU Bridge — 25/4/2026, 2:25:58 am
📅 Checking since 7/4/2026, 12:09:36 am

🌉 OWU Bridge — 25/4/2026, 2:30:58 am
📅 Checking since 7/4/2026, 12:09:36 am

🌉 OWU Bridge — 25/4/2026, 2:35:59 am
📅 Checking since 7/4/2026, 12:09:36 am

🌉 OWU Bridge — 25/4/2026, 2:40:59 am
📅 Checking since 7/4/2026, 12:09:36 am

🌉 OWU Bridge — 25/4/2026, 2:45:59 am
📅 Checking since 7/4/2026, 12:09:36 am

🌉 OWU Bridge — 25/4/2026, 2:50:59 am
📅 Checking since 7/4/2026, 12:09:36 am

🌉 OWU Bridge — 25/4/2026, 2:56:00 am
📅 Checking since 7/4/2026, 12:09:36 am

🌉 OWU Bridge — 25/4/2026, 3:01:00 am
📅 Checking since 7/4/2026, 12:09:36 am

🌉 OWU Bridge — 25/4/2026, 3:06:00 am
📅 Checking since 7/4/2026, 12:09:36 am

🌉 OWU Bridge — 25/4/2026, 3:11:01 am
📅 Checking since 7/4/2026, 12:09:36 am

🌉 OWU Bridge — 25/4/2026, 3:16:01 am
📅 Checking since 7/4/2026, 12:09:36 am

🌉 OWU Bridge — 25/4/2026, 3:21:01 am
📅 Checking since 7/4/2026, 12:09:36 am

🌉 OWU Bridge — 25/4/2026, 3:26:02 am
📅 Checking since 7/4/2026, 12:09:36 am

🌉 OWU Bridge — 25/4/2026, 3:31:02 am
📅 Checking since 7/4/2026, 12:09:36 am

🌉 OWU Bridge — 25/4/2026, 3:36:02 am
📅 Checking since 7/4/2026, 12:09:36 am

🌉 OWU Bridge — 25/4/2026, 3:41:03 am
📅 Checking since 7/4/2026, 12:09:36 am

🌉 OWU Bridge — 25/4/2026, 3:46:03 am
📅 Checking since 7/4/2026, 12:09:36 am

🌉 OWU Bridge — 25/4/2026, 3:51:03 am
📅 Checking since 7/4/2026, 12:09:36 am

🌉 OWU Bridge — 25/4/2026, 4:26:26 am
📅 Checking since 7/4/2026, 12:09:36 am

🌉 OWU Bridge — 25/4/2026, 4:47:34 am
📅 Checking since 7/4/2026, 12:09:36 am

🌉 OWU Bridge — 25/4/2026, 4:52:35 am
📅 Checking since 7/4/2026, 12:09:36 am

🌉 OWU Bridge — 25/4/2026, 4:57:35 am
📅 Checking since 7/4/2026, 12:09:36 am

🌉 OWU Bridge — 25/4/2026, 5:02:35 am
📅 Checking since 7/4/2026, 12:09:36 am

🌉 OWU Bridge — 25/4/2026, 5:07:36 am
📅 Checking since 7/4/2026, 12:09:36 am

🌉 OWU Bridge — 25/4/2026, 5:12:36 am
📅 Checking since 7/4/2026, 12:09:36 am

🌉 OWU Bridge — 25/4/2026, 5:17:36 am
📅 Checking since 7/4/2026, 12:09:36 am

🌉 OWU Bridge — 25/4/2026, 5:22:37 am
📅 Checking since 7/4/2026, 12:09:36 am

🌉 OWU Bridge — 25/4/2026, 5:27:37 am
📅 Checking since 7/4/2026, 12:09:36 am

🌉 OWU Bridge — 25/4/2026, 5:32:37 am
📅 Checking since 7/4/2026, 12:09:36 am

🌉 OWU Bridge — 25/4/2026, 5:37:38 am
📅 Checking since 7/4/2026, 12:09:36 am

🌉 OWU Bridge — 25/4/2026, 5:42:38 am
📅 Checking since 7/4/2026, 12:09:36 am

🌉 OWU Bridge — 25/4/2026, 6:51:50 am
📅 Checking since 7/4/2026, 12:09:36 am

🌉 OWU Bridge — 25/4/2026, 8:05:07 am
📅 Checking since 7/4/2026, 12:09:36 am

🌉 OWU Bridge — 25/4/2026, 8:10:08 am
📅 Checking since 7/4/2026, 12:09:36 am

🌉 OWU Bridge — 25/4/2026, 8:15:08 am
📅 Checking since 7/4/2026, 12:09:36 am

🌉 OWU Bridge — 25/4/2026, 9:38:17 am
📅 Checking since 7/4/2026, 12:09:36 am

🌉 OWU Bridge — 25/4/2026, 9:43:17 am
📅 Checking since 7/4/2026, 12:09:36 am

🌉 OWU Bridge — 25/4/2026, 10:21:11 am
📅 Checking since 7/4/2026, 12:09:36 am

🌉 OWU Bridge — 25/4/2026, 11:04:37 am
📅 Checking since 7/4/2026, 12:09:36 am

🌉 OWU Bridge — 25/4/2026, 11:09:38 am
📅 Checking since 7/4/2026, 12:09:36 am

🌉 OWU Bridge — 25/4/2026, 11:14:38 am
📅 Checking since 7/4/2026, 12:09:36 am

🌉 OWU Bridge — 25/4/2026, 12:23:21 pm
📅 Checking since 7/4/2026, 12:09:36 am

🌉 OWU Bridge — 25/4/2026, 1:42:33 pm
📅 Checking since 7/4/2026, 12:09:36 am

🌉 OWU Bridge — 25/4/2026, 1:59:35 pm
📅 Checking since 7/4/2026, 12:09:36 am

🌉 OWU Bridge — 25/4/2026, 2:04:35 pm
📅 Checking since 7/4/2026, 12:09:36 am

🌉 OWU Bridge — 25/4/2026, 3:47:45 pm
📅 Checking since 7/4/2026, 12:09:36 am

🌉 OWU Bridge — 25/4/2026, 4:17:28 pm
📅 Checking since 7/4/2026, 12:09:36 am

🌉 OWU Bridge — 25/4/2026, 4:22:29 pm
📅 Checking since 7/4/2026, 12:09:36 am

🌉 OWU Bridge — 25/4/2026, 4:27:29 pm
📅 Checking since 7/4/2026, 12:09:36 am

🌉 OWU Bridge — 25/4/2026, 4:32:29 pm
📅 Checking since 7/4/2026, 12:09:36 am

🌉 OWU Bridge — 25/4/2026, 4:37:30 pm
📅 Checking since 7/4/2026, 12:09:36 am

🌉 OWU Bridge — 25/4/2026, 4:42:30 pm
📅 Checking since 7/4/2026, 12:09:36 am

🌉 OWU Bridge — 25/4/2026, 4:47:30 pm
📅 Checking since 7/4/2026, 12:09:36 am

🌉 OWU Bridge — 25/4/2026, 5:22:32 pm
📅 Checking since 7/4/2026, 12:09:36 am

🌉 OWU Bridge — 25/4/2026, 6:47:07 pm
📅 Checking since 7/4/2026, 12:09:36 am

🌉 OWU Bridge — 25/4/2026, 7:02:23 pm
📅 Checking since 7/4/2026, 12:09:36 am

🌉 OWU Bridge — 25/4/2026, 7:07:23 pm
📅 Checking since 7/4/2026, 12:09:36 am

🌉 OWU Bridge — 25/4/2026, 8:30:51 pm
📅 Checking since 7/4/2026, 12:09:36 am

🌉 OWU Bridge — 25/4/2026, 10:04:38 pm
📅 Checking since 7/4/2026, 12:09:36 am

🌉 OWU Bridge — 25/4/2026, 10:54:00 pm
📅 Checking since 7/4/2026, 12:09:36 am

🌉 OWU Bridge — 25/4/2026, 10:59:01 pm
📅 Checking since 7/4/2026, 12:09:36 am

🌉 OWU Bridge — 25/4/2026, 11:04:01 pm
📅 Checking since 7/4/2026, 12:09:36 am

🌉 OWU Bridge — 26/4/2026, 12:11:11 am
📅 Checking since 7/4/2026, 12:09:36 am

🌉 OWU Bridge — 26/4/2026, 12:53:55 am
📅 Checking since 7/4/2026, 12:09:36 am

🌉 OWU Bridge — 26/4/2026, 12:59:03 am
📅 Checking since 7/4/2026, 12:09:36 am

🌉 OWU Bridge — 26/4/2026, 1:04:03 am
📅 Checking since 7/4/2026, 12:09:36 am

🌉 OWU Bridge — 26/4/2026, 1:09:04 am
📅 Checking since 7/4/2026, 12:09:36 am

🌉 OWU Bridge — 26/4/2026, 1:14:04 am
📅 Checking since 7/4/2026, 12:09:36 am

🌉 OWU Bridge — 26/4/2026, 1:19:04 am
📅 Checking since 7/4/2026, 12:09:36 am

🌉 OWU Bridge — 26/4/2026, 1:24:05 am
📅 Checking since 7/4/2026, 12:09:36 am

🌉 OWU Bridge — 26/4/2026, 1:29:05 am
📅 Checking since 7/4/2026, 12:09:36 am

🌉 OWU Bridge — 26/4/2026, 1:34:06 am
📅 Checking since 7/4/2026, 12:09:36 am

🌉 OWU Bridge — 26/4/2026, 1:39:06 am
📅 Checking since 7/4/2026, 12:09:36 am

🌉 OWU Bridge — 26/4/2026, 1:44:12 am
📅 Checking since 7/4/2026, 12:09:36 am

🌉 OWU Bridge — 26/4/2026, 1:49:37 am
📅 Checking since 7/4/2026, 12:09:36 am

🌉 OWU Bridge — 26/4/2026, 1:54:38 am
📅 Checking since 7/4/2026, 12:09:36 am

🌉 OWU Bridge — 26/4/2026, 1:59:38 am
📅 Checking since 7/4/2026, 12:09:36 am

🌉 OWU Bridge — 26/4/2026, 2:04:39 am
📅 Checking since 7/4/2026, 12:09:36 am

🌉 OWU Bridge — 26/4/2026, 2:09:39 am
📅 Checking since 7/4/2026, 12:09:36 am

🌉 OWU Bridge — 26/4/2026, 2:14:39 am
📅 Checking since 7/4/2026, 12:09:36 am

🌉 OWU Bridge — 26/4/2026, 2:19:40 am
📅 Checking since 7/4/2026, 12:09:36 am

🌉 OWU Bridge — 26/4/2026, 2:24:40 am
📅 Checking since 7/4/2026, 12:09:36 am

🌉 OWU Bridge — 26/4/2026, 2:29:40 am
📅 Checking since 7/4/2026, 12:09:36 am

🌉 OWU Bridge — 26/4/2026, 2:34:41 am
📅 Checking since 7/4/2026, 12:09:36 am

🌉 OWU Bridge — 26/4/2026, 2:39:41 am
📅 Checking since 7/4/2026, 12:09:36 am

🌉 OWU Bridge — 26/4/2026, 2:44:41 am
📅 Checking since 7/4/2026, 12:09:36 am

🌉 OWU Bridge — 26/4/2026, 2:49:41 am
📅 Checking since 7/4/2026, 12:09:36 am

🌉 OWU Bridge — 26/4/2026, 2:54:42 am
📅 Checking since 7/4/2026, 12:09:36 am

🌉 OWU Bridge — 26/4/2026, 2:59:42 am
📅 Checking since 7/4/2026, 12:09:36 am

🌉 OWU Bridge — 26/4/2026, 3:05:04 am
📅 Checking since 7/4/2026, 12:09:36 am

🌉 OWU Bridge — 26/4/2026, 3:10:27 am
📅 Checking since 7/4/2026, 12:09:36 am

🌉 OWU Bridge — 26/4/2026, 3:15:28 am
📅 Checking since 7/4/2026, 12:09:36 am

🌉 OWU Bridge — 26/4/2026, 3:20:29 am
📅 Checking since 7/4/2026, 12:09:36 am

🌉 OWU Bridge — 26/4/2026, 3:25:29 am
📅 Checking since 7/4/2026, 12:09:36 am

🌉 OWU Bridge — 26/4/2026, 3:30:29 am
📅 Checking since 7/4/2026, 12:09:36 am

🌉 OWU Bridge — 26/4/2026, 3:35:29 am
📅 Checking since 7/4/2026, 12:09:36 am

🌉 OWU Bridge — 26/4/2026, 3:48:44 am
📅 Checking since 7/4/2026, 12:09:36 am

🌉 OWU Bridge — 26/4/2026, 3:53:44 am
📅 Checking since 7/4/2026, 12:09:36 am

🌉 OWU Bridge — 26/4/2026, 3:58:45 am
📅 Checking since 7/4/2026, 12:09:36 am

🌉 OWU Bridge — 26/4/2026, 4:03:45 am
📅 Checking since 7/4/2026, 12:09:36 am

🌉 OWU Bridge — 26/4/2026, 4:08:45 am
📅 Checking since 7/4/2026, 12:09:36 am

🌉 OWU Bridge — 26/4/2026, 4:13:46 am
📅 Checking since 7/4/2026, 12:09:36 am

🌉 OWU Bridge — 26/4/2026, 4:50:03 am
📅 Checking since 7/4/2026, 12:09:36 am

🌉 OWU Bridge — 26/4/2026, 4:55:03 am
📅 Checking since 7/4/2026, 12:09:36 am

🌉 OWU Bridge — 26/4/2026, 5:32:17 am
📅 Checking since 7/4/2026, 12:09:36 am

🌉 OWU Bridge — 26/4/2026, 7:01:29 am
📅 Checking since 7/4/2026, 12:09:36 am

🌉 OWU Bridge — 26/4/2026, 8:23:43 am
📅 Checking since 7/4/2026, 12:09:36 am

🌉 OWU Bridge — 26/4/2026, 8:28:46 am
📅 Checking since 7/4/2026, 12:09:36 am

🌉 OWU Bridge — 26/4/2026, 8:33:46 am
📅 Checking since 7/4/2026, 12:09:36 am

🌉 OWU Bridge — 26/4/2026, 8:39:02 am
📅 Checking since 7/4/2026, 12:09:36 am

🌉 OWU Bridge — 26/4/2026, 8:44:02 am
📅 Checking since 7/4/2026, 12:09:36 am

🌉 OWU Bridge — 26/4/2026, 8:49:02 am
📅 Checking since 7/4/2026, 12:09:36 am

🌉 OWU Bridge — 26/4/2026, 9:59:44 am
📅 Checking since 7/4/2026, 12:09:36 am

🌉 OWU Bridge — 26/4/2026, 10:35:06 am
📅 Checking since 7/4/2026, 12:09:36 am

🌉 OWU Bridge — 26/4/2026, 11:22:56 am
📅 Checking since 7/4/2026, 12:09:36 am

🌉 OWU Bridge — 26/4/2026, 12:19:41 pm
📅 Checking since 7/4/2026, 12:09:36 am

🌉 OWU Bridge — 26/4/2026, 12:24:41 pm
📅 Checking since 7/4/2026, 12:09:36 am

🌉 OWU Bridge — 26/4/2026, 1:03:30 pm
📅 Checking since 7/4/2026, 12:09:36 am

🌉 OWU Bridge — 26/4/2026, 2:11:53 pm
📅 Checking since 7/4/2026, 12:09:36 am

🌉 OWU Bridge — 26/4/2026, 2:16:54 pm
📅 Checking since 7/4/2026, 12:09:36 am

🌉 OWU Bridge — 26/4/2026, 2:21:54 pm
📅 Checking since 7/4/2026, 12:09:36 am

🌉 OWU Bridge — 26/4/2026, 2:26:54 pm
📅 Checking since 7/4/2026, 12:09:36 am

🌉 OWU Bridge — 26/4/2026, 2:31:54 pm
📅 Checking since 7/4/2026, 12:09:36 am

🌉 OWU Bridge — 26/4/2026, 2:52:18 pm
📅 Checking since 7/4/2026, 12:09:36 am

🌉 OWU Bridge — 26/4/2026, 2:57:18 pm
📅 Checking since 7/4/2026, 12:09:36 am

🌉 OWU Bridge — 26/4/2026, 3:02:20 pm
📅 Checking since 7/4/2026, 12:09:36 am

🌉 OWU Bridge — 26/4/2026, 3:07:21 pm
📅 Checking since 7/4/2026, 12:09:36 am

🌉 OWU Bridge — 26/4/2026, 3:12:21 pm
📅 Checking since 7/4/2026, 12:09:36 am

🌉 OWU Bridge — 26/4/2026, 3:17:22 pm
📅 Checking since 7/4/2026, 12:09:36 am

🌉 OWU Bridge — 26/4/2026, 3:22:22 pm
📅 Checking since 7/4/2026, 12:09:36 am

🌉 OWU Bridge — 26/4/2026, 3:27:22 pm
📅 Checking since 7/4/2026, 12:09:36 am

🌉 OWU Bridge — 26/4/2026, 3:32:22 pm
📅 Checking since 7/4/2026, 12:09:36 am

🌉 OWU Bridge — 26/4/2026, 3:37:23 pm
📅 Checking since 7/4/2026, 12:09:36 am

🌉 OWU Bridge — 26/4/2026, 3:59:47 pm
📅 Checking since 7/4/2026, 12:09:36 am

🌉 OWU Bridge — 26/4/2026, 5:12:41 pm
📅 Checking since 7/4/2026, 12:09:36 am

🌉 OWU Bridge — 26/4/2026, 5:17:41 pm
📅 Checking since 7/4/2026, 12:09:36 am

🌉 OWU Bridge — 26/4/2026, 5:22:42 pm
📅 Checking since 7/4/2026, 12:09:36 am

🌉 OWU Bridge — 26/4/2026, 5:27:42 pm
📅 Checking since 7/4/2026, 12:09:36 am

🌉 OWU Bridge — 26/4/2026, 5:32:42 pm
📅 Checking since 7/4/2026, 12:09:36 am

🌉 OWU Bridge — 26/4/2026, 5:37:43 pm
📅 Checking since 7/4/2026, 12:09:36 am

🌉 OWU Bridge — 26/4/2026, 5:42:43 pm
📅 Checking since 7/4/2026, 12:09:36 am

🌉 OWU Bridge — 26/4/2026, 5:47:43 pm
📅 Checking since 7/4/2026, 12:09:36 am

🌉 OWU Bridge — 26/4/2026, 5:52:44 pm
📅 Checking since 7/4/2026, 12:09:36 am

🌉 OWU Bridge — 26/4/2026, 5:57:44 pm
📅 Checking since 7/4/2026, 12:09:36 am

🌉 OWU Bridge — 26/4/2026, 6:02:44 pm
📅 Checking since 7/4/2026, 12:09:36 am

🌉 OWU Bridge — 26/4/2026, 6:23:30 pm
📅 Checking since 7/4/2026, 12:09:36 am

🌉 OWU Bridge — 26/4/2026, 7:12:00 pm
📅 Checking since 7/4/2026, 12:09:36 am

🌉 OWU Bridge — 26/4/2026, 7:17:01 pm
📅 Checking since 7/4/2026, 12:09:36 am

🌉 OWU Bridge — 26/4/2026, 7:22:01 pm
📅 Checking since 7/4/2026, 12:09:36 am

🌉 OWU Bridge — 26/4/2026, 7:27:01 pm
📅 Checking since 7/4/2026, 12:09:36 am

🌉 OWU Bridge — 26/4/2026, 7:32:02 pm
📅 Checking since 7/4/2026, 12:09:36 am

🌉 OWU Bridge — 26/4/2026, 7:37:02 pm
📅 Checking since 7/4/2026, 12:09:36 am

🌉 OWU Bridge — 26/4/2026, 7:42:02 pm
📅 Checking since 7/4/2026, 12:09:36 am

🌉 OWU Bridge — 26/4/2026, 7:47:03 pm
📅 Checking since 7/4/2026, 12:09:36 am

🌉 OWU Bridge — 26/4/2026, 7:52:03 pm
📅 Checking since 7/4/2026, 12:09:36 am

🌉 OWU Bridge — 26/4/2026, 7:57:03 pm
📅 Checking since 7/4/2026, 12:09:36 am

🌉 OWU Bridge — 26/4/2026, 8:02:04 pm
📅 Checking since 7/4/2026, 12:09:36 am

🌉 OWU Bridge — 26/4/2026, 8:07:04 pm
📅 Checking since 7/4/2026, 12:09:36 am

🌉 OWU Bridge — 26/4/2026, 8:12:04 pm
📅 Checking since 7/4/2026, 12:09:36 am

🌉 OWU Bridge — 26/4/2026, 8:17:05 pm
📅 Checking since 7/4/2026, 12:09:36 am

🌉 OWU Bridge — 26/4/2026, 8:22:05 pm
📅 Checking since 7/4/2026, 12:09:36 am

🌉 OWU Bridge — 26/4/2026, 8:27:05 pm
📅 Checking since 7/4/2026, 12:09:36 am

🌉 OWU Bridge — 26/4/2026, 8:32:05 pm
📅 Checking since 7/4/2026, 12:09:36 am

🌉 OWU Bridge — 26/4/2026, 8:37:06 pm
📅 Checking since 7/4/2026, 12:09:36 am

🌉 OWU Bridge — 26/4/2026, 8:42:11 pm
📅 Checking since 7/4/2026, 12:09:36 am

🌉 OWU Bridge — 26/4/2026, 8:47:12 pm
📅 Checking since 7/4/2026, 12:09:36 am

🌉 OWU Bridge — 26/4/2026, 8:52:12 pm
📅 Checking since 7/4/2026, 12:09:36 am

🌉 OWU Bridge — 26/4/2026, 8:57:12 pm
📅 Checking since 7/4/2026, 12:09:36 am

🌉 OWU Bridge — 26/4/2026, 9:02:12 pm
📅 Checking since 7/4/2026, 12:09:36 am

🌉 OWU Bridge — 26/4/2026, 9:07:13 pm
📅 Checking since 7/4/2026, 12:09:36 am

🌉 OWU Bridge — 26/4/2026, 9:12:13 pm
📅 Checking since 7/4/2026, 12:09:36 am

🌉 OWU Bridge — 26/4/2026, 9:17:13 pm
📅 Checking since 7/4/2026, 12:09:36 am

🌉 OWU Bridge — 26/4/2026, 9:22:13 pm
📅 Checking since 7/4/2026, 12:09:36 am

🌉 OWU Bridge — 26/4/2026, 9:27:14 pm
📅 Checking since 7/4/2026, 12:09:36 am

🌉 OWU Bridge — 26/4/2026, 9:32:14 pm
📅 Checking since 7/4/2026, 12:09:36 am

🌉 OWU Bridge — 26/4/2026, 9:37:14 pm
📅 Checking since 7/4/2026, 12:09:36 am

🌉 OWU Bridge — 26/4/2026, 10:46:21 pm
📅 Checking since 7/4/2026, 12:09:36 am

🌉 OWU Bridge — 27/4/2026, 12:07:33 am
📅 Checking since 7/4/2026, 12:09:36 am

🌉 OWU Bridge — 27/4/2026, 12:14:51 am
📅 Checking since 7/4/2026, 12:09:36 am

🌉 OWU Bridge — 27/4/2026, 12:19:51 am
📅 Checking since 7/4/2026, 12:09:36 am

🌉 OWU Bridge — 27/4/2026, 12:25:09 am
📅 Checking since 7/4/2026, 12:09:36 am

🌉 OWU Bridge — 27/4/2026, 12:30:09 am
📅 Checking since 7/4/2026, 12:09:36 am

🌉 OWU Bridge — 27/4/2026, 12:36:03 am
📅 Checking since 7/4/2026, 12:09:36 am

🌉 OWU Bridge — 27/4/2026, 12:41:04 am
📅 Checking since 7/4/2026, 12:09:36 am

🌉 OWU Bridge — 27/4/2026, 12:46:04 am
📅 Checking since 7/4/2026, 12:09:36 am

🌉 OWU Bridge — 27/4/2026, 12:51:04 am
📅 Checking since 7/4/2026, 12:09:36 am

🌉 OWU Bridge — 27/4/2026, 1:01:13 am
📅 Checking since 7/4/2026, 12:09:36 am

🌉 OWU Bridge — 27/4/2026, 1:06:13 am
📅 Checking since 7/4/2026, 12:09:36 am

🌉 OWU Bridge — 27/4/2026, 1:12:59 am
📅 Checking since 7/4/2026, 12:09:36 am

🌉 OWU Bridge — 27/4/2026, 1:18:04 am
📅 Checking since 7/4/2026, 12:09:36 am

🌉 OWU Bridge — 27/4/2026, 1:23:04 am
📅 Checking since 7/4/2026, 12:09:36 am

🌉 OWU Bridge — 27/4/2026, 1:29:49 am
📅 Checking since 7/4/2026, 12:09:36 am

🌉 OWU Bridge — 27/4/2026, 1:34:49 am
📅 Checking since 7/4/2026, 12:09:36 am

🌉 OWU Bridge — 27/4/2026, 1:39:49 am
📅 Checking since 7/4/2026, 12:09:36 am

🌉 OWU Bridge — 27/4/2026, 1:44:50 am
📅 Checking since 7/4/2026, 12:09:36 am

🌉 OWU Bridge — 27/4/2026, 1:49:50 am
📅 Checking since 7/4/2026, 12:09:36 am

🌉 OWU Bridge — 27/4/2026, 1:54:50 am
📅 Checking since 7/4/2026, 12:09:36 am

🌉 OWU Bridge — 27/4/2026, 1:59:50 am
📅 Checking since 7/4/2026, 12:09:36 am

🌉 OWU Bridge — 27/4/2026, 2:20:16 am
📅 Checking since 7/4/2026, 12:09:36 am

🌉 OWU Bridge — 27/4/2026, 3:12:50 am
📅 Checking since 7/4/2026, 12:09:36 am

🌉 OWU Bridge — 27/4/2026, 3:17:51 am
📅 Checking since 7/4/2026, 12:09:36 am

🌉 OWU Bridge — 27/4/2026, 3:22:51 am
📅 Checking since 7/4/2026, 12:09:36 am

🌉 OWU Bridge — 27/4/2026, 3:27:52 am
📅 Checking since 7/4/2026, 12:09:36 am

🌉 OWU Bridge — 27/4/2026, 3:32:52 am
📅 Checking since 7/4/2026, 12:09:36 am

🌉 OWU Bridge — 27/4/2026, 3:37:52 am
📅 Checking since 7/4/2026, 12:09:36 am

🌉 OWU Bridge — 27/4/2026, 3:42:52 am
📅 Checking since 7/4/2026, 12:09:36 am

🌉 OWU Bridge — 27/4/2026, 3:47:53 am
📅 Checking since 7/4/2026, 12:09:36 am

🌉 OWU Bridge — 27/4/2026, 3:52:53 am
📅 Checking since 7/4/2026, 12:09:36 am

🌉 OWU Bridge — 27/4/2026, 3:57:53 am
📅 Checking since 7/4/2026, 12:09:36 am

🌉 OWU Bridge — 27/4/2026, 4:51:13 am
📅 Checking since 7/4/2026, 12:09:36 am

🌉 OWU Bridge — 27/4/2026, 4:56:13 am
📅 Checking since 7/4/2026, 12:09:36 am

🌉 OWU Bridge — 27/4/2026, 5:37:14 am
📅 Checking since 7/4/2026, 12:09:36 am

🌉 OWU Bridge — 27/4/2026, 7:04:05 am
📅 Checking since 7/4/2026, 12:09:36 am

🌉 OWU Bridge — 27/4/2026, 8:26:14 am
📅 Checking since 7/4/2026, 12:09:36 am

🌉 OWU Bridge — 27/4/2026, 8:31:15 am
📅 Checking since 7/4/2026, 12:09:36 am

🌉 OWU Bridge — 27/4/2026, 8:36:15 am
📅 Checking since 7/4/2026, 12:09:36 am

🌉 OWU Bridge — 27/4/2026, 8:41:15 am
📅 Checking since 7/4/2026, 12:09:36 am

🌉 OWU Bridge — 27/4/2026, 8:46:16 am
📅 Checking since 7/4/2026, 12:09:36 am

🌉 OWU Bridge — 27/4/2026, 9:06:55 am
📅 Checking since 7/4/2026, 12:09:36 am

🌉 OWU Bridge — 27/4/2026, 10:03:50 am
📅 Checking since 7/4/2026, 12:09:36 am

🌉 OWU Bridge — 27/4/2026, 10:25:03 am
📅 Checking since 7/4/2026, 12:09:36 am

🌉 OWU Bridge — 27/4/2026, 10:30:03 am
📅 Checking since 7/4/2026, 12:09:36 am

🌉 OWU Bridge — 27/4/2026, 10:50:27 am
📅 Checking since 7/4/2026, 12:09:36 am

🌉 OWU Bridge — 27/4/2026, 12:30:12 pm
📅 Checking since 7/4/2026, 12:09:36 am

🌉 OWU Bridge — 27/4/2026, 12:35:14 pm
📅 Checking since 7/4/2026, 12:09:36 am

🌉 OWU Bridge — 27/4/2026, 12:40:15 pm
📅 Checking since 7/4/2026, 12:09:36 am

🌉 OWU Bridge — 27/4/2026, 12:45:15 pm
📅 Checking since 7/4/2026, 12:09:36 am

🌉 OWU Bridge — 27/4/2026, 12:50:15 pm
📅 Checking since 7/4/2026, 12:09:36 am

🌉 OWU Bridge — 27/4/2026, 12:55:16 pm
📅 Checking since 7/4/2026, 12:09:36 am

🌉 OWU Bridge — 27/4/2026, 1:00:16 pm
📅 Checking since 7/4/2026, 12:09:36 am

🌉 OWU Bridge — 27/4/2026, 1:05:16 pm
📅 Checking since 7/4/2026, 12:09:36 am

🌉 OWU Bridge — 27/4/2026, 1:10:17 pm
📅 Checking since 7/4/2026, 12:09:36 am

🌉 OWU Bridge — 27/4/2026, 1:15:17 pm
📅 Checking since 7/4/2026, 12:09:36 am

🌉 OWU Bridge — 27/4/2026, 1:20:17 pm
📅 Checking since 7/4/2026, 12:09:36 am

🌉 OWU Bridge — 27/4/2026, 1:25:17 pm
📅 Checking since 7/4/2026, 12:09:36 am

🌉 OWU Bridge — 27/4/2026, 1:30:18 pm
📅 Checking since 7/4/2026, 12:09:36 am

🌉 OWU Bridge — 27/4/2026, 1:35:18 pm
📅 Checking since 7/4/2026, 12:09:36 am

🌉 OWU Bridge — 27/4/2026, 1:40:18 pm
📅 Checking since 7/4/2026, 12:09:36 am

🌉 OWU Bridge — 27/4/2026, 1:45:19 pm
📅 Checking since 7/4/2026, 12:09:36 am

🌉 OWU Bridge — 27/4/2026, 1:50:19 pm
📅 Checking since 7/4/2026, 12:09:36 am

🌉 OWU Bridge — 27/4/2026, 1:55:20 pm
📅 Checking since 7/4/2026, 12:09:36 am

🌉 OWU Bridge — 27/4/2026, 2:00:20 pm
📅 Checking since 7/4/2026, 12:09:36 am

🌉 OWU Bridge — 27/4/2026, 2:05:20 pm
📅 Checking since 7/4/2026, 12:09:36 am

🌉 OWU Bridge — 27/4/2026, 2:25:48 pm
📅 Checking since 7/4/2026, 12:09:36 am

🌉 OWU Bridge — 27/4/2026, 3:19:26 pm
📅 Checking since 7/4/2026, 12:09:36 am

🌉 OWU Bridge — 27/4/2026, 3:24:28 pm
📅 Checking since 7/4/2026, 12:09:36 am

🌉 OWU Bridge — 27/4/2026, 3:29:28 pm
📅 Checking since 7/4/2026, 12:09:36 am

🌉 OWU Bridge — 27/4/2026, 3:34:29 pm
📅 Checking since 7/4/2026, 12:09:36 am

🌉 OWU Bridge — 27/4/2026, 3:39:29 pm
📅 Checking since 7/4/2026, 12:09:36 am

🌉 OWU Bridge — 27/4/2026, 3:44:29 pm
📅 Checking since 7/4/2026, 12:09:36 am

🌉 OWU Bridge — 27/4/2026, 3:49:29 pm
📅 Checking since 7/4/2026, 12:09:36 am

🌉 OWU Bridge — 27/4/2026, 3:54:30 pm
📅 Checking since 7/4/2026, 12:09:36 am

🌉 OWU Bridge — 27/4/2026, 3:59:30 pm
📅 Checking since 7/4/2026, 12:09:36 am

🌉 OWU Bridge — 27/4/2026, 4:04:30 pm
📅 Checking since 7/4/2026, 12:09:36 am

🌉 OWU Bridge — 27/4/2026, 4:54:39 pm
📅 Checking since 7/4/2026, 12:09:36 am

🌉 OWU Bridge — 27/4/2026, 4:59:39 pm
📅 Checking since 7/4/2026, 12:09:36 am

🌉 OWU Bridge — 27/4/2026, 5:04:40 pm
📅 Checking since 7/4/2026, 12:09:36 am

🌉 OWU Bridge — 27/4/2026, 5:09:40 pm
📅 Checking since 7/4/2026, 12:09:36 am

🌉 OWU Bridge — 27/4/2026, 5:14:40 pm
📅 Checking since 7/4/2026, 12:09:36 am

🌉 OWU Bridge — 27/4/2026, 6:38:53 pm
📅 Checking since 7/4/2026, 12:09:36 am

🌉 OWU Bridge — 27/4/2026, 8:11:45 pm
📅 Checking since 7/4/2026, 12:09:36 am

🌉 OWU Bridge — 27/4/2026, 9:02:16 pm
📅 Checking since 7/4/2026, 12:09:36 am

🌉 OWU Bridge — 27/4/2026, 9:07:16 pm
📅 Checking since 7/4/2026, 12:09:36 am

🌉 OWU Bridge — 27/4/2026, 9:12:16 pm
📅 Checking since 7/4/2026, 12:09:36 am

🌉 OWU Bridge — 27/4/2026, 9:17:17 pm
📅 Checking since 7/4/2026, 12:09:36 am

🌉 OWU Bridge — 27/4/2026, 9:22:17 pm
📅 Checking since 7/4/2026, 12:09:36 am

🌉 OWU Bridge — 27/4/2026, 9:27:17 pm
📅 Checking since 7/4/2026, 12:09:36 am

🌉 OWU Bridge — 27/4/2026, 9:32:18 pm
📅 Checking since 7/4/2026, 12:09:36 am

🌉 OWU Bridge — 27/4/2026, 9:37:18 pm
📅 Checking since 7/4/2026, 12:09:36 am

🌉 OWU Bridge — 27/4/2026, 9:42:18 pm
📅 Checking since 7/4/2026, 12:09:36 am

🌉 OWU Bridge — 27/4/2026, 9:47:19 pm
📅 Checking since 7/4/2026, 12:09:36 am

🌉 OWU Bridge — 27/4/2026, 9:52:19 pm
📅 Checking since 7/4/2026, 12:09:36 am

🌉 OWU Bridge — 27/4/2026, 9:57:19 pm
📅 Checking since 7/4/2026, 12:09:36 am

🌉 OWU Bridge — 27/4/2026, 10:02:20 pm
📅 Checking since 7/4/2026, 12:09:36 am

🌉 OWU Bridge — 27/4/2026, 10:07:20 pm
📅 Checking since 7/4/2026, 12:09:36 am

🌉 OWU Bridge — 27/4/2026, 10:12:20 pm
📅 Checking since 7/4/2026, 12:09:36 am

🌉 OWU Bridge — 27/4/2026, 10:19:32 pm
📅 Checking since 7/4/2026, 12:09:36 am

🌉 OWU Bridge — 27/4/2026, 10:24:35 pm
📅 Checking since 7/4/2026, 12:09:36 am

🌉 OWU Bridge — 27/4/2026, 10:46:32 pm
📅 Checking since 7/4/2026, 12:09:36 am

🌉 OWU Bridge — 27/4/2026, 11:17:48 pm
📅 Checking since 7/4/2026, 12:09:36 am

🌉 OWU Bridge — 27/4/2026, 11:23:03 pm
📅 Checking since 7/4/2026, 12:09:36 am

🌉 OWU Bridge — 27/4/2026, 11:28:29 pm
📅 Checking since 7/4/2026, 12:09:36 am

🌉 OWU Bridge — 27/4/2026, 11:33:30 pm
📅 Checking since 7/4/2026, 12:09:36 am

🌉 OWU Bridge — 27/4/2026, 11:38:31 pm
📅 Checking since 7/4/2026, 12:09:36 am

🌉 OWU Bridge — 27/4/2026, 11:43:31 pm
📅 Checking since 7/4/2026, 12:09:36 am

🌉 OWU Bridge — 27/4/2026, 11:48:31 pm
📅 Checking since 7/4/2026, 12:09:36 am

🌉 OWU Bridge — 27/4/2026, 11:53:32 pm
📅 Checking since 7/4/2026, 12:09:36 am

🌉 OWU Bridge — 27/4/2026, 11:58:32 pm
📅 Checking since 7/4/2026, 12:09:36 am

🌉 OWU Bridge — 28/4/2026, 12:03:32 am
📅 Checking since 7/4/2026, 12:09:36 am

🌉 OWU Bridge — 28/4/2026, 12:08:32 am
📅 Checking since 7/4/2026, 12:09:36 am

🌉 OWU Bridge — 28/4/2026, 12:13:33 am
📅 Checking since 7/4/2026, 12:09:36 am

🌉 OWU Bridge — 28/4/2026, 12:18:33 am
📅 Checking since 7/4/2026, 12:09:36 am

🌉 OWU Bridge — 28/4/2026, 12:23:33 am
📅 Checking since 7/4/2026, 12:09:36 am

🌉 OWU Bridge — 28/4/2026, 12:28:34 am
📅 Checking since 7/4/2026, 12:09:36 am

🌉 OWU Bridge — 28/4/2026, 12:33:34 am
📅 Checking since 7/4/2026, 12:09:36 am

🌉 OWU Bridge — 28/4/2026, 12:38:34 am
📅 Checking since 7/4/2026, 12:09:36 am

🌉 OWU Bridge — 28/4/2026, 12:43:35 am
📅 Checking since 7/4/2026, 12:09:36 am

🌉 OWU Bridge — 28/4/2026, 12:48:35 am
📅 Checking since 7/4/2026, 12:09:36 am

🌉 OWU Bridge — 28/4/2026, 12:53:35 am
📅 Checking since 7/4/2026, 12:09:36 am

🌉 OWU Bridge — 28/4/2026, 12:58:36 am
📅 Checking since 7/4/2026, 12:09:36 am

🌉 OWU Bridge — 28/4/2026, 1:03:36 am
📅 Checking since 7/4/2026, 12:09:36 am

🌉 OWU Bridge — 28/4/2026, 1:08:36 am
📅 Checking since 7/4/2026, 12:09:36 am

🌉 OWU Bridge — 28/4/2026, 1:13:37 am
📅 Checking since 7/4/2026, 12:09:36 am

🌉 OWU Bridge — 28/4/2026, 1:18:37 am
📅 Checking since 7/4/2026, 12:09:36 am

🌉 OWU Bridge — 28/4/2026, 1:23:37 am
📅 Checking since 7/4/2026, 12:09:36 am

🌉 OWU Bridge — 28/4/2026, 1:28:38 am
📅 Checking since 7/4/2026, 12:09:36 am

🌉 OWU Bridge — 28/4/2026, 1:33:38 am
📅 Checking since 7/4/2026, 12:09:36 am

🌉 OWU Bridge — 28/4/2026, 1:38:38 am
📅 Checking since 7/4/2026, 12:09:36 am

🌉 OWU Bridge — 28/4/2026, 1:43:39 am
📅 Checking since 7/4/2026, 12:09:36 am

🌉 OWU Bridge — 28/4/2026, 1:48:39 am
📅 Checking since 7/4/2026, 12:09:36 am

🌉 OWU Bridge — 28/4/2026, 1:53:39 am
📅 Checking since 7/4/2026, 12:09:36 am

🌉 OWU Bridge — 28/4/2026, 1:58:40 am
📅 Checking since 7/4/2026, 12:09:36 am

🌉 OWU Bridge — 28/4/2026, 2:03:40 am
📅 Checking since 7/4/2026, 12:09:36 am

🌉 OWU Bridge — 28/4/2026, 2:08:40 am
📅 Checking since 7/4/2026, 12:09:36 am

🌉 OWU Bridge — 28/4/2026, 2:13:41 am
📅 Checking since 7/4/2026, 12:09:36 am

🌉 OWU Bridge — 28/4/2026, 2:18:41 am
📅 Checking since 7/4/2026, 12:09:36 am

🌉 OWU Bridge — 28/4/2026, 2:23:41 am
📅 Checking since 7/4/2026, 12:09:36 am

🌉 OWU Bridge — 28/4/2026, 2:28:42 am
📅 Checking since 7/4/2026, 12:09:36 am

🌉 OWU Bridge — 28/4/2026, 2:33:42 am
📅 Checking since 7/4/2026, 12:09:36 am

🌉 OWU Bridge — 28/4/2026, 2:38:42 am
📅 Checking since 7/4/2026, 12:09:36 am

🌉 OWU Bridge — 28/4/2026, 2:43:42 am
📅 Checking since 7/4/2026, 12:09:36 am

🌉 OWU Bridge — 28/4/2026, 2:48:43 am
📅 Checking since 7/4/2026, 12:09:36 am

🌉 OWU Bridge — 28/4/2026, 2:53:43 am
📅 Checking since 7/4/2026, 12:09:36 am

🌉 OWU Bridge — 28/4/2026, 2:58:43 am
📅 Checking since 7/4/2026, 12:09:36 am

🌉 OWU Bridge — 28/4/2026, 3:03:49 am
📅 Checking since 7/4/2026, 12:09:36 am

🌉 OWU Bridge — 28/4/2026, 3:08:57 am
📅 Checking since 7/4/2026, 12:09:36 am

🌉 OWU Bridge — 28/4/2026, 3:13:59 am
📅 Checking since 7/4/2026, 12:09:36 am

🌉 OWU Bridge — 28/4/2026, 3:19:00 am
📅 Checking since 7/4/2026, 12:09:36 am

🌉 OWU Bridge — 28/4/2026, 4:43:27 am
📅 Checking since 7/4/2026, 12:09:36 am

🌉 OWU Bridge — 28/4/2026, 5:04:22 am
📅 Checking since 7/4/2026, 12:09:36 am

🌉 OWU Bridge — 28/4/2026, 5:09:23 am
📅 Checking since 7/4/2026, 12:09:36 am

🌉 OWU Bridge — 28/4/2026, 6:04:52 am
📅 Checking since 7/4/2026, 12:09:36 am

🌉 OWU Bridge — 28/4/2026, 7:18:32 am
📅 Checking since 7/4/2026, 12:09:36 am

🌉 OWU Bridge — 28/4/2026, 8:52:58 am
📅 Checking since 7/4/2026, 12:09:36 am

🌉 OWU Bridge — 28/4/2026, 8:58:32 am
📅 Checking since 7/4/2026, 12:09:36 am

🌉 OWU Bridge — 28/4/2026, 9:03:32 am
📅 Checking since 7/4/2026, 12:09:36 am

🌉 OWU Bridge — 28/4/2026, 9:08:32 am
📅 Checking since 7/4/2026, 12:09:36 am

🌉 OWU Bridge — 28/4/2026, 9:13:33 am
📅 Checking since 7/4/2026, 12:09:36 am

🌉 OWU Bridge — 28/4/2026, 9:18:33 am
📅 Checking since 7/4/2026, 12:09:36 am

🌉 OWU Bridge — 28/4/2026, 9:23:34 am
📅 Checking since 7/4/2026, 12:09:36 am

🌉 OWU Bridge — 28/4/2026, 9:28:34 am
📅 Checking since 7/4/2026, 12:09:36 am

🌉 OWU Bridge — 28/4/2026, 10:54:32 am
📅 Checking since 7/4/2026, 12:09:36 am

🌉 OWU Bridge — 28/4/2026, 11:18:39 am
📅 Checking since 7/4/2026, 12:09:36 am

🌉 OWU Bridge — 28/4/2026, 11:23:39 am
📅 Checking since 7/4/2026, 12:09:36 am

🌉 OWU Bridge — 28/4/2026, 11:28:39 am
📅 Checking since 7/4/2026, 12:09:36 am

🌉 OWU Bridge — 28/4/2026, 11:33:40 am
📅 Checking since 7/4/2026, 12:09:36 am

🌉 OWU Bridge — 28/4/2026, 11:38:40 am
📅 Checking since 7/4/2026, 12:09:36 am

🌉 OWU Bridge — 28/4/2026, 11:43:40 am
📅 Checking since 7/4/2026, 12:09:36 am

🌉 OWU Bridge — 28/4/2026, 11:48:41 am
📅 Checking since 7/4/2026, 12:09:36 am

🌉 OWU Bridge — 28/4/2026, 11:59:48 am
📅 Checking since 7/4/2026, 12:09:36 am

🌉 OWU Bridge — 28/4/2026, 12:04:48 pm
📅 Checking since 7/4/2026, 12:09:36 am

🌉 OWU Bridge — 28/4/2026, 12:31:15 pm
📅 Checking since 7/4/2026, 12:09:36 am

🌉 OWU Bridge — 28/4/2026, 12:36:15 pm
📅 Checking since 7/4/2026, 12:09:36 am

🌉 OWU Bridge — 28/4/2026, 12:41:16 pm
📅 Checking since 7/4/2026, 12:09:36 am

🌉 OWU Bridge — 28/4/2026, 12:46:16 pm
📅 Checking since 7/4/2026, 12:09:36 am

🌉 OWU Bridge — 28/4/2026, 12:51:16 pm
📅 Checking since 7/4/2026, 12:09:36 am

🌉 OWU Bridge — 28/4/2026, 12:56:17 pm
📅 Checking since 7/4/2026, 12:09:36 am

🌉 OWU Bridge — 28/4/2026, 1:18:39 pm
📅 Checking since 7/4/2026, 12:09:36 am

🌉 OWU Bridge — 28/4/2026, 1:43:20 pm
📅 Checking since 7/4/2026, 12:09:36 am

🌉 OWU Bridge — 28/4/2026, 1:48:20 pm
📅 Checking since 7/4/2026, 12:09:36 am

🌉 OWU Bridge — 28/4/2026, 1:53:20 pm
📅 Checking since 7/4/2026, 12:09:36 am

🌉 OWU Bridge — 28/4/2026, 1:58:21 pm
📅 Checking since 7/4/2026, 12:09:36 am

🌉 OWU Bridge — 28/4/2026, 2:03:21 pm
📅 Checking since 7/4/2026, 12:09:36 am

🌉 OWU Bridge — 28/4/2026, 2:08:21 pm
📅 Checking since 7/4/2026, 12:09:36 am

🌉 OWU Bridge — 28/4/2026, 2:13:22 pm
📅 Checking since 7/4/2026, 12:09:36 am

🌉 OWU Bridge — 28/4/2026, 2:18:22 pm
📅 Checking since 7/4/2026, 12:09:36 am

🌉 OWU Bridge — 28/4/2026, 2:23:22 pm
📅 Checking since 7/4/2026, 12:09:36 am

🌉 OWU Bridge — 28/4/2026, 2:28:23 pm
📅 Checking since 7/4/2026, 12:09:36 am

🌉 OWU Bridge — 28/4/2026, 2:58:46 pm
📅 Checking since 7/4/2026, 12:09:36 am

🌉 OWU Bridge — 28/4/2026, 3:10:46 pm
📅 Checking since 7/4/2026, 12:09:36 am

🌉 OWU Bridge — 28/4/2026, 3:22:38 pm
📅 Checking since 7/4/2026, 12:09:36 am

🌉 OWU Bridge — 28/4/2026, 3:29:55 pm
📅 Checking since 7/4/2026, 12:09:36 am

🌉 OWU Bridge — 28/4/2026, 3:44:45 pm
📅 Checking since 7/4/2026, 12:09:36 am

🌉 OWU Bridge — 28/4/2026, 3:54:44 pm
📅 Checking since 7/4/2026, 12:09:36 am

🌉 OWU Bridge — 28/4/2026, 4:03:57 pm
📅 Checking since 7/4/2026, 12:09:36 am

🌉 OWU Bridge — 28/4/2026, 4:10:21 pm
📅 Checking since 7/4/2026, 12:09:36 am

🌉 OWU Bridge — 28/4/2026, 5:28:29 pm
📅 Checking since 7/4/2026, 12:09:36 am

🌉 OWU Bridge — 28/4/2026, 5:54:30 pm
📅 Checking since 7/4/2026, 12:09:36 am

🌉 OWU Bridge — 28/4/2026, 5:59:30 pm
📅 Checking since 7/4/2026, 12:09:36 am

🌉 OWU Bridge — 28/4/2026, 6:04:31 pm
📅 Checking since 7/4/2026, 12:09:36 am

🌉 OWU Bridge — 28/4/2026, 6:09:31 pm
📅 Checking since 7/4/2026, 12:09:36 am

🌉 OWU Bridge — 28/4/2026, 6:14:31 pm
📅 Checking since 7/4/2026, 12:09:36 am

🌉 OWU Bridge — 28/4/2026, 6:19:32 pm
📅 Checking since 7/4/2026, 12:09:36 am

🌉 OWU Bridge — 28/4/2026, 6:24:32 pm
📅 Checking since 7/4/2026, 12:09:36 am

🌉 OWU Bridge — 28/4/2026, 6:30:12 pm
📅 Checking since 7/4/2026, 12:09:36 am

🌉 OWU Bridge — 28/4/2026, 8:09:47 pm
📅 Checking since 7/4/2026, 12:09:36 am

🌉 OWU Bridge — 28/4/2026, 8:15:38 pm
📅 Checking since 7/4/2026, 12:09:36 am

🌉 OWU Bridge — 28/4/2026, 8:20:38 pm
📅 Checking since 7/4/2026, 12:09:36 am

🌉 OWU Bridge — 28/4/2026, 8:25:39 pm
📅 Checking since 7/4/2026, 12:09:36 am

🌉 OWU Bridge — 28/4/2026, 8:30:39 pm
📅 Checking since 7/4/2026, 12:09:36 am

🌉 OWU Bridge — 28/4/2026, 8:35:39 pm
📅 Checking since 7/4/2026, 12:09:36 am

🌉 OWU Bridge — 28/4/2026, 8:40:40 pm
📅 Checking since 7/4/2026, 12:09:36 am

🌉 OWU Bridge — 28/4/2026, 8:45:40 pm
📅 Checking since 7/4/2026, 12:09:36 am

🌉 OWU Bridge — 28/4/2026, 8:50:40 pm
📅 Checking since 7/4/2026, 12:09:36 am

🌉 OWU Bridge — 28/4/2026, 8:55:41 pm
📅 Checking since 7/4/2026, 12:09:36 am

🌉 OWU Bridge — 28/4/2026, 9:00:41 pm
📅 Checking since 7/4/2026, 12:09:36 am

🌉 OWU Bridge — 28/4/2026, 9:05:41 pm
📅 Checking since 7/4/2026, 12:09:36 am

🌉 OWU Bridge — 28/4/2026, 10:28:24 pm
📅 Checking since 7/4/2026, 12:09:36 am

🌉 OWU Bridge — 28/4/2026, 11:39:35 pm
📅 Checking since 7/4/2026, 12:09:36 am

🌉 OWU Bridge — 29/4/2026, 12:19:22 am
📅 Checking since 7/4/2026, 12:09:36 am

🌉 OWU Bridge — 29/4/2026, 12:37:35 am
📅 Checking since 7/4/2026, 12:09:36 am

🌉 OWU Bridge — 29/4/2026, 12:42:35 am
📅 Checking since 7/4/2026, 12:09:36 am

🌉 OWU Bridge — 29/4/2026, 12:47:36 am
📅 Checking since 7/4/2026, 12:09:36 am

🌉 OWU Bridge — 29/4/2026, 12:52:36 am
📅 Checking since 7/4/2026, 12:09:36 am

🌉 OWU Bridge — 29/4/2026, 12:57:36 am
📅 Checking since 7/4/2026, 12:09:36 am

🌉 OWU Bridge — 29/4/2026, 1:02:37 am
📅 Checking since 7/4/2026, 12:09:36 am

🌉 OWU Bridge — 29/4/2026, 1:07:37 am
📅 Checking since 7/4/2026, 12:09:36 am

🌉 OWU Bridge — 29/4/2026, 1:12:37 am
📅 Checking since 7/4/2026, 12:09:36 am

🌉 OWU Bridge — 29/4/2026, 1:17:38 am
📅 Checking since 7/4/2026, 12:09:36 am

🌉 OWU Bridge — 29/4/2026, 1:22:38 am
📅 Checking since 7/4/2026, 12:09:36 am

🌉 OWU Bridge — 29/4/2026, 3:05:06 am
📅 Checking since 7/4/2026, 12:09:36 am

🌉 OWU Bridge — 29/4/2026, 4:36:13 am
📅 Checking since 7/4/2026, 12:09:36 am

🌉 OWU Bridge — 29/4/2026, 5:14:23 am
📅 Checking since 7/4/2026, 12:09:36 am

🌉 OWU Bridge — 29/4/2026, 5:29:15 am
📅 Checking since 7/4/2026, 12:09:36 am

🌉 OWU Bridge — 29/4/2026, 5:34:16 am
📅 Checking since 7/4/2026, 12:09:36 am

🌉 OWU Bridge — 29/4/2026, 5:54:21 am
📅 Checking since 7/4/2026, 12:09:36 am

🌉 OWU Bridge — 29/4/2026, 7:34:59 am
📅 Checking since 7/4/2026, 12:09:36 am

🌉 OWU Bridge — 29/4/2026, 8:03:39 am
📅 Checking since 7/4/2026, 12:09:36 am

🌉 OWU Bridge — 29/4/2026, 8:08:40 am
📅 Checking since 7/4/2026, 12:09:36 am

🌉 OWU Bridge — 29/4/2026, 8:13:40 am
📅 Checking since 7/4/2026, 12:09:36 am

🌉 OWU Bridge — 29/4/2026, 8:18:40 am
📅 Checking since 7/4/2026, 12:09:36 am

🌉 OWU Bridge — 29/4/2026, 8:23:41 am
📅 Checking since 7/4/2026, 12:09:36 am

🌉 OWU Bridge — 29/4/2026, 8:28:41 am
📅 Checking since 7/4/2026, 12:09:36 am

🌉 OWU Bridge — 29/4/2026, 8:33:41 am
📅 Checking since 7/4/2026, 12:09:36 am

🌉 OWU Bridge — 29/4/2026, 8:38:42 am
📅 Checking since 7/4/2026, 12:09:36 am

🌉 OWU Bridge — 29/4/2026, 8:43:42 am
📅 Checking since 7/4/2026, 12:09:36 am

🌉 OWU Bridge — 29/4/2026, 8:48:42 am
📅 Checking since 7/4/2026, 12:09:36 am

🌉 OWU Bridge — 29/4/2026, 8:53:42 am
📅 Checking since 7/4/2026, 12:09:36 am

🌉 OWU Bridge — 29/4/2026, 10:00:48 am
📅 Checking since 7/4/2026, 12:09:36 am

🌉 OWU Bridge — 29/4/2026, 10:30:59 am
📅 Checking since 7/4/2026, 12:09:36 am

🌉 OWU Bridge — 29/4/2026, 10:36:00 am
📅 Checking since 7/4/2026, 12:09:36 am

🌉 OWU Bridge — 29/4/2026, 10:50:59 am
📅 Checking since 7/4/2026, 12:09:36 am

🌉 OWU Bridge — 29/4/2026, 10:56:00 am
📅 Checking since 7/4/2026, 12:09:36 am

🌉 OWU Bridge — 29/4/2026, 11:16:25 am
📅 Checking since 7/4/2026, 12:09:36 am

🌉 OWU Bridge — 29/4/2026, 12:01:19 pm
📅 Checking since 7/4/2026, 12:09:36 am

🌉 OWU Bridge — 29/4/2026, 12:06:20 pm
📅 Checking since 7/4/2026, 12:09:36 am

🌉 OWU Bridge — 29/4/2026, 12:11:20 pm
📅 Checking since 7/4/2026, 12:09:36 am

🌉 OWU Bridge — 29/4/2026, 12:16:20 pm
📅 Checking since 7/4/2026, 12:09:36 am

🌉 OWU Bridge — 29/4/2026, 12:21:21 pm
📅 Checking since 7/4/2026, 12:09:36 am

🌉 OWU Bridge — 29/4/2026, 12:26:21 pm
📅 Checking since 7/4/2026, 12:09:36 am

🌉 OWU Bridge — 29/4/2026, 12:31:21 pm
📅 Checking since 7/4/2026, 12:09:36 am

🌉 OWU Bridge — 29/4/2026, 12:36:22 pm
📅 Checking since 7/4/2026, 12:09:36 am

🌉 OWU Bridge — 29/4/2026, 12:41:22 pm
📅 Checking since 7/4/2026, 12:09:36 am

🌉 OWU Bridge — 29/4/2026, 12:46:22 pm
📅 Checking since 7/4/2026, 12:09:36 am

🌉 OWU Bridge — 29/4/2026, 12:51:23 pm
📅 Checking since 7/4/2026, 12:09:36 am

🌉 OWU Bridge — 29/4/2026, 12:56:23 pm
📅 Checking since 7/4/2026, 12:09:36 am

🌉 OWU Bridge — 29/4/2026, 1:01:23 pm
📅 Checking since 7/4/2026, 12:09:36 am

🌉 OWU Bridge — 29/4/2026, 1:06:24 pm
📅 Checking since 7/4/2026, 12:09:36 am

🌉 OWU Bridge — 29/4/2026, 1:11:24 pm
📅 Checking since 7/4/2026, 12:09:36 am

🌉 OWU Bridge — 29/4/2026, 1:16:24 pm
📅 Checking since 7/4/2026, 12:09:36 am

🌉 OWU Bridge — 29/4/2026, 1:21:25 pm
📅 Checking since 7/4/2026, 12:09:36 am

🌉 OWU Bridge — 29/4/2026, 1:26:25 pm
📅 Checking since 7/4/2026, 12:09:36 am

🌉 OWU Bridge — 29/4/2026, 1:31:25 pm
📅 Checking since 7/4/2026, 12:09:36 am

🌉 OWU Bridge — 29/4/2026, 1:36:26 pm
📅 Checking since 7/4/2026, 12:09:36 am

🌉 OWU Bridge — 29/4/2026, 1:41:26 pm
📅 Checking since 7/4/2026, 12:09:36 am

🌉 OWU Bridge — 29/4/2026, 1:46:26 pm
📅 Checking since 7/4/2026, 12:09:36 am

🌉 OWU Bridge — 29/4/2026, 1:51:26 pm
📅 Checking since 7/4/2026, 12:09:36 am

🌉 OWU Bridge — 29/4/2026, 1:56:27 pm
📅 Checking since 7/4/2026, 12:09:36 am

🌉 OWU Bridge — 29/4/2026, 2:01:27 pm
📅 Checking since 7/4/2026, 12:09:36 am

🌉 OWU Bridge — 29/4/2026, 2:06:28 pm
📅 Checking since 7/4/2026, 12:09:36 am

🌉 OWU Bridge — 29/4/2026, 2:11:28 pm
📅 Checking since 7/4/2026, 12:09:36 am

🌉 OWU Bridge — 29/4/2026, 2:16:28 pm
📅 Checking since 7/4/2026, 12:09:36 am

🌉 OWU Bridge — 29/4/2026, 2:21:29 pm
📅 Checking since 7/4/2026, 12:09:36 am

🌉 OWU Bridge — 29/4/2026, 3:28:53 pm
📅 Checking since 7/4/2026, 12:09:36 am

🌉 OWU Bridge — 29/4/2026, 4:52:48 pm
📅 Checking since 7/4/2026, 12:09:36 am

🌉 OWU Bridge — 29/4/2026, 5:35:02 pm
📅 Checking since 7/4/2026, 12:09:36 am

🌉 OWU Bridge — 29/4/2026, 5:40:02 pm
📅 Checking since 7/4/2026, 12:09:36 am

🌉 OWU Bridge — 29/4/2026, 5:45:03 pm
📅 Checking since 7/4/2026, 12:09:36 am

🌉 OWU Bridge — 29/4/2026, 5:50:03 pm
📅 Checking since 7/4/2026, 12:09:36 am

🌉 OWU Bridge — 29/4/2026, 5:55:03 pm
📅 Checking since 7/4/2026, 12:09:36 am

🌉 OWU Bridge — 29/4/2026, 6:00:04 pm
📅 Checking since 7/4/2026, 12:09:36 am

🌉 OWU Bridge — 29/4/2026, 6:05:04 pm
📅 Checking since 7/4/2026, 12:09:36 am

🌉 OWU Bridge — 29/4/2026, 6:10:04 pm
📅 Checking since 7/4/2026, 12:09:36 am

🌉 OWU Bridge — 29/4/2026, 6:15:05 pm
📅 Checking since 7/4/2026, 12:09:36 am

🌉 OWU Bridge — 29/4/2026, 6:20:05 pm
📅 Checking since 7/4/2026, 12:09:36 am

🌉 OWU Bridge — 29/4/2026, 6:25:05 pm
📅 Checking since 7/4/2026, 12:09:36 am

🌉 OWU Bridge — 29/4/2026, 6:30:06 pm
📅 Checking since 7/4/2026, 12:09:36 am

🌉 OWU Bridge — 29/4/2026, 6:35:06 pm
📅 Checking since 7/4/2026, 12:09:36 am

🌉 OWU Bridge — 29/4/2026, 6:40:06 pm
📅 Checking since 7/4/2026, 12:09:36 am

🌉 OWU Bridge — 29/4/2026, 7:49:22 pm
📅 Checking since 7/4/2026, 12:09:36 am

🌉 OWU Bridge — 29/4/2026, 9:26:57 pm
📅 Checking since 7/4/2026, 12:09:36 am

🌉 OWU Bridge — 29/4/2026, 9:43:36 pm
📅 Checking since 7/4/2026, 12:09:36 am

🌉 OWU Bridge — 29/4/2026, 9:48:37 pm
📅 Checking since 7/4/2026, 12:09:36 am

🌉 OWU Bridge — 29/4/2026, 9:53:37 pm
📅 Checking since 7/4/2026, 12:09:36 am

🌉 OWU Bridge — 29/4/2026, 9:58:38 pm
📅 Checking since 7/4/2026, 12:09:36 am

🌉 OWU Bridge — 29/4/2026, 10:03:38 pm
📅 Checking since 7/4/2026, 12:09:36 am

🌉 OWU Bridge — 29/4/2026, 10:08:38 pm
📅 Checking since 7/4/2026, 12:09:36 am

🌉 OWU Bridge — 29/4/2026, 10:13:39 pm
📅 Checking since 7/4/2026, 12:09:36 am

🌉 OWU Bridge — 29/4/2026, 10:19:05 pm
📅 Checking since 7/4/2026, 12:09:36 am

🌉 OWU Bridge — 29/4/2026, 10:24:06 pm
📅 Checking since 7/4/2026, 12:09:36 am

🌉 OWU Bridge — 29/4/2026, 10:29:06 pm
📅 Checking since 7/4/2026, 12:09:36 am

🌉 OWU Bridge — 29/4/2026, 10:34:07 pm
📅 Checking since 7/4/2026, 12:09:36 am

🌉 OWU Bridge — 29/4/2026, 10:39:07 pm
📅 Checking since 7/4/2026, 12:09:36 am

🌉 OWU Bridge — 29/4/2026, 10:44:07 pm
📅 Checking since 7/4/2026, 12:09:36 am

🌉 OWU Bridge — 29/4/2026, 10:49:08 pm
📅 Checking since 7/4/2026, 12:09:36 am

🌉 OWU Bridge — 29/4/2026, 10:54:08 pm
📅 Checking since 7/4/2026, 12:09:36 am

🌉 OWU Bridge — 29/4/2026, 11:12:24 pm
📅 Checking since 7/4/2026, 12:09:36 am

🌉 OWU Bridge — 29/4/2026, 11:17:58 pm
📅 Checking since 7/4/2026, 12:09:36 am

🌉 OWU Bridge — 29/4/2026, 11:25:54 pm
📅 Checking since 7/4/2026, 12:09:36 am

🌉 OWU Bridge — 29/4/2026, 11:34:42 pm
📅 Checking since 7/4/2026, 12:09:36 am

🌉 OWU Bridge — 30/4/2026, 1:21:26 am
📅 Checking since 7/4/2026, 12:09:36 am

🌉 OWU Bridge — 30/4/2026, 1:26:27 am
📅 Checking since 7/4/2026, 12:09:36 am

🌉 OWU Bridge — 30/4/2026, 1:31:27 am
📅 Checking since 7/4/2026, 12:09:36 am

🌉 OWU Bridge — 30/4/2026, 1:36:28 am
📅 Checking since 7/4/2026, 12:09:36 am

🌉 OWU Bridge — 30/4/2026, 1:41:28 am
📅 Checking since 7/4/2026, 12:09:36 am

🌉 OWU Bridge — 30/4/2026, 1:46:28 am
📅 Checking since 7/4/2026, 12:09:36 am

🌉 OWU Bridge — 30/4/2026, 1:51:28 am
📅 Checking since 7/4/2026, 12:09:36 am

🌉 OWU Bridge — 30/4/2026, 1:56:29 am
📅 Checking since 7/4/2026, 12:09:36 am

🌉 OWU Bridge — 30/4/2026, 2:01:29 am
📅 Checking since 7/4/2026, 12:09:36 am

🌉 OWU Bridge — 30/4/2026, 2:06:29 am
📅 Checking since 7/4/2026, 12:09:36 am

🌉 OWU Bridge — 30/4/2026, 2:11:30 am
📅 Checking since 7/4/2026, 12:09:36 am

🌉 OWU Bridge — 30/4/2026, 2:16:30 am
📅 Checking since 7/4/2026, 12:09:36 am

🌉 OWU Bridge — 30/4/2026, 2:21:30 am
📅 Checking since 7/4/2026, 12:09:36 am

🌉 OWU Bridge — 30/4/2026, 2:26:31 am
📅 Checking since 7/4/2026, 12:09:36 am

🌉 OWU Bridge — 30/4/2026, 2:31:31 am
📅 Checking since 7/4/2026, 12:09:36 am

🌉 OWU Bridge — 30/4/2026, 2:36:31 am
📅 Checking since 7/4/2026, 12:09:36 am

🌉 OWU Bridge — 30/4/2026, 3:12:51 am
📅 Checking since 7/4/2026, 12:09:36 am

🌉 OWU Bridge — 30/4/2026, 3:17:51 am
📅 Checking since 7/4/2026, 12:09:36 am

🌉 OWU Bridge — 30/4/2026, 3:22:52 am
📅 Checking since 7/4/2026, 12:09:36 am

🌉 OWU Bridge — 30/4/2026, 3:27:52 am
📅 Checking since 7/4/2026, 12:09:36 am

🌉 OWU Bridge — 30/4/2026, 3:32:52 am
📅 Checking since 7/4/2026, 12:09:36 am

🌉 OWU Bridge — 30/4/2026, 4:52:14 am
📅 Checking since 7/4/2026, 12:09:36 am

🌉 OWU Bridge — 30/4/2026, 6:28:51 am
📅 Checking since 7/4/2026, 12:09:36 am

🌉 OWU Bridge — 30/4/2026, 7:39:00 am
📅 Checking since 7/4/2026, 12:09:36 am

🌉 OWU Bridge — 30/4/2026, 8:22:15 am
📅 Checking since 7/4/2026, 12:09:36 am

🌉 OWU Bridge — 30/4/2026, 8:27:15 am
📅 Checking since 7/4/2026, 12:09:36 am

🌉 OWU Bridge — 30/4/2026, 8:32:16 am
📅 Checking since 7/4/2026, 12:09:36 am

🌉 OWU Bridge — 30/4/2026, 9:23:45 am
📅 Checking since 7/4/2026, 12:09:36 am

🌉 OWU Bridge — 30/4/2026, 10:32:43 am
📅 Checking since 7/4/2026, 12:09:36 am

🌉 OWU Bridge — 30/4/2026, 10:51:49 am
📅 Checking since 7/4/2026, 12:09:36 am

🌉 OWU Bridge — 30/4/2026, 10:56:49 am
📅 Checking since 7/4/2026, 12:09:36 am

🌉 OWU Bridge — 30/4/2026, 12:04:38 pm
📅 Checking since 7/4/2026, 12:09:36 am

🌉 OWU Bridge — 30/4/2026, 1:03:24 pm
📅 Checking since 7/4/2026, 12:09:36 am

🌉 OWU Bridge — 30/4/2026, 1:08:25 pm
📅 Checking since 7/4/2026, 12:09:36 am

🌉 OWU Bridge — 30/4/2026, 1:13:25 pm
📅 Checking since 7/4/2026, 12:09:36 am

🌉 OWU Bridge — 30/4/2026, 1:18:25 pm
📅 Checking since 7/4/2026, 12:09:36 am

🌉 OWU Bridge — 30/4/2026, 1:23:26 pm
📅 Checking since 7/4/2026, 12:09:36 am

🌉 OWU Bridge — 30/4/2026, 1:28:26 pm
📅 Checking since 7/4/2026, 12:09:36 am

🌉 OWU Bridge — 30/4/2026, 1:33:26 pm
📅 Checking since 7/4/2026, 12:09:36 am

🌉 OWU Bridge — 30/4/2026, 1:38:27 pm
📅 Checking since 7/4/2026, 12:09:36 am

🌉 OWU Bridge — 30/4/2026, 1:43:27 pm
📅 Checking since 7/4/2026, 12:09:36 am

🌉 OWU Bridge — 30/4/2026, 1:48:27 pm
📅 Checking since 7/4/2026, 12:09:36 am

🌉 OWU Bridge — 30/4/2026, 2:09:31 pm
📅 Checking since 7/4/2026, 12:09:36 am

🌉 OWU Bridge — 30/4/2026, 3:49:10 pm
📅 Checking since 7/4/2026, 12:09:36 am

🌉 OWU Bridge — 30/4/2026, 5:23:54 pm
📅 Checking since 7/4/2026, 12:09:36 am

🌉 OWU Bridge — 30/4/2026, 6:42:21 pm
📅 Checking since 7/4/2026, 12:09:36 am

🌉 OWU Bridge — 30/4/2026, 7:06:07 pm
📅 Checking since 7/4/2026, 12:09:36 am

🌉 OWU Bridge — 30/4/2026, 7:11:07 pm
📅 Checking since 7/4/2026, 12:09:36 am

🌉 OWU Bridge — 30/4/2026, 8:18:54 pm
📅 Checking since 7/4/2026, 12:09:36 am

🌉 OWU Bridge — 30/4/2026, 9:59:21 pm
📅 Checking since 7/4/2026, 12:09:36 am

🌉 OWU Bridge — 30/4/2026, 10:05:22 pm
📅 Checking since 7/4/2026, 12:09:36 am

🌉 OWU Bridge — 30/4/2026, 10:10:23 pm
📅 Checking since 7/4/2026, 12:09:36 am

🌉 OWU Bridge — 30/4/2026, 10:15:23 pm
📅 Checking since 7/4/2026, 12:09:36 am

🌉 OWU Bridge — 30/4/2026, 10:20:23 pm
📅 Checking since 7/4/2026, 12:09:36 am

🌉 OWU Bridge — 30/4/2026, 10:25:24 pm
📅 Checking since 7/4/2026, 12:09:36 am

🌉 OWU Bridge — 30/4/2026, 10:30:24 pm
📅 Checking since 7/4/2026, 12:09:36 am

🌉 OWU Bridge — 30/4/2026, 10:35:24 pm
📅 Checking since 7/4/2026, 12:09:36 am

🌉 OWU Bridge — 30/4/2026, 10:40:25 pm
📅 Checking since 7/4/2026, 12:09:36 am

🌉 OWU Bridge — 30/4/2026, 10:45:25 pm
📅 Checking since 7/4/2026, 12:09:36 am

🌉 OWU Bridge — 30/4/2026, 10:50:25 pm
📅 Checking since 7/4/2026, 12:09:36 am

🌉 OWU Bridge — 30/4/2026, 10:55:26 pm
📅 Checking since 7/4/2026, 12:09:36 am

🌉 OWU Bridge — 30/4/2026, 11:01:00 pm
📅 Checking since 7/4/2026, 12:09:36 am

🌉 OWU Bridge — 30/4/2026, 11:07:04 pm
📅 Checking since 7/4/2026, 12:09:36 am

🌉 OWU Bridge — 30/4/2026, 11:12:05 pm
📅 Checking since 7/4/2026, 12:09:36 am

🌉 OWU Bridge — 30/4/2026, 11:17:06 pm
📅 Checking since 7/4/2026, 12:09:36 am

🌉 OWU Bridge — 30/4/2026, 11:22:06 pm
📅 Checking since 7/4/2026, 12:09:36 am

🌉 OWU Bridge — 30/4/2026, 11:27:06 pm
📅 Checking since 7/4/2026, 12:09:36 am

🌉 OWU Bridge — 30/4/2026, 11:32:09 pm
📅 Checking since 7/4/2026, 12:09:36 am

🌉 OWU Bridge — 30/4/2026, 11:39:44 pm
📅 Checking since 7/4/2026, 12:09:36 am

🌉 OWU Bridge — 30/4/2026, 11:44:45 pm
📅 Checking since 7/4/2026, 12:09:36 am

🌉 OWU Bridge — 30/4/2026, 11:49:45 pm
📅 Checking since 7/4/2026, 12:09:36 am

🌉 OWU Bridge — 30/4/2026, 11:54:45 pm
📅 Checking since 7/4/2026, 12:09:36 am

🌉 OWU Bridge — 30/4/2026, 11:59:46 pm
📅 Checking since 7/4/2026, 12:09:36 am

🌉 OWU Bridge — 1/5/2026, 12:04:46 am
📅 Checking since 7/4/2026, 12:09:36 am

🌉 OWU Bridge — 1/5/2026, 12:09:46 am
📅 Checking since 7/4/2026, 12:09:36 am

🌉 OWU Bridge — 1/5/2026, 12:14:47 am
📅 Checking since 7/4/2026, 12:09:36 am

🌉 OWU Bridge — 1/5/2026, 12:19:47 am
📅 Checking since 7/4/2026, 12:09:36 am

🌉 OWU Bridge — 1/5/2026, 12:24:47 am
📅 Checking since 7/4/2026, 12:09:36 am

🌉 OWU Bridge — 1/5/2026, 12:29:48 am
📅 Checking since 7/4/2026, 12:09:36 am

🌉 OWU Bridge — 1/5/2026, 12:34:48 am
📅 Checking since 7/4/2026, 12:09:36 am

🌉 OWU Bridge — 1/5/2026, 12:39:48 am
📅 Checking since 7/4/2026, 12:09:36 am

🌉 OWU Bridge — 1/5/2026, 12:45:10 am
📅 Checking since 7/4/2026, 12:09:36 am

🌉 OWU Bridge — 1/5/2026, 12:50:19 am
📅 Checking since 7/4/2026, 12:09:36 am

🌉 OWU Bridge — 1/5/2026, 12:55:20 am
📅 Checking since 7/4/2026, 12:09:36 am

🌉 OWU Bridge — 1/5/2026, 1:00:20 am
📅 Checking since 7/4/2026, 12:09:36 am

🌉 OWU Bridge — 1/5/2026, 1:05:20 am
📅 Checking since 7/4/2026, 12:09:36 am

🌉 OWU Bridge — 1/5/2026, 1:10:20 am
📅 Checking since 7/4/2026, 12:09:36 am

🌉 OWU Bridge — 1/5/2026, 1:15:21 am
📅 Checking since 7/4/2026, 12:09:36 am

🌉 OWU Bridge — 1/5/2026, 1:20:21 am
📅 Checking since 7/4/2026, 12:09:36 am

🌉 OWU Bridge — 1/5/2026, 1:25:22 am
📅 Checking since 7/4/2026, 12:09:36 am

🌉 OWU Bridge — 1/5/2026, 1:30:22 am
📅 Checking since 7/4/2026, 12:09:36 am

🌉 OWU Bridge — 1/5/2026, 1:35:22 am
📅 Checking since 7/4/2026, 12:09:36 am

🌉 OWU Bridge — 1/5/2026, 1:40:22 am
📅 Checking since 7/4/2026, 12:09:36 am

🌉 OWU Bridge — 1/5/2026, 1:45:23 am
📅 Checking since 7/4/2026, 12:09:36 am

🌉 OWU Bridge — 1/5/2026, 1:50:23 am
📅 Checking since 7/4/2026, 12:09:36 am

🌉 OWU Bridge — 1/5/2026, 1:55:23 am
📅 Checking since 7/4/2026, 12:09:36 am

🌉 OWU Bridge — 1/5/2026, 2:00:24 am
📅 Checking since 7/4/2026, 12:09:36 am

🌉 OWU Bridge — 1/5/2026, 2:05:24 am
📅 Checking since 7/4/2026, 12:09:36 am

🌉 OWU Bridge — 1/5/2026, 2:10:24 am
📅 Checking since 7/4/2026, 12:09:36 am

🌉 OWU Bridge — 1/5/2026, 2:50:44 am
📅 Checking since 7/4/2026, 12:09:36 am

🌉 OWU Bridge — 1/5/2026, 4:10:10 am
📅 Checking since 7/4/2026, 12:09:36 am

🌉 OWU Bridge — 1/5/2026, 5:46:19 am
📅 Checking since 7/4/2026, 12:09:36 am

🌉 OWU Bridge — 1/5/2026, 7:02:49 am
📅 Checking since 7/4/2026, 12:09:36 am

🌉 OWU Bridge — 1/5/2026, 8:14:13 am
📅 Checking since 7/4/2026, 12:09:36 am

🌉 OWU Bridge — 1/5/2026, 9:46:03 am
📅 Checking since 7/4/2026, 12:09:36 am

🌉 OWU Bridge — 1/5/2026, 10:34:42 am
📅 Checking since 7/4/2026, 12:09:36 am

🌉 OWU Bridge — 1/5/2026, 10:39:43 am
📅 Checking since 7/4/2026, 12:09:36 am

🌉 OWU Bridge — 1/5/2026, 10:44:43 am
📅 Checking since 7/4/2026, 12:09:36 am

🌉 OWU Bridge — 1/5/2026, 11:53:38 am
📅 Checking since 7/4/2026, 12:09:36 am

🌉 OWU Bridge — 1/5/2026, 12:41:32 pm
📅 Checking since 7/4/2026, 12:09:36 am

🌉 OWU Bridge — 1/5/2026, 2:04:43 pm
📅 Checking since 7/4/2026, 12:09:36 am

🌉 OWU Bridge — 1/5/2026, 2:09:49 pm
📅 Checking since 7/4/2026, 12:09:36 am

🌉 OWU Bridge — 1/5/2026, 2:14:49 pm
📅 Checking since 7/4/2026, 12:09:36 am

🌉 OWU Bridge — 1/5/2026, 2:31:36 pm
📅 Checking since 7/4/2026, 12:09:36 am

🌉 OWU Bridge — 1/5/2026, 2:36:37 pm
📅 Checking since 7/4/2026, 12:09:36 am

🌉 OWU Bridge — 1/5/2026, 2:57:35 pm
📅 Checking since 7/4/2026, 12:09:36 am

🌉 OWU Bridge — 1/5/2026, 3:34:41 pm
📅 Checking since 7/4/2026, 12:09:36 am

🌉 OWU Bridge — 1/5/2026, 3:39:41 pm
📅 Checking since 7/4/2026, 12:09:36 am

🌉 OWU Bridge — 1/5/2026, 3:44:41 pm
📅 Checking since 7/4/2026, 12:09:36 am

🌉 OWU Bridge — 1/5/2026, 3:49:42 pm
📅 Checking since 7/4/2026, 12:09:36 am

🌉 OWU Bridge — 1/5/2026, 3:54:42 pm
📅 Checking since 7/4/2026, 12:09:36 am

🌉 OWU Bridge — 1/5/2026, 3:59:42 pm
📅 Checking since 7/4/2026, 12:09:36 am

🌉 OWU Bridge — 1/5/2026, 4:04:42 pm
📅 Checking since 7/4/2026, 12:09:36 am

🌉 OWU Bridge — 1/5/2026, 4:09:43 pm
📅 Checking since 7/4/2026, 12:09:36 am

🌉 OWU Bridge — 1/5/2026, 5:50:50 pm
📅 Checking since 7/4/2026, 12:09:36 am

🌉 OWU Bridge — 1/5/2026, 6:59:14 pm
📅 Checking since 7/4/2026, 12:09:36 am

🌉 OWU Bridge — 1/5/2026, 7:04:19 pm
📅 Checking since 7/4/2026, 12:09:36 am

🌉 OWU Bridge — 1/5/2026, 7:09:20 pm
📅 Checking since 7/4/2026, 12:09:36 am

🌉 OWU Bridge — 1/5/2026, 7:14:20 pm
📅 Checking since 7/4/2026, 12:09:36 am

🌉 OWU Bridge — 1/5/2026, 7:19:20 pm
📅 Checking since 7/4/2026, 12:09:36 am

🌉 OWU Bridge — 1/5/2026, 7:24:20 pm
📅 Checking since 7/4/2026, 12:09:36 am

🌉 OWU Bridge — 1/5/2026, 7:29:21 pm
📅 Checking since 7/4/2026, 12:09:36 am

🌉 OWU Bridge — 1/5/2026, 7:34:21 pm
📅 Checking since 7/4/2026, 12:09:36 am

🌉 OWU Bridge — 1/5/2026, 7:39:21 pm
📅 Checking since 7/4/2026, 12:09:36 am

🌉 OWU Bridge — 1/5/2026, 7:44:22 pm
📅 Checking since 7/4/2026, 12:09:36 am

🌉 OWU Bridge — 1/5/2026, 7:49:22 pm
📅 Checking since 7/4/2026, 12:09:36 am

🌉 OWU Bridge — 1/5/2026, 7:54:22 pm
📅 Checking since 7/4/2026, 12:09:36 am

🌉 OWU Bridge — 1/5/2026, 7:59:23 pm
📅 Checking since 7/4/2026, 12:09:36 am

🌉 OWU Bridge — 1/5/2026, 8:04:26 pm
📅 Checking since 7/4/2026, 12:09:36 am

🌉 OWU Bridge — 1/5/2026, 8:09:27 pm
📅 Checking since 7/4/2026, 12:09:36 am

🌉 OWU Bridge — 1/5/2026, 8:14:27 pm
📅 Checking since 7/4/2026, 12:09:36 am

🌉 OWU Bridge — 1/5/2026, 8:19:27 pm
📅 Checking since 7/4/2026, 12:09:36 am

🌉 OWU Bridge — 1/5/2026, 8:24:28 pm
📅 Checking since 7/4/2026, 12:09:36 am

🌉 OWU Bridge — 1/5/2026, 8:29:28 pm
📅 Checking since 7/4/2026, 12:09:36 am

🌉 OWU Bridge — 1/5/2026, 8:34:28 pm
📅 Checking since 7/4/2026, 12:09:36 am

🌉 OWU Bridge — 1/5/2026, 8:39:29 pm
📅 Checking since 7/4/2026, 12:09:36 am

🌉 OWU Bridge — 1/5/2026, 8:44:29 pm
📅 Checking since 7/4/2026, 12:09:36 am

🌉 OWU Bridge — 1/5/2026, 8:49:29 pm
📅 Checking since 7/4/2026, 12:09:36 am

🌉 OWU Bridge — 1/5/2026, 8:54:30 pm
📅 Checking since 7/4/2026, 12:09:36 am

🌉 OWU Bridge — 1/5/2026, 8:59:30 pm
📅 Checking since 7/4/2026, 12:09:36 am

🌉 OWU Bridge — 1/5/2026, 9:04:30 pm
📅 Checking since 7/4/2026, 12:09:36 am

🌉 OWU Bridge — 1/5/2026, 9:09:30 pm
📅 Checking since 7/4/2026, 12:09:36 am

🌉 OWU Bridge — 1/5/2026, 9:30:06 pm
📅 Checking since 7/4/2026, 12:09:36 am

🌉 OWU Bridge — 1/5/2026, 10:16:06 pm
📅 Checking since 7/4/2026, 12:09:36 am

🌉 OWU Bridge — 1/5/2026, 10:21:06 pm
📅 Checking since 7/4/2026, 12:09:36 am

🌉 OWU Bridge — 1/5/2026, 10:26:07 pm
📅 Checking since 7/4/2026, 12:09:36 am

🌉 OWU Bridge — 1/5/2026, 10:31:07 pm
📅 Checking since 7/4/2026, 12:09:36 am

🌉 OWU Bridge — 1/5/2026, 10:36:07 pm
📅 Checking since 7/4/2026, 12:09:36 am

🌉 OWU Bridge — 1/5/2026, 10:41:08 pm
📅 Checking since 7/4/2026, 12:09:36 am

🌉 OWU Bridge — 1/5/2026, 10:46:08 pm
📅 Checking since 7/4/2026, 12:09:36 am

🌉 OWU Bridge — 1/5/2026, 10:51:08 pm
📅 Checking since 7/4/2026, 12:09:36 am

🌉 OWU Bridge — 1/5/2026, 10:56:09 pm
📅 Checking since 7/4/2026, 12:09:36 am

🌉 OWU Bridge — 1/5/2026, 11:51:26 pm
📅 Checking since 7/4/2026, 12:09:36 am

🌉 OWU Bridge — 2/5/2026, 12:00:14 am
📅 Checking since 7/4/2026, 12:09:36 am

🌉 OWU Bridge — 2/5/2026, 12:05:14 am
📅 Checking since 7/4/2026, 12:09:36 am

🌉 OWU Bridge — 2/5/2026, 12:10:15 am
📅 Checking since 7/4/2026, 12:09:36 am

🌉 OWU Bridge — 2/5/2026, 12:15:15 am
📅 Checking since 7/4/2026, 12:09:36 am

🌉 OWU Bridge — 2/5/2026, 12:20:16 am
📅 Checking since 7/4/2026, 12:09:36 am

🌉 OWU Bridge — 2/5/2026, 12:25:16 am
📅 Checking since 7/4/2026, 12:09:36 am

🌉 OWU Bridge — 2/5/2026, 12:30:16 am
📅 Checking since 7/4/2026, 12:09:36 am

🌉 OWU Bridge — 2/5/2026, 12:35:17 am
📅 Checking since 7/4/2026, 12:09:36 am

🌉 OWU Bridge — 2/5/2026, 12:40:17 am
📅 Checking since 7/4/2026, 12:09:36 am

🌉 OWU Bridge — 2/5/2026, 12:45:17 am
📅 Checking since 7/4/2026, 12:09:36 am

🌉 OWU Bridge — 2/5/2026, 12:50:18 am
📅 Checking since 7/4/2026, 12:09:36 am

🌉 OWU Bridge — 2/5/2026, 12:55:18 am
📅 Checking since 7/4/2026, 12:09:36 am

🌉 OWU Bridge — 2/5/2026, 1:00:18 am
📅 Checking since 7/4/2026, 12:09:36 am

🌉 OWU Bridge — 2/5/2026, 1:05:19 am
📅 Checking since 7/4/2026, 12:09:36 am

🌉 OWU Bridge — 2/5/2026, 1:10:19 am
📅 Checking since 7/4/2026, 12:09:36 am

🌉 OWU Bridge — 2/5/2026, 1:15:19 am
📅 Checking since 7/4/2026, 12:09:36 am

🌉 OWU Bridge — 2/5/2026, 1:20:20 am
📅 Checking since 7/4/2026, 12:09:36 am

🌉 OWU Bridge — 2/5/2026, 1:25:20 am
📅 Checking since 7/4/2026, 12:09:36 am

🌉 OWU Bridge — 2/5/2026, 1:30:20 am
📅 Checking since 7/4/2026, 12:09:36 am

🌉 OWU Bridge — 2/5/2026, 1:35:20 am
📅 Checking since 7/4/2026, 12:09:36 am

🌉 OWU Bridge — 2/5/2026, 1:40:21 am
📅 Checking since 7/4/2026, 12:09:36 am

🌉 OWU Bridge — 2/5/2026, 1:45:21 am
📅 Checking since 7/4/2026, 12:09:36 am

🌉 OWU Bridge — 2/5/2026, 1:50:21 am
📅 Checking since 7/4/2026, 12:09:36 am

🌉 OWU Bridge — 2/5/2026, 1:55:22 am
📅 Checking since 7/4/2026, 12:09:36 am

🌉 OWU Bridge — 2/5/2026, 2:00:22 am
📅 Checking since 7/4/2026, 12:09:36 am

🌉 OWU Bridge — 2/5/2026, 2:05:22 am
📅 Checking since 7/4/2026, 12:09:36 am

🌉 OWU Bridge — 2/5/2026, 2:10:22 am
📅 Checking since 7/4/2026, 12:09:36 am

🌉 OWU Bridge — 2/5/2026, 2:15:23 am
📅 Checking since 7/4/2026, 12:09:36 am

🌉 OWU Bridge — 2/5/2026, 2:20:23 am
📅 Checking since 7/4/2026, 12:09:36 am

🌉 OWU Bridge — 2/5/2026, 2:25:23 am
📅 Checking since 7/4/2026, 12:09:36 am

🌉 OWU Bridge — 2/5/2026, 2:30:24 am
📅 Checking since 7/4/2026, 12:09:36 am

🌉 OWU Bridge — 2/5/2026, 2:35:24 am
📅 Checking since 7/4/2026, 12:09:36 am

🌉 OWU Bridge — 2/5/2026, 2:40:24 am
📅 Checking since 7/4/2026, 12:09:36 am

🌉 OWU Bridge — 2/5/2026, 2:45:25 am
📅 Checking since 7/4/2026, 12:09:36 am

🌉 OWU Bridge — 2/5/2026, 2:50:25 am
📅 Checking since 7/4/2026, 12:09:36 am

🌉 OWU Bridge — 2/5/2026, 2:55:25 am
📅 Checking since 7/4/2026, 12:09:36 am

🌉 OWU Bridge — 2/5/2026, 3:00:31 am
📅 Checking since 7/4/2026, 12:09:36 am

🌉 OWU Bridge — 2/5/2026, 3:05:32 am
📅 Checking since 7/4/2026, 12:09:36 am

🌉 OWU Bridge — 2/5/2026, 3:10:32 am
📅 Checking since 7/4/2026, 12:09:36 am

🌉 OWU Bridge — 2/5/2026, 3:15:33 am
📅 Checking since 7/4/2026, 12:09:36 am

🌉 OWU Bridge — 2/5/2026, 3:20:33 am
📅 Checking since 7/4/2026, 12:09:36 am

🌉 OWU Bridge — 2/5/2026, 3:25:33 am
📅 Checking since 7/4/2026, 12:09:36 am

🌉 OWU Bridge — 2/5/2026, 3:30:33 am
📅 Checking since 7/4/2026, 12:09:36 am

🌉 OWU Bridge — 2/5/2026, 3:35:34 am
📅 Checking since 7/4/2026, 12:09:36 am

🌉 OWU Bridge — 2/5/2026, 3:40:34 am
📅 Checking since 7/4/2026, 12:09:36 am

🌉 OWU Bridge — 2/5/2026, 3:45:34 am
📅 Checking since 7/4/2026, 12:09:36 am

🌉 OWU Bridge — 2/5/2026, 3:50:35 am
📅 Checking since 7/4/2026, 12:09:36 am

🌉 OWU Bridge — 2/5/2026, 3:55:35 am
📅 Checking since 7/4/2026, 12:09:36 am

🌉 OWU Bridge — 2/5/2026, 4:00:35 am
📅 Checking since 7/4/2026, 12:09:36 am

🌉 OWU Bridge — 2/5/2026, 4:05:36 am
📅 Checking since 7/4/2026, 12:09:36 am

🌉 OWU Bridge — 2/5/2026, 4:10:36 am
📅 Checking since 7/4/2026, 12:09:36 am

🌉 OWU Bridge — 2/5/2026, 4:15:36 am
📅 Checking since 7/4/2026, 12:09:36 am

🌉 OWU Bridge — 2/5/2026, 4:20:37 am
📅 Checking since 7/4/2026, 12:09:36 am

🌉 OWU Bridge — 2/5/2026, 4:25:37 am
📅 Checking since 7/4/2026, 12:09:36 am

🌉 OWU Bridge — 2/5/2026, 4:30:37 am
📅 Checking since 7/4/2026, 12:09:36 am

🌉 OWU Bridge — 2/5/2026, 4:35:38 am
📅 Checking since 7/4/2026, 12:09:36 am

🌉 OWU Bridge — 2/5/2026, 4:40:38 am
📅 Checking since 7/4/2026, 12:09:36 am

🌉 OWU Bridge — 2/5/2026, 4:45:38 am
📅 Checking since 7/4/2026, 12:09:36 am

🌉 OWU Bridge — 2/5/2026, 4:50:39 am
📅 Checking since 7/4/2026, 12:09:36 am

🌉 OWU Bridge — 2/5/2026, 4:55:39 am
📅 Checking since 7/4/2026, 12:09:36 am

🌉 OWU Bridge — 2/5/2026, 5:00:39 am
📅 Checking since 7/4/2026, 12:09:36 am

🌉 OWU Bridge — 2/5/2026, 5:05:40 am
📅 Checking since 7/4/2026, 12:09:36 am

🌉 OWU Bridge — 2/5/2026, 5:10:40 am
📅 Checking since 7/4/2026, 12:09:36 am

🌉 OWU Bridge — 2/5/2026, 5:15:40 am
📅 Checking since 7/4/2026, 12:09:36 am

🌉 OWU Bridge — 2/5/2026, 5:20:41 am
📅 Checking since 7/4/2026, 12:09:36 am

🌉 OWU Bridge — 2/5/2026, 5:25:41 am
📅 Checking since 7/4/2026, 12:09:36 am

🌉 OWU Bridge — 2/5/2026, 5:30:41 am
📅 Checking since 7/4/2026, 12:09:36 am

🌉 OWU Bridge — 2/5/2026, 5:35:42 am
📅 Checking since 7/4/2026, 12:09:36 am

🌉 OWU Bridge — 2/5/2026, 5:40:42 am
📅 Checking since 7/4/2026, 12:09:36 am

🌉 OWU Bridge — 2/5/2026, 5:45:42 am
📅 Checking since 7/4/2026, 12:09:36 am

🌉 OWU Bridge — 2/5/2026, 5:50:43 am
📅 Checking since 7/4/2026, 12:09:36 am

🌉 OWU Bridge — 2/5/2026, 5:55:43 am
📅 Checking since 7/4/2026, 12:09:36 am

🌉 OWU Bridge — 2/5/2026, 6:00:43 am
📅 Checking since 7/4/2026, 12:09:36 am

🌉 OWU Bridge — 2/5/2026, 6:05:44 am
📅 Checking since 7/4/2026, 12:09:36 am

🌉 OWU Bridge — 2/5/2026, 6:10:46 am
📅 Checking since 7/4/2026, 12:09:36 am

🌉 OWU Bridge — 2/5/2026, 6:15:46 am
📅 Checking since 7/4/2026, 12:09:36 am

🌉 OWU Bridge — 2/5/2026, 6:20:47 am
📅 Checking since 7/4/2026, 12:09:36 am

🌉 OWU Bridge — 2/5/2026, 6:25:47 am
📅 Checking since 7/4/2026, 12:09:36 am

🌉 OWU Bridge — 2/5/2026, 6:30:47 am
📅 Checking since 7/4/2026, 12:09:36 am

🌉 OWU Bridge — 2/5/2026, 6:35:48 am
📅 Checking since 7/4/2026, 12:09:36 am

🌉 OWU Bridge — 2/5/2026, 6:40:48 am
📅 Checking since 7/4/2026, 12:09:36 am

🌉 OWU Bridge — 2/5/2026, 6:45:48 am
📅 Checking since 7/4/2026, 12:09:36 am

🌉 OWU Bridge — 2/5/2026, 6:50:49 am
📅 Checking since 7/4/2026, 12:09:36 am

🌉 OWU Bridge — 2/5/2026, 6:55:49 am
📅 Checking since 7/4/2026, 12:09:36 am

🌉 OWU Bridge — 2/5/2026, 7:00:49 am
📅 Checking since 7/4/2026, 12:09:36 am

🌉 OWU Bridge — 2/5/2026, 7:05:50 am
📅 Checking since 7/4/2026, 12:09:36 am

🌉 OWU Bridge — 2/5/2026, 7:10:50 am
📅 Checking since 7/4/2026, 12:09:36 am

🌉 OWU Bridge — 2/5/2026, 7:15:50 am
📅 Checking since 7/4/2026, 12:09:36 am

🌉 OWU Bridge — 2/5/2026, 7:20:51 am
📅 Checking since 7/4/2026, 12:09:36 am

🌉 OWU Bridge — 2/5/2026, 7:25:51 am
📅 Checking since 7/4/2026, 12:09:36 am

🌉 OWU Bridge — 2/5/2026, 7:30:51 am
📅 Checking since 7/4/2026, 12:09:36 am

🌉 OWU Bridge — 2/5/2026, 7:35:52 am
📅 Checking since 7/4/2026, 12:09:36 am

🌉 OWU Bridge — 2/5/2026, 7:40:52 am
📅 Checking since 7/4/2026, 12:09:36 am

🌉 OWU Bridge — 2/5/2026, 7:45:52 am
📅 Checking since 7/4/2026, 12:09:36 am

🌉 OWU Bridge — 2/5/2026, 7:50:53 am
📅 Checking since 7/4/2026, 12:09:36 am

🌉 OWU Bridge — 2/5/2026, 7:55:53 am
📅 Checking since 7/4/2026, 12:09:36 am

🌉 OWU Bridge — 2/5/2026, 8:00:53 am
📅 Checking since 7/4/2026, 12:09:36 am

🌉 OWU Bridge — 2/5/2026, 8:05:54 am
📅 Checking since 7/4/2026, 12:09:36 am

🌉 OWU Bridge — 2/5/2026, 8:10:54 am
📅 Checking since 7/4/2026, 12:09:36 am

🌉 OWU Bridge — 2/5/2026, 8:15:54 am
📅 Checking since 7/4/2026, 12:09:36 am

🌉 OWU Bridge — 2/5/2026, 8:20:55 am
📅 Checking since 7/4/2026, 12:09:36 am

🌉 OWU Bridge — 2/5/2026, 8:25:55 am
📅 Checking since 7/4/2026, 12:09:36 am

🌉 OWU Bridge — 2/5/2026, 8:30:55 am
📅 Checking since 7/4/2026, 12:09:36 am

🌉 OWU Bridge — 2/5/2026, 8:35:56 am
📅 Checking since 7/4/2026, 12:09:36 am

🌉 OWU Bridge — 2/5/2026, 8:40:56 am
📅 Checking since 7/4/2026, 12:09:36 am

🌉 OWU Bridge — 2/5/2026, 8:45:56 am
📅 Checking since 7/4/2026, 12:09:36 am

🌉 OWU Bridge — 2/5/2026, 8:50:57 am
📅 Checking since 7/4/2026, 12:09:36 am

🌉 OWU Bridge — 2/5/2026, 8:55:57 am
📅 Checking since 7/4/2026, 12:09:36 am

🌉 OWU Bridge — 2/5/2026, 9:00:57 am
📅 Checking since 7/4/2026, 12:09:36 am

🌉 OWU Bridge — 2/5/2026, 9:05:58 am
📅 Checking since 7/4/2026, 12:09:36 am

🌉 OWU Bridge — 2/5/2026, 9:10:58 am
📅 Checking since 7/4/2026, 12:09:36 am

🌉 OWU Bridge — 2/5/2026, 9:15:58 am
📅 Checking since 7/4/2026, 12:09:36 am

🌉 OWU Bridge — 2/5/2026, 9:20:59 am
📅 Checking since 7/4/2026, 12:09:36 am

🌉 OWU Bridge — 2/5/2026, 9:25:59 am
📅 Checking since 7/4/2026, 12:09:36 am

🌉 OWU Bridge — 2/5/2026, 9:30:59 am
📅 Checking since 7/4/2026, 12:09:36 am

🌉 OWU Bridge — 2/5/2026, 9:36:00 am
📅 Checking since 7/4/2026, 12:09:36 am

🌉 OWU Bridge — 2/5/2026, 9:41:00 am
📅 Checking since 7/4/2026, 12:09:36 am

🌉 OWU Bridge — 2/5/2026, 9:46:00 am
📅 Checking since 7/4/2026, 12:09:36 am

🌉 OWU Bridge — 2/5/2026, 9:51:01 am
📅 Checking since 7/4/2026, 12:09:36 am

🌉 OWU Bridge — 2/5/2026, 9:56:01 am
📅 Checking since 7/4/2026, 12:09:36 am

🌉 OWU Bridge — 2/5/2026, 10:01:01 am
📅 Checking since 7/4/2026, 12:09:36 am

🌉 OWU Bridge — 2/5/2026, 10:06:02 am
📅 Checking since 7/4/2026, 12:09:36 am

🌉 OWU Bridge — 2/5/2026, 10:11:02 am
📅 Checking since 7/4/2026, 12:09:36 am

🌉 OWU Bridge — 2/5/2026, 10:16:02 am
📅 Checking since 7/4/2026, 12:09:36 am

🌉 OWU Bridge — 2/5/2026, 10:21:03 am
📅 Checking since 7/4/2026, 12:09:36 am

🌉 OWU Bridge — 2/5/2026, 10:26:03 am
📅 Checking since 7/4/2026, 12:09:36 am

🌉 OWU Bridge — 2/5/2026, 10:31:03 am
📅 Checking since 7/4/2026, 12:09:36 am

🌉 OWU Bridge — 2/5/2026, 10:36:04 am
📅 Checking since 7/4/2026, 12:09:36 am

🌉 OWU Bridge — 2/5/2026, 10:41:04 am
📅 Checking since 7/4/2026, 12:09:36 am

🌉 OWU Bridge — 2/5/2026, 10:46:04 am
📅 Checking since 7/4/2026, 12:09:36 am

🌉 OWU Bridge — 2/5/2026, 10:51:05 am
📅 Checking since 7/4/2026, 12:09:36 am

🌉 OWU Bridge — 2/5/2026, 10:56:05 am
📅 Checking since 7/4/2026, 12:09:36 am

🌉 OWU Bridge — 2/5/2026, 11:01:05 am
📅 Checking since 7/4/2026, 12:09:36 am

🌉 OWU Bridge — 2/5/2026, 11:06:05 am
📅 Checking since 7/4/2026, 12:09:36 am

🌉 OWU Bridge — 2/5/2026, 11:11:06 am
📅 Checking since 7/4/2026, 12:09:36 am

🌉 OWU Bridge — 2/5/2026, 11:16:06 am
📅 Checking since 7/4/2026, 12:09:36 am

🌉 OWU Bridge — 2/5/2026, 11:21:07 am
📅 Checking since 7/4/2026, 12:09:36 am

🌉 OWU Bridge — 2/5/2026, 11:26:07 am
📅 Checking since 7/4/2026, 12:09:36 am

🌉 OWU Bridge — 2/5/2026, 11:31:07 am
📅 Checking since 7/4/2026, 12:09:36 am

🌉 OWU Bridge — 2/5/2026, 11:36:08 am
📅 Checking since 7/4/2026, 12:09:36 am

🌉 OWU Bridge — 2/5/2026, 11:41:08 am
📅 Checking since 7/4/2026, 12:09:36 am

🌉 OWU Bridge — 2/5/2026, 11:46:08 am
📅 Checking since 7/4/2026, 12:09:36 am

🌉 OWU Bridge — 2/5/2026, 11:51:08 am
📅 Checking since 7/4/2026, 12:09:36 am

🌉 OWU Bridge — 2/5/2026, 11:56:09 am
📅 Checking since 7/4/2026, 12:09:36 am

🌉 OWU Bridge — 2/5/2026, 12:01:09 pm
📅 Checking since 7/4/2026, 12:09:36 am

🌉 OWU Bridge — 2/5/2026, 12:06:09 pm
📅 Checking since 7/4/2026, 12:09:36 am

🌉 OWU Bridge — 2/5/2026, 12:11:10 pm
📅 Checking since 7/4/2026, 12:09:36 am

🌉 OWU Bridge — 2/5/2026, 12:16:10 pm
📅 Checking since 7/4/2026, 12:09:36 am

🌉 OWU Bridge — 2/5/2026, 12:21:10 pm
📅 Checking since 7/4/2026, 12:09:36 am

🌉 OWU Bridge — 2/5/2026, 12:26:11 pm
📅 Checking since 7/4/2026, 12:09:36 am

🌉 OWU Bridge — 2/5/2026, 12:31:11 pm
📅 Checking since 7/4/2026, 12:09:36 am

🌉 OWU Bridge — 2/5/2026, 12:36:11 pm
📅 Checking since 7/4/2026, 12:09:36 am

🌉 OWU Bridge — 2/5/2026, 12:41:12 pm
📅 Checking since 7/4/2026, 12:09:36 am

🌉 OWU Bridge — 2/5/2026, 12:46:12 pm
📅 Checking since 7/4/2026, 12:09:36 am

🌉 OWU Bridge — 2/5/2026, 12:51:12 pm
📅 Checking since 7/4/2026, 12:09:36 am

🌉 OWU Bridge — 2/5/2026, 12:56:13 pm
📅 Checking since 7/4/2026, 12:09:36 am

🌉 OWU Bridge — 2/5/2026, 1:01:13 pm
📅 Checking since 7/4/2026, 12:09:36 am

🌉 OWU Bridge — 2/5/2026, 1:06:13 pm
📅 Checking since 7/4/2026, 12:09:36 am

🌉 OWU Bridge — 2/5/2026, 1:11:14 pm
📅 Checking since 7/4/2026, 12:09:36 am

🌉 OWU Bridge — 2/5/2026, 1:16:14 pm
📅 Checking since 7/4/2026, 12:09:36 am

🌉 OWU Bridge — 2/5/2026, 1:21:14 pm
📅 Checking since 7/4/2026, 12:09:36 am

🌉 OWU Bridge — 2/5/2026, 1:26:14 pm
📅 Checking since 7/4/2026, 12:09:36 am

🌉 OWU Bridge — 2/5/2026, 1:31:15 pm
📅 Checking since 7/4/2026, 12:09:36 am

🌉 OWU Bridge — 2/5/2026, 1:36:15 pm
📅 Checking since 7/4/2026, 12:09:36 am

🌉 OWU Bridge — 2/5/2026, 1:41:16 pm
📅 Checking since 7/4/2026, 12:09:36 am

🌉 OWU Bridge — 2/5/2026, 1:46:16 pm
📅 Checking since 7/4/2026, 12:09:36 am

🌉 OWU Bridge — 2/5/2026, 1:51:16 pm
📅 Checking since 7/4/2026, 12:09:36 am

🌉 OWU Bridge — 2/5/2026, 1:56:17 pm
📅 Checking since 7/4/2026, 12:09:36 am

🌉 OWU Bridge — 2/5/2026, 2:01:17 pm
📅 Checking since 7/4/2026, 12:09:36 am

🌉 OWU Bridge — 2/5/2026, 2:06:17 pm
📅 Checking since 7/4/2026, 12:09:36 am

🌉 OWU Bridge — 2/5/2026, 2:11:17 pm
📅 Checking since 7/4/2026, 12:09:36 am

🌉 OWU Bridge — 2/5/2026, 2:16:18 pm
📅 Checking since 7/4/2026, 12:09:36 am

🌉 OWU Bridge — 2/5/2026, 2:21:18 pm
📅 Checking since 7/4/2026, 12:09:36 am

🌉 OWU Bridge — 2/5/2026, 2:26:18 pm
📅 Checking since 7/4/2026, 12:09:36 am

🌉 OWU Bridge — 2/5/2026, 2:31:19 pm
📅 Checking since 7/4/2026, 12:09:36 am

🌉 OWU Bridge — 2/5/2026, 2:36:19 pm
📅 Checking since 7/4/2026, 12:09:36 am

🌉 OWU Bridge — 2/5/2026, 2:41:19 pm
📅 Checking since 7/4/2026, 12:09:36 am

🌉 OWU Bridge — 2/5/2026, 2:46:20 pm
📅 Checking since 7/4/2026, 12:09:36 am

🌉 OWU Bridge — 2/5/2026, 2:51:20 pm
📅 Checking since 7/4/2026, 12:09:36 am

🌉 OWU Bridge — 2/5/2026, 2:56:20 pm
📅 Checking since 7/4/2026, 12:09:36 am

🌉 OWU Bridge — 2/5/2026, 3:01:21 pm
📅 Checking since 7/4/2026, 12:09:36 am

🌉 OWU Bridge — 2/5/2026, 3:06:21 pm
📅 Checking since 7/4/2026, 12:09:36 am

🌉 OWU Bridge — 2/5/2026, 3:11:21 pm
📅 Checking since 7/4/2026, 12:09:36 am

🌉 OWU Bridge — 2/5/2026, 3:16:21 pm
📅 Checking since 7/4/2026, 12:09:36 am

🌉 OWU Bridge — 2/5/2026, 3:21:22 pm
📅 Checking since 7/4/2026, 12:09:36 am

🌉 OWU Bridge — 2/5/2026, 3:26:22 pm
📅 Checking since 7/4/2026, 12:09:36 am

🌉 OWU Bridge — 2/5/2026, 3:31:22 pm
📅 Checking since 7/4/2026, 12:09:36 am

🌉 OWU Bridge — 2/5/2026, 3:36:23 pm
📅 Checking since 7/4/2026, 12:09:36 am

🌉 OWU Bridge — 2/5/2026, 3:41:23 pm
📅 Checking since 7/4/2026, 12:09:36 am

🌉 OWU Bridge — 2/5/2026, 3:46:23 pm
📅 Checking since 7/4/2026, 12:09:36 am

🌉 OWU Bridge — 2/5/2026, 3:51:24 pm
📅 Checking since 7/4/2026, 12:09:36 am

🌉 OWU Bridge — 2/5/2026, 3:56:24 pm
📅 Checking since 7/4/2026, 12:09:36 am

🌉 OWU Bridge — 2/5/2026, 4:01:24 pm
📅 Checking since 7/4/2026, 12:09:36 am

🌉 OWU Bridge — 2/5/2026, 4:06:24 pm
📅 Checking since 7/4/2026, 12:09:36 am

🌉 OWU Bridge — 2/5/2026, 4:11:25 pm
📅 Checking since 7/4/2026, 12:09:36 am

🌉 OWU Bridge — 2/5/2026, 4:16:25 pm
📅 Checking since 7/4/2026, 12:09:36 am

🌉 OWU Bridge — 2/5/2026, 4:21:25 pm
📅 Checking since 7/4/2026, 12:09:36 am

🌉 OWU Bridge — 2/5/2026, 4:26:26 pm
📅 Checking since 7/4/2026, 12:09:36 am

🌉 OWU Bridge — 2/5/2026, 4:31:26 pm
📅 Checking since 7/4/2026, 12:09:36 am

🌉 OWU Bridge — 2/5/2026, 4:36:26 pm
📅 Checking since 7/4/2026, 12:09:36 am

🌉 OWU Bridge — 2/5/2026, 4:41:27 pm
📅 Checking since 7/4/2026, 12:09:36 am

🌉 OWU Bridge — 2/5/2026, 4:46:27 pm
📅 Checking since 7/4/2026, 12:09:36 am

🌉 OWU Bridge — 2/5/2026, 4:51:27 pm
📅 Checking since 7/4/2026, 12:09:36 am

🌉 OWU Bridge — 2/5/2026, 4:56:28 pm
📅 Checking since 7/4/2026, 12:09:36 am

🌉 OWU Bridge — 2/5/2026, 5:01:28 pm
📅 Checking since 7/4/2026, 12:09:36 am

🌉 OWU Bridge — 2/5/2026, 5:06:28 pm
📅 Checking since 7/4/2026, 12:09:36 am

🌉 OWU Bridge — 2/5/2026, 5:11:29 pm
📅 Checking since 7/4/2026, 12:09:36 am

🌉 OWU Bridge — 2/5/2026, 5:16:29 pm
📅 Checking since 7/4/2026, 12:09:36 am

🌉 OWU Bridge — 2/5/2026, 5:21:29 pm
📅 Checking since 7/4/2026, 12:09:36 am

🌉 OWU Bridge — 2/5/2026, 5:26:30 pm
📅 Checking since 7/4/2026, 12:09:36 am

🌉 OWU Bridge — 2/5/2026, 5:31:30 pm
📅 Checking since 7/4/2026, 12:09:36 am

🌉 OWU Bridge — 2/5/2026, 5:36:30 pm
📅 Checking since 7/4/2026, 12:09:36 am

🌉 OWU Bridge — 2/5/2026, 5:41:31 pm
📅 Checking since 7/4/2026, 12:09:36 am

🌉 OWU Bridge — 2/5/2026, 5:46:31 pm
📅 Checking since 7/4/2026, 12:09:36 am

🌉 OWU Bridge — 2/5/2026, 5:51:31 pm
📅 Checking since 7/4/2026, 12:09:36 am

🌉 OWU Bridge — 2/5/2026, 5:56:32 pm
📅 Checking since 7/4/2026, 12:09:36 am

🌉 OWU Bridge — 2/5/2026, 6:01:32 pm
📅 Checking since 7/4/2026, 12:09:36 am

🌉 OWU Bridge — 2/5/2026, 6:06:32 pm
📅 Checking since 7/4/2026, 12:09:36 am

🌉 OWU Bridge — 2/5/2026, 6:11:32 pm
📅 Checking since 7/4/2026, 12:09:36 am

🌉 OWU Bridge — 2/5/2026, 6:16:33 pm
📅 Checking since 7/4/2026, 12:09:36 am

🌉 OWU Bridge — 2/5/2026, 6:21:33 pm
📅 Checking since 7/4/2026, 12:09:36 am

🌉 OWU Bridge — 2/5/2026, 6:26:33 pm
📅 Checking since 7/4/2026, 12:09:36 am

🌉 OWU Bridge — 2/5/2026, 6:31:34 pm
📅 Checking since 7/4/2026, 12:09:36 am

🌉 OWU Bridge — 2/5/2026, 6:36:34 pm
📅 Checking since 7/4/2026, 12:09:36 am

🌉 OWU Bridge — 2/5/2026, 6:41:34 pm
📅 Checking since 7/4/2026, 12:09:36 am

🌉 OWU Bridge — 2/5/2026, 6:46:35 pm
📅 Checking since 7/4/2026, 12:09:36 am

🌉 OWU Bridge — 2/5/2026, 6:51:35 pm
📅 Checking since 7/4/2026, 12:09:36 am

🌉 OWU Bridge — 2/5/2026, 6:56:36 pm
📅 Checking since 7/4/2026, 12:09:36 am

🌉 OWU Bridge — 2/5/2026, 7:01:36 pm
📅 Checking since 7/4/2026, 12:09:36 am

🌉 OWU Bridge — 2/5/2026, 7:06:36 pm
📅 Checking since 7/4/2026, 12:09:36 am

🌉 OWU Bridge — 2/5/2026, 7:11:36 pm
📅 Checking since 7/4/2026, 12:09:36 am

🌉 OWU Bridge — 2/5/2026, 7:16:37 pm
📅 Checking since 7/4/2026, 12:09:36 am

🌉 OWU Bridge — 2/5/2026, 7:21:37 pm
📅 Checking since 7/4/2026, 12:09:36 am

🌉 OWU Bridge — 2/5/2026, 7:26:38 pm
📅 Checking since 7/4/2026, 12:09:36 am

🌉 OWU Bridge — 2/5/2026, 7:31:38 pm
📅 Checking since 7/4/2026, 12:09:36 am

🌉 OWU Bridge — 2/5/2026, 7:36:38 pm
📅 Checking since 7/4/2026, 12:09:36 am

🌉 OWU Bridge — 2/5/2026, 7:41:39 pm
📅 Checking since 7/4/2026, 12:09:36 am

🌉 OWU Bridge — 2/5/2026, 7:46:39 pm
📅 Checking since 7/4/2026, 12:09:36 am

🌉 OWU Bridge — 2/5/2026, 7:51:39 pm
📅 Checking since 7/4/2026, 12:09:36 am

🌉 OWU Bridge — 2/5/2026, 7:56:40 pm
📅 Checking since 7/4/2026, 12:09:36 am

🌉 OWU Bridge — 2/5/2026, 8:01:40 pm
📅 Checking since 7/4/2026, 12:09:36 am

🌉 OWU Bridge — 2/5/2026, 8:06:40 pm
📅 Checking since 7/4/2026, 12:09:36 am

🌉 OWU Bridge — 2/5/2026, 8:11:41 pm
📅 Checking since 7/4/2026, 12:09:36 am

🌉 OWU Bridge — 2/5/2026, 8:16:41 pm
📅 Checking since 7/4/2026, 12:09:36 am

🌉 OWU Bridge — 2/5/2026, 8:21:41 pm
📅 Checking since 7/4/2026, 12:09:36 am

🌉 OWU Bridge — 2/5/2026, 8:26:42 pm
📅 Checking since 7/4/2026, 12:09:36 am

🌉 OWU Bridge — 2/5/2026, 8:31:42 pm
📅 Checking since 7/4/2026, 12:09:36 am

🌉 OWU Bridge — 2/5/2026, 8:36:42 pm
📅 Checking since 7/4/2026, 12:09:36 am

🌉 OWU Bridge — 2/5/2026, 8:41:43 pm
📅 Checking since 7/4/2026, 12:09:36 am

🌉 OWU Bridge — 2/5/2026, 8:46:43 pm
📅 Checking since 7/4/2026, 12:09:36 am

🌉 OWU Bridge — 2/5/2026, 8:51:44 pm
📅 Checking since 7/4/2026, 12:09:36 am

🌉 OWU Bridge — 2/5/2026, 8:56:44 pm
📅 Checking since 7/4/2026, 12:09:36 am

🌉 OWU Bridge — 2/5/2026, 9:01:44 pm
📅 Checking since 7/4/2026, 12:09:36 am

🌉 OWU Bridge — 2/5/2026, 9:06:45 pm
📅 Checking since 7/4/2026, 12:09:36 am

🌉 OWU Bridge — 2/5/2026, 9:11:45 pm
📅 Checking since 7/4/2026, 12:09:36 am

🌉 OWU Bridge — 2/5/2026, 9:16:45 pm
📅 Checking since 7/4/2026, 12:09:36 am

🌉 OWU Bridge — 2/5/2026, 9:21:46 pm
📅 Checking since 7/4/2026, 12:09:36 am

🌉 OWU Bridge — 2/5/2026, 9:26:46 pm
📅 Checking since 7/4/2026, 12:09:36 am

🌉 OWU Bridge — 2/5/2026, 9:31:46 pm
📅 Checking since 7/4/2026, 12:09:36 am

🌉 OWU Bridge — 2/5/2026, 9:36:47 pm
📅 Checking since 7/4/2026, 12:09:36 am

🌉 OWU Bridge — 2/5/2026, 9:41:47 pm
📅 Checking since 7/4/2026, 12:09:36 am

🌉 OWU Bridge — 2/5/2026, 9:46:47 pm
📅 Checking since 7/4/2026, 12:09:36 am

🌉 OWU Bridge — 2/5/2026, 9:51:48 pm
📅 Checking since 7/4/2026, 12:09:36 am

🌉 OWU Bridge — 2/5/2026, 9:56:48 pm
📅 Checking since 7/4/2026, 12:09:36 am

🌉 OWU Bridge — 2/5/2026, 10:01:48 pm
📅 Checking since 7/4/2026, 12:09:36 am

🌉 OWU Bridge — 2/5/2026, 10:06:49 pm
📅 Checking since 7/4/2026, 12:09:36 am

🌉 OWU Bridge — 2/5/2026, 10:11:49 pm
📅 Checking since 7/4/2026, 12:09:36 am

🌉 OWU Bridge — 2/5/2026, 10:16:50 pm
📅 Checking since 7/4/2026, 12:09:36 am

🌉 OWU Bridge — 2/5/2026, 10:21:50 pm
📅 Checking since 7/4/2026, 12:09:36 am

🌉 OWU Bridge — 2/5/2026, 10:26:50 pm
📅 Checking since 7/4/2026, 12:09:36 am

🌉 OWU Bridge — 2/5/2026, 10:31:50 pm
📅 Checking since 7/4/2026, 12:09:36 am

🌉 OWU Bridge — 2/5/2026, 10:36:51 pm
📅 Checking since 7/4/2026, 12:09:36 am

🌉 OWU Bridge — 2/5/2026, 10:41:51 pm
📅 Checking since 7/4/2026, 12:09:36 am

🌉 OWU Bridge — 2/5/2026, 10:46:51 pm
📅 Checking since 7/4/2026, 12:09:36 am

🌉 OWU Bridge — 2/5/2026, 10:51:52 pm
📅 Checking since 7/4/2026, 12:09:36 am

🌉 OWU Bridge — 2/5/2026, 10:56:53 pm
📅 Checking since 7/4/2026, 12:09:36 am

🌉 OWU Bridge — 2/5/2026, 11:01:54 pm
📅 Checking since 7/4/2026, 12:09:36 am

🌉 OWU Bridge — 2/5/2026, 11:07:06 pm
📅 Checking since 7/4/2026, 12:09:36 am

🌉 OWU Bridge — 2/5/2026, 11:12:08 pm
📅 Checking since 7/4/2026, 12:09:36 am

🌉 OWU Bridge — 2/5/2026, 11:17:09 pm
📅 Checking since 7/4/2026, 12:09:36 am

🌉 OWU Bridge — 2/5/2026, 11:22:09 pm
📅 Checking since 7/4/2026, 12:09:36 am

🌉 OWU Bridge — 2/5/2026, 11:27:09 pm
📅 Checking since 7/4/2026, 12:09:36 am

🌉 OWU Bridge — 2/5/2026, 11:32:45 pm
📅 Checking since 7/4/2026, 12:09:36 am

🌉 OWU Bridge — 2/5/2026, 11:38:32 pm
📅 Checking since 7/4/2026, 12:09:36 am

🌉 OWU Bridge — 2/5/2026, 11:43:32 pm
📅 Checking since 7/4/2026, 12:09:36 am

🌉 OWU Bridge — 2/5/2026, 11:48:32 pm
📅 Checking since 7/4/2026, 12:09:36 am

🌉 OWU Bridge — 2/5/2026, 11:53:32 pm
📅 Checking since 7/4/2026, 12:09:36 am

🌉 OWU Bridge — 2/5/2026, 11:58:33 pm
📅 Checking since 7/4/2026, 12:09:36 am

🌉 OWU Bridge — 3/5/2026, 12:03:33 am
📅 Checking since 7/4/2026, 12:09:36 am

🌉 OWU Bridge — 3/5/2026, 12:08:33 am
📅 Checking since 7/4/2026, 12:09:36 am

🌉 OWU Bridge — 3/5/2026, 12:13:34 am
📅 Checking since 7/4/2026, 12:09:36 am

🌉 OWU Bridge — 3/5/2026, 12:18:34 am
📅 Checking since 7/4/2026, 12:09:36 am

🌉 OWU Bridge — 3/5/2026, 12:23:34 am
📅 Checking since 7/4/2026, 12:09:36 am

🌉 OWU Bridge — 3/5/2026, 12:28:34 am
📅 Checking since 7/4/2026, 12:09:36 am

🌉 OWU Bridge — 3/5/2026, 12:33:34 am
📅 Checking since 7/4/2026, 12:09:36 am

🌉 OWU Bridge — 3/5/2026, 12:38:35 am
📅 Checking since 7/4/2026, 12:09:36 am

🌉 OWU Bridge — 3/5/2026, 12:43:35 am
📅 Checking since 7/4/2026, 12:09:36 am

🌉 OWU Bridge — 3/5/2026, 12:48:35 am
📅 Checking since 7/4/2026, 12:09:36 am

🌉 OWU Bridge — 3/5/2026, 12:53:35 am
📅 Checking since 7/4/2026, 12:09:36 am

🌉 OWU Bridge — 3/5/2026, 12:58:35 am
📅 Checking since 7/4/2026, 12:09:36 am

🌉 OWU Bridge — 3/5/2026, 1:03:36 am
📅 Checking since 7/4/2026, 12:09:36 am

🌉 OWU Bridge — 3/5/2026, 1:08:36 am
📅 Checking since 7/4/2026, 12:09:36 am

🌉 OWU Bridge — 3/5/2026, 1:13:36 am
📅 Checking since 7/4/2026, 12:09:36 am

🌉 OWU Bridge — 3/5/2026, 1:18:36 am
📅 Checking since 7/4/2026, 12:09:36 am

🌉 OWU Bridge — 3/5/2026, 1:23:37 am
📅 Checking since 7/4/2026, 12:09:36 am

🌉 OWU Bridge — 3/5/2026, 1:28:37 am
📅 Checking since 7/4/2026, 12:09:36 am

🌉 OWU Bridge — 3/5/2026, 1:33:37 am
📅 Checking since 7/4/2026, 12:09:36 am

🌉 OWU Bridge — 3/5/2026, 1:38:38 am
📅 Checking since 7/4/2026, 12:09:36 am

🌉 OWU Bridge — 3/5/2026, 1:43:38 am
📅 Checking since 7/4/2026, 12:09:36 am

🌉 OWU Bridge — 3/5/2026, 1:48:38 am
📅 Checking since 7/4/2026, 12:09:36 am

🌉 OWU Bridge — 3/5/2026, 1:53:39 am
📅 Checking since 7/4/2026, 12:09:36 am

🌉 OWU Bridge — 3/5/2026, 1:58:39 am
📅 Checking since 7/4/2026, 12:09:36 am

🌉 OWU Bridge — 3/5/2026, 2:03:39 am
📅 Checking since 7/4/2026, 12:09:36 am

🌉 OWU Bridge — 3/5/2026, 2:08:40 am
📅 Checking since 7/4/2026, 12:09:36 am

🌉 OWU Bridge — 3/5/2026, 2:13:40 am
📅 Checking since 7/4/2026, 12:09:36 am

🌉 OWU Bridge — 3/5/2026, 2:18:40 am
📅 Checking since 7/4/2026, 12:09:36 am

🌉 OWU Bridge — 3/5/2026, 2:23:40 am
📅 Checking since 7/4/2026, 12:09:36 am

🌉 OWU Bridge — 3/5/2026, 2:28:41 am
📅 Checking since 7/4/2026, 12:09:36 am

🌉 OWU Bridge — 3/5/2026, 2:33:41 am
📅 Checking since 7/4/2026, 12:09:36 am

🌉 OWU Bridge — 3/5/2026, 2:38:41 am
📅 Checking since 7/4/2026, 12:09:36 am

🌉 OWU Bridge — 3/5/2026, 2:43:42 am
📅 Checking since 7/4/2026, 12:09:36 am

🌉 OWU Bridge — 3/5/2026, 2:48:42 am
📅 Checking since 7/4/2026, 12:09:36 am

🌉 OWU Bridge — 3/5/2026, 2:53:42 am
📅 Checking since 7/4/2026, 12:09:36 am

🌉 OWU Bridge — 3/5/2026, 2:58:43 am
📅 Checking since 7/4/2026, 12:09:36 am

🌉 OWU Bridge — 3/5/2026, 3:03:43 am
📅 Checking since 7/4/2026, 12:09:36 am

🌉 OWU Bridge — 3/5/2026, 3:08:44 am
📅 Checking since 7/4/2026, 12:09:36 am

🌉 OWU Bridge — 3/5/2026, 3:13:44 am
📅 Checking since 7/4/2026, 12:09:36 am

🌉 OWU Bridge — 3/5/2026, 3:18:44 am
📅 Checking since 7/4/2026, 12:09:36 am

🌉 OWU Bridge — 3/5/2026, 3:23:44 am
📅 Checking since 7/4/2026, 12:09:36 am

🌉 OWU Bridge — 3/5/2026, 3:28:44 am
📅 Checking since 7/4/2026, 12:09:36 am

🌉 OWU Bridge — 3/5/2026, 3:33:45 am
📅 Checking since 7/4/2026, 12:09:36 am

🌉 OWU Bridge — 3/5/2026, 3:38:45 am
📅 Checking since 7/4/2026, 12:09:36 am

🌉 OWU Bridge — 3/5/2026, 3:43:45 am
📅 Checking since 7/4/2026, 12:09:36 am

🌉 OWU Bridge — 3/5/2026, 3:48:45 am
📅 Checking since 7/4/2026, 12:09:36 am

🌉 OWU Bridge — 3/5/2026, 3:53:45 am
📅 Checking since 7/4/2026, 12:09:36 am

🌉 OWU Bridge — 3/5/2026, 3:58:46 am
📅 Checking since 7/4/2026, 12:09:36 am

🌉 OWU Bridge — 3/5/2026, 4:03:46 am
📅 Checking since 7/4/2026, 12:09:36 am

🌉 OWU Bridge — 3/5/2026, 4:08:46 am
📅 Checking since 7/4/2026, 12:09:36 am

🌉 OWU Bridge — 3/5/2026, 4:13:46 am
📅 Checking since 7/4/2026, 12:09:36 am

🌉 OWU Bridge — 3/5/2026, 4:18:46 am
📅 Checking since 7/4/2026, 12:09:36 am

🌉 OWU Bridge — 3/5/2026, 4:23:47 am
📅 Checking since 7/4/2026, 12:09:36 am

🌉 OWU Bridge — 3/5/2026, 4:28:47 am
📅 Checking since 7/4/2026, 12:09:36 am

🌉 OWU Bridge — 3/5/2026, 4:33:47 am
📅 Checking since 7/4/2026, 12:09:36 am

🌉 OWU Bridge — 3/5/2026, 4:38:47 am
📅 Checking since 7/4/2026, 12:09:36 am

🌉 OWU Bridge — 3/5/2026, 4:43:48 am
📅 Checking since 7/4/2026, 12:09:36 am

🌉 OWU Bridge — 3/5/2026, 4:48:48 am
📅 Checking since 7/4/2026, 12:09:36 am

🌉 OWU Bridge — 3/5/2026, 4:53:48 am
📅 Checking since 7/4/2026, 12:09:36 am

🌉 OWU Bridge — 3/5/2026, 4:58:48 am
📅 Checking since 7/4/2026, 12:09:36 am

🌉 OWU Bridge — 3/5/2026, 5:03:48 am
📅 Checking since 7/4/2026, 12:09:36 am

🌉 OWU Bridge — 3/5/2026, 5:08:49 am
📅 Checking since 7/4/2026, 12:09:36 am

🌉 OWU Bridge — 3/5/2026, 5:13:49 am
📅 Checking since 7/4/2026, 12:09:36 am

🌉 OWU Bridge — 3/5/2026, 5:18:49 am
📅 Checking since 7/4/2026, 12:09:36 am

🌉 OWU Bridge — 3/5/2026, 5:23:49 am
📅 Checking since 7/4/2026, 12:09:36 am

🌉 OWU Bridge — 3/5/2026, 5:28:49 am
📅 Checking since 7/4/2026, 12:09:36 am

🌉 OWU Bridge — 3/5/2026, 5:33:50 am
📅 Checking since 7/4/2026, 12:09:36 am

🌉 OWU Bridge — 3/5/2026, 5:38:50 am
📅 Checking since 7/4/2026, 12:09:36 am

🌉 OWU Bridge — 3/5/2026, 5:43:50 am
📅 Checking since 7/4/2026, 12:09:36 am

🌉 OWU Bridge — 3/5/2026, 5:48:50 am
📅 Checking since 7/4/2026, 12:09:36 am

🌉 OWU Bridge — 3/5/2026, 5:53:51 am
📅 Checking since 7/4/2026, 12:09:36 am

🌉 OWU Bridge — 3/5/2026, 5:58:51 am
📅 Checking since 7/4/2026, 12:09:36 am

🌉 OWU Bridge — 3/5/2026, 6:03:51 am
📅 Checking since 7/4/2026, 12:09:36 am

🌉 OWU Bridge — 3/5/2026, 6:08:52 am
📅 Checking since 7/4/2026, 12:09:36 am

🌉 OWU Bridge — 3/5/2026, 6:13:52 am
📅 Checking since 7/4/2026, 12:09:36 am

🌉 OWU Bridge — 3/5/2026, 6:18:52 am
📅 Checking since 7/4/2026, 12:09:36 am

🌉 OWU Bridge — 3/5/2026, 6:23:52 am
📅 Checking since 7/4/2026, 12:09:36 am

🌉 OWU Bridge — 3/5/2026, 6:28:53 am
📅 Checking since 7/4/2026, 12:09:36 am

🌉 OWU Bridge — 3/5/2026, 6:33:53 am
📅 Checking since 7/4/2026, 12:09:36 am

🌉 OWU Bridge — 3/5/2026, 6:38:53 am
📅 Checking since 7/4/2026, 12:09:36 am

🌉 OWU Bridge — 3/5/2026, 6:43:53 am
📅 Checking since 7/4/2026, 12:09:36 am

🌉 OWU Bridge — 3/5/2026, 6:48:54 am
📅 Checking since 7/4/2026, 12:09:36 am

🌉 OWU Bridge — 3/5/2026, 6:53:54 am
📅 Checking since 7/4/2026, 12:09:36 am

🌉 OWU Bridge — 3/5/2026, 6:58:54 am
📅 Checking since 7/4/2026, 12:09:36 am

🌉 OWU Bridge — 3/5/2026, 7:03:55 am
📅 Checking since 7/4/2026, 12:09:36 am

🌉 OWU Bridge — 3/5/2026, 7:08:55 am
📅 Checking since 7/4/2026, 12:09:36 am

🌉 OWU Bridge — 3/5/2026, 7:13:55 am
📅 Checking since 7/4/2026, 12:09:36 am

🌉 OWU Bridge — 3/5/2026, 7:18:56 am
📅 Checking since 7/4/2026, 12:09:36 am

🌉 OWU Bridge — 3/5/2026, 7:23:56 am
📅 Checking since 7/4/2026, 12:09:36 am

🌉 OWU Bridge — 3/5/2026, 7:28:56 am
📅 Checking since 7/4/2026, 12:09:36 am

🌉 OWU Bridge — 3/5/2026, 7:33:57 am
📅 Checking since 7/4/2026, 12:09:36 am

🌉 OWU Bridge — 3/5/2026, 7:38:57 am
📅 Checking since 7/4/2026, 12:09:36 am

🌉 OWU Bridge — 3/5/2026, 7:43:57 am
📅 Checking since 7/4/2026, 12:09:36 am

🌉 OWU Bridge — 3/5/2026, 7:48:57 am
📅 Checking since 7/4/2026, 12:09:36 am

🌉 OWU Bridge — 3/5/2026, 7:53:58 am
📅 Checking since 7/4/2026, 12:09:36 am

🌉 OWU Bridge — 3/5/2026, 7:58:58 am
📅 Checking since 7/4/2026, 12:09:36 am

🌉 OWU Bridge — 3/5/2026, 8:03:58 am
📅 Checking since 7/4/2026, 12:09:36 am

🌉 OWU Bridge — 3/5/2026, 8:08:59 am
📅 Checking since 7/4/2026, 12:09:36 am

🌉 OWU Bridge — 3/5/2026, 8:13:59 am
📅 Checking since 7/4/2026, 12:09:36 am

🌉 OWU Bridge — 3/5/2026, 8:18:59 am
📅 Checking since 7/4/2026, 12:09:36 am

🌉 OWU Bridge — 3/5/2026, 8:23:59 am
📅 Checking since 7/4/2026, 12:09:36 am

🌉 OWU Bridge — 3/5/2026, 8:29:00 am
📅 Checking since 7/4/2026, 12:09:36 am

🌉 OWU Bridge — 3/5/2026, 8:34:00 am
📅 Checking since 7/4/2026, 12:09:36 am

🌉 OWU Bridge — 3/5/2026, 8:39:00 am
📅 Checking since 7/4/2026, 12:09:36 am

🌉 OWU Bridge — 3/5/2026, 8:44:01 am
📅 Checking since 7/4/2026, 12:09:36 am

🌉 OWU Bridge — 3/5/2026, 8:49:01 am
📅 Checking since 7/4/2026, 12:09:36 am

🌉 OWU Bridge — 3/5/2026, 8:54:01 am
📅 Checking since 7/4/2026, 12:09:36 am

🌉 OWU Bridge — 3/5/2026, 8:59:02 am
📅 Checking since 7/4/2026, 12:09:36 am

🌉 OWU Bridge — 3/5/2026, 9:04:02 am
📅 Checking since 7/4/2026, 12:09:36 am

🌉 OWU Bridge — 3/5/2026, 9:09:02 am
📅 Checking since 7/4/2026, 12:09:36 am

🌉 OWU Bridge — 3/5/2026, 9:14:03 am
📅 Checking since 7/4/2026, 12:09:36 am

🌉 OWU Bridge — 3/5/2026, 9:19:03 am
📅 Checking since 7/4/2026, 12:09:36 am

🌉 OWU Bridge — 3/5/2026, 9:24:03 am
📅 Checking since 7/4/2026, 12:09:36 am

🌉 OWU Bridge — 3/5/2026, 9:29:04 am
📅 Checking since 7/4/2026, 12:09:36 am

🌉 OWU Bridge — 3/5/2026, 9:34:04 am
📅 Checking since 7/4/2026, 12:09:36 am

🌉 OWU Bridge — 3/5/2026, 9:39:04 am
📅 Checking since 7/4/2026, 12:09:36 am

🌉 OWU Bridge — 3/5/2026, 9:44:04 am
📅 Checking since 7/4/2026, 12:09:36 am

🌉 OWU Bridge — 3/5/2026, 9:49:05 am
📅 Checking since 7/4/2026, 12:09:36 am

🌉 OWU Bridge — 3/5/2026, 9:54:05 am
📅 Checking since 7/4/2026, 12:09:36 am

🌉 OWU Bridge — 3/5/2026, 9:59:05 am
📅 Checking since 7/4/2026, 12:09:36 am

🌉 OWU Bridge — 3/5/2026, 10:04:06 am
📅 Checking since 7/4/2026, 12:09:36 am

🌉 OWU Bridge — 3/5/2026, 10:09:06 am
📅 Checking since 7/4/2026, 12:09:36 am

🌉 OWU Bridge — 3/5/2026, 10:14:06 am
📅 Checking since 7/4/2026, 12:09:36 am

🌉 OWU Bridge — 3/5/2026, 10:19:07 am
📅 Checking since 7/4/2026, 12:09:36 am

🌉 OWU Bridge — 3/5/2026, 10:24:07 am
📅 Checking since 7/4/2026, 12:09:36 am

🌉 OWU Bridge — 3/5/2026, 10:29:07 am
📅 Checking since 7/4/2026, 12:09:36 am

🌉 OWU Bridge — 3/5/2026, 10:34:08 am
📅 Checking since 7/4/2026, 12:09:36 am

🌉 OWU Bridge — 3/5/2026, 10:39:08 am
📅 Checking since 7/4/2026, 12:09:36 am

🌉 OWU Bridge — 3/5/2026, 10:44:08 am
📅 Checking since 7/4/2026, 12:09:36 am

🌉 OWU Bridge — 3/5/2026, 10:49:09 am
📅 Checking since 7/4/2026, 12:09:36 am

🌉 OWU Bridge — 3/5/2026, 10:54:09 am
📅 Checking since 7/4/2026, 12:09:36 am

🌉 OWU Bridge — 3/5/2026, 10:59:09 am
📅 Checking since 7/4/2026, 12:09:36 am

🌉 OWU Bridge — 3/5/2026, 11:04:10 am
📅 Checking since 7/4/2026, 12:09:36 am

🌉 OWU Bridge — 3/5/2026, 11:09:10 am
📅 Checking since 7/4/2026, 12:09:36 am

🌉 OWU Bridge — 3/5/2026, 11:14:10 am
📅 Checking since 7/4/2026, 12:09:36 am

🌉 OWU Bridge — 3/5/2026, 11:19:11 am
📅 Checking since 7/4/2026, 12:09:36 am

🌉 OWU Bridge — 3/5/2026, 11:24:11 am
📅 Checking since 7/4/2026, 12:09:36 am

🌉 OWU Bridge — 3/5/2026, 11:29:11 am
📅 Checking since 7/4/2026, 12:09:36 am

🌉 OWU Bridge — 3/5/2026, 11:34:12 am
📅 Checking since 7/4/2026, 12:09:36 am

🌉 OWU Bridge — 3/5/2026, 11:39:12 am
📅 Checking since 7/4/2026, 12:09:36 am

🌉 OWU Bridge — 3/5/2026, 11:44:12 am
📅 Checking since 7/4/2026, 12:09:36 am

🌉 OWU Bridge — 3/5/2026, 11:49:13 am
📅 Checking since 7/4/2026, 12:09:36 am

🌉 OWU Bridge — 3/5/2026, 11:54:13 am
📅 Checking since 7/4/2026, 12:09:36 am

🌉 OWU Bridge — 3/5/2026, 11:59:13 am
📅 Checking since 7/4/2026, 12:09:36 am

🌉 OWU Bridge — 3/5/2026, 12:04:14 pm
📅 Checking since 7/4/2026, 12:09:36 am

🌉 OWU Bridge — 3/5/2026, 12:09:14 pm
📅 Checking since 7/4/2026, 12:09:36 am

🌉 OWU Bridge — 3/5/2026, 12:14:14 pm
📅 Checking since 7/4/2026, 12:09:36 am

🌉 OWU Bridge — 3/5/2026, 12:19:14 pm
📅 Checking since 7/4/2026, 12:09:36 am

🌉 OWU Bridge — 3/5/2026, 12:24:15 pm
📅 Checking since 7/4/2026, 12:09:36 am

🌉 OWU Bridge — 3/5/2026, 12:29:15 pm
📅 Checking since 7/4/2026, 12:09:36 am

🌉 OWU Bridge — 3/5/2026, 12:34:15 pm
📅 Checking since 7/4/2026, 12:09:36 am

🌉 OWU Bridge — 3/5/2026, 12:39:15 pm
📅 Checking since 7/4/2026, 12:09:36 am

🌉 OWU Bridge — 3/5/2026, 12:44:16 pm
📅 Checking since 7/4/2026, 12:09:36 am

🌉 OWU Bridge — 3/5/2026, 12:49:16 pm
📅 Checking since 7/4/2026, 12:09:36 am

🌉 OWU Bridge — 3/5/2026, 12:54:16 pm
📅 Checking since 7/4/2026, 12:09:36 am

🌉 OWU Bridge — 3/5/2026, 12:59:16 pm
📅 Checking since 7/4/2026, 12:09:36 am

🌉 OWU Bridge — 3/5/2026, 1:04:16 pm
📅 Checking since 7/4/2026, 12:09:36 am

🌉 OWU Bridge — 3/5/2026, 1:09:17 pm
📅 Checking since 7/4/2026, 12:09:36 am

🌉 OWU Bridge — 3/5/2026, 1:14:17 pm
📅 Checking since 7/4/2026, 12:09:36 am

🌉 OWU Bridge — 3/5/2026, 1:19:17 pm
📅 Checking since 7/4/2026, 12:09:36 am

🌉 OWU Bridge — 3/5/2026, 1:24:17 pm
📅 Checking since 7/4/2026, 12:09:36 am

🌉 OWU Bridge — 3/5/2026, 1:29:18 pm
📅 Checking since 7/4/2026, 12:09:36 am

🌉 OWU Bridge — 3/5/2026, 1:34:18 pm
📅 Checking since 7/4/2026, 12:09:36 am

🌉 OWU Bridge — 3/5/2026, 1:39:18 pm
📅 Checking since 7/4/2026, 12:09:36 am

🌉 OWU Bridge — 3/5/2026, 1:44:18 pm
📅 Checking since 7/4/2026, 12:09:36 am

🌉 OWU Bridge — 3/5/2026, 1:49:19 pm
📅 Checking since 7/4/2026, 12:09:36 am

🌉 OWU Bridge — 3/5/2026, 1:54:19 pm
📅 Checking since 7/4/2026, 12:09:36 am

🌉 OWU Bridge — 3/5/2026, 1:59:19 pm
📅 Checking since 7/4/2026, 12:09:36 am

🌉 OWU Bridge — 3/5/2026, 2:04:20 pm
📅 Checking since 7/4/2026, 12:09:36 am

🌉 OWU Bridge — 3/5/2026, 2:09:20 pm
📅 Checking since 7/4/2026, 12:09:36 am

🌉 OWU Bridge — 3/5/2026, 2:14:20 pm
📅 Checking since 7/4/2026, 12:09:36 am

🌉 OWU Bridge — 3/5/2026, 2:19:20 pm
📅 Checking since 7/4/2026, 12:09:36 am

🌉 OWU Bridge — 3/5/2026, 2:24:21 pm
📅 Checking since 7/4/2026, 12:09:36 am

🌉 OWU Bridge — 3/5/2026, 2:29:21 pm
📅 Checking since 7/4/2026, 12:09:36 am

🌉 OWU Bridge — 3/5/2026, 2:34:21 pm
📅 Checking since 7/4/2026, 12:09:36 am

🌉 OWU Bridge — 3/5/2026, 2:39:22 pm
📅 Checking since 7/4/2026, 12:09:36 am

🌉 OWU Bridge — 3/5/2026, 2:44:22 pm
📅 Checking since 7/4/2026, 12:09:36 am

🌉 OWU Bridge — 3/5/2026, 2:49:22 pm
📅 Checking since 7/4/2026, 12:09:36 am

🌉 OWU Bridge — 3/5/2026, 2:54:23 pm
📅 Checking since 7/4/2026, 12:09:36 am

🌉 OWU Bridge — 3/5/2026, 2:59:23 pm
📅 Checking since 7/4/2026, 12:09:36 am

🌉 OWU Bridge — 3/5/2026, 3:04:23 pm
📅 Checking since 7/4/2026, 12:09:36 am

🌉 OWU Bridge — 3/5/2026, 3:09:24 pm
📅 Checking since 7/4/2026, 12:09:36 am

🌉 OWU Bridge — 3/5/2026, 3:14:24 pm
📅 Checking since 7/4/2026, 12:09:36 am

🌉 OWU Bridge — 3/5/2026, 3:19:24 pm
📅 Checking since 7/4/2026, 12:09:36 am

🌉 OWU Bridge — 3/5/2026, 3:24:25 pm
📅 Checking since 7/4/2026, 12:09:36 am

🌉 OWU Bridge — 3/5/2026, 3:29:25 pm
📅 Checking since 7/4/2026, 12:09:36 am

🌉 OWU Bridge — 3/5/2026, 3:34:25 pm
📅 Checking since 7/4/2026, 12:09:36 am

🌉 OWU Bridge — 3/5/2026, 3:39:26 pm
📅 Checking since 7/4/2026, 12:09:36 am

🌉 OWU Bridge — 3/5/2026, 3:44:26 pm
📅 Checking since 7/4/2026, 12:09:36 am

🌉 OWU Bridge — 3/5/2026, 3:49:26 pm
📅 Checking since 7/4/2026, 12:09:36 am

🌉 OWU Bridge — 3/5/2026, 3:54:26 pm
📅 Checking since 7/4/2026, 12:09:36 am

🌉 OWU Bridge — 3/5/2026, 3:59:27 pm
📅 Checking since 7/4/2026, 12:09:36 am

🌉 OWU Bridge — 3/5/2026, 4:04:27 pm
📅 Checking since 7/4/2026, 12:09:36 am

🌉 OWU Bridge — 3/5/2026, 4:09:27 pm
📅 Checking since 7/4/2026, 12:09:36 am

🌉 OWU Bridge — 3/5/2026, 4:14:28 pm
📅 Checking since 7/4/2026, 12:09:36 am

🌉 OWU Bridge — 3/5/2026, 4:19:28 pm
📅 Checking since 7/4/2026, 12:09:36 am

🌉 OWU Bridge — 3/5/2026, 4:24:28 pm
📅 Checking since 7/4/2026, 12:09:36 am

🌉 OWU Bridge — 3/5/2026, 4:29:29 pm
📅 Checking since 7/4/2026, 12:09:36 am

🌉 OWU Bridge — 3/5/2026, 4:34:29 pm
📅 Checking since 7/4/2026, 12:09:36 am

🌉 OWU Bridge — 3/5/2026, 4:39:29 pm
📅 Checking since 7/4/2026, 12:09:36 am

🌉 OWU Bridge — 3/5/2026, 4:44:29 pm
📅 Checking since 7/4/2026, 12:09:36 am

🌉 OWU Bridge — 3/5/2026, 4:49:30 pm
📅 Checking since 7/4/2026, 12:09:36 am

🌉 OWU Bridge — 3/5/2026, 4:54:30 pm
📅 Checking since 7/4/2026, 12:09:36 am

🌉 OWU Bridge — 3/5/2026, 4:59:30 pm
📅 Checking since 7/4/2026, 12:09:36 am

🌉 OWU Bridge — 3/5/2026, 5:04:31 pm
📅 Checking since 7/4/2026, 12:09:36 am

🌉 OWU Bridge — 3/5/2026, 5:09:31 pm
📅 Checking since 7/4/2026, 12:09:36 am

🌉 OWU Bridge — 3/5/2026, 5:14:31 pm
📅 Checking since 7/4/2026, 12:09:36 am

🌉 OWU Bridge — 3/5/2026, 5:19:32 pm
📅 Checking since 7/4/2026, 12:09:36 am

🌉 OWU Bridge — 3/5/2026, 5:24:32 pm
📅 Checking since 7/4/2026, 12:09:36 am

🌉 OWU Bridge — 3/5/2026, 5:29:32 pm
📅 Checking since 7/4/2026, 12:09:36 am

🌉 OWU Bridge — 3/5/2026, 5:34:33 pm
📅 Checking since 7/4/2026, 12:09:36 am

🌉 OWU Bridge — 3/5/2026, 5:39:33 pm
📅 Checking since 7/4/2026, 12:09:36 am

🌉 OWU Bridge — 3/5/2026, 5:44:33 pm
📅 Checking since 7/4/2026, 12:09:36 am

🌉 OWU Bridge — 3/5/2026, 5:49:34 pm
📅 Checking since 7/4/2026, 12:09:36 am

🌉 OWU Bridge — 3/5/2026, 5:54:34 pm
📅 Checking since 7/4/2026, 12:09:36 am

🌉 OWU Bridge — 3/5/2026, 5:59:34 pm
📅 Checking since 7/4/2026, 12:09:36 am

🌉 OWU Bridge — 3/5/2026, 6:04:35 pm
📅 Checking since 7/4/2026, 12:09:36 am

🌉 OWU Bridge — 3/5/2026, 6:09:35 pm
📅 Checking since 7/4/2026, 12:09:36 am

🌉 OWU Bridge — 3/5/2026, 6:14:35 pm
📅 Checking since 7/4/2026, 12:09:36 am

🌉 OWU Bridge — 3/5/2026, 6:19:36 pm
📅 Checking since 7/4/2026, 12:09:36 am

🌉 OWU Bridge — 3/5/2026, 6:24:36 pm
📅 Checking since 7/4/2026, 12:09:36 am

🌉 OWU Bridge — 3/5/2026, 6:29:37 pm
📅 Checking since 7/4/2026, 12:09:36 am

🌉 OWU Bridge — 3/5/2026, 6:34:37 pm
📅 Checking since 7/4/2026, 12:09:36 am

🌉 OWU Bridge — 3/5/2026, 6:39:37 pm
📅 Checking since 7/4/2026, 12:09:36 am

🌉 OWU Bridge — 3/5/2026, 6:44:37 pm
📅 Checking since 7/4/2026, 12:09:36 am

🌉 OWU Bridge — 3/5/2026, 6:49:38 pm
📅 Checking since 7/4/2026, 12:09:36 am

🌉 OWU Bridge — 3/5/2026, 6:54:38 pm
📅 Checking since 7/4/2026, 12:09:36 am

🌉 OWU Bridge — 3/5/2026, 6:59:38 pm
📅 Checking since 7/4/2026, 12:09:36 am

🌉 OWU Bridge — 3/5/2026, 7:04:39 pm
📅 Checking since 7/4/2026, 12:09:36 am

🌉 OWU Bridge — 3/5/2026, 7:09:39 pm
📅 Checking since 7/4/2026, 12:09:36 am

🌉 OWU Bridge — 3/5/2026, 7:14:39 pm
📅 Checking since 7/4/2026, 12:09:36 am

🌉 OWU Bridge — 3/5/2026, 7:19:40 pm
📅 Checking since 7/4/2026, 12:09:36 am

🌉 OWU Bridge — 3/5/2026, 7:24:40 pm
📅 Checking since 7/4/2026, 12:09:36 am

🌉 OWU Bridge — 3/5/2026, 7:29:40 pm
📅 Checking since 7/4/2026, 12:09:36 am

🌉 OWU Bridge — 3/5/2026, 7:34:41 pm
📅 Checking since 7/4/2026, 12:09:36 am

🌉 OWU Bridge — 3/5/2026, 7:39:41 pm
📅 Checking since 7/4/2026, 12:09:36 am

🌉 OWU Bridge — 3/5/2026, 7:44:41 pm
📅 Checking since 7/4/2026, 12:09:36 am

🌉 OWU Bridge — 3/5/2026, 7:49:42 pm
📅 Checking since 7/4/2026, 12:09:36 am

🌉 OWU Bridge — 3/5/2026, 7:54:42 pm
📅 Checking since 7/4/2026, 12:09:36 am

🌉 OWU Bridge — 3/5/2026, 7:59:42 pm
📅 Checking since 7/4/2026, 12:09:36 am

🌉 OWU Bridge — 3/5/2026, 8:04:43 pm
📅 Checking since 7/4/2026, 12:09:36 am

🌉 OWU Bridge — 3/5/2026, 8:09:43 pm
📅 Checking since 7/4/2026, 12:09:36 am

🌉 OWU Bridge — 3/5/2026, 8:14:44 pm
📅 Checking since 7/4/2026, 12:09:36 am

🌉 OWU Bridge — 3/5/2026, 8:19:44 pm
📅 Checking since 7/4/2026, 12:09:36 am

🌉 OWU Bridge — 3/5/2026, 8:24:44 pm
📅 Checking since 7/4/2026, 12:09:36 am

🌉 OWU Bridge — 3/5/2026, 8:29:45 pm
📅 Checking since 7/4/2026, 12:09:36 am

🌉 OWU Bridge — 3/5/2026, 8:34:45 pm
📅 Checking since 7/4/2026, 12:09:36 am

🌉 OWU Bridge — 3/5/2026, 8:39:45 pm
📅 Checking since 7/4/2026, 12:09:36 am

🌉 OWU Bridge — 3/5/2026, 8:44:46 pm
📅 Checking since 7/4/2026, 12:09:36 am

🌉 OWU Bridge — 3/5/2026, 8:49:46 pm
📅 Checking since 7/4/2026, 12:09:36 am

🌉 OWU Bridge — 3/5/2026, 8:54:46 pm
📅 Checking since 7/4/2026, 12:09:36 am

🌉 OWU Bridge — 3/5/2026, 8:59:47 pm
📅 Checking since 7/4/2026, 12:09:36 am

🌉 OWU Bridge — 3/5/2026, 9:04:47 pm
📅 Checking since 7/4/2026, 12:09:36 am

🌉 OWU Bridge — 3/5/2026, 9:09:47 pm
📅 Checking since 7/4/2026, 12:09:36 am

🌉 OWU Bridge — 3/5/2026, 9:14:48 pm
📅 Checking since 7/4/2026, 12:09:36 am

🌉 OWU Bridge — 3/5/2026, 9:19:48 pm
📅 Checking since 7/4/2026, 12:09:36 am

🌉 OWU Bridge — 3/5/2026, 9:24:48 pm
📅 Checking since 7/4/2026, 12:09:36 am

🌉 OWU Bridge — 3/5/2026, 9:29:49 pm
📅 Checking since 7/4/2026, 12:09:36 am

🌉 OWU Bridge — 3/5/2026, 9:34:49 pm
📅 Checking since 7/4/2026, 12:09:36 am

🌉 OWU Bridge — 3/5/2026, 9:39:49 pm
📅 Checking since 7/4/2026, 12:09:36 am

🌉 OWU Bridge — 3/5/2026, 9:44:50 pm
📅 Checking since 7/4/2026, 12:09:36 am

🌉 OWU Bridge — 3/5/2026, 9:49:50 pm
📅 Checking since 7/4/2026, 12:09:36 am

🌉 OWU Bridge — 3/5/2026, 9:54:50 pm
📅 Checking since 7/4/2026, 12:09:36 am

🌉 OWU Bridge — 3/5/2026, 9:59:50 pm
📅 Checking since 7/4/2026, 12:09:36 am

🌉 OWU Bridge — 3/5/2026, 10:04:51 pm
📅 Checking since 7/4/2026, 12:09:36 am

🌉 OWU Bridge — 3/5/2026, 10:09:51 pm
📅 Checking since 7/4/2026, 12:09:36 am

🌉 OWU Bridge — 3/5/2026, 10:14:51 pm
📅 Checking since 7/4/2026, 12:09:36 am

🌉 OWU Bridge — 3/5/2026, 10:19:52 pm
📅 Checking since 7/4/2026, 12:09:36 am

🌉 OWU Bridge — 3/5/2026, 10:24:52 pm
📅 Checking since 7/4/2026, 12:09:36 am

🌉 OWU Bridge — 3/5/2026, 10:29:52 pm
📅 Checking since 7/4/2026, 12:09:36 am

🌉 OWU Bridge — 3/5/2026, 10:34:53 pm
📅 Checking since 7/4/2026, 12:09:36 am

🌉 OWU Bridge — 3/5/2026, 10:39:53 pm
📅 Checking since 7/4/2026, 12:09:36 am

🌉 OWU Bridge — 3/5/2026, 10:44:53 pm
📅 Checking since 7/4/2026, 12:09:36 am

🌉 OWU Bridge — 3/5/2026, 10:49:54 pm
📅 Checking since 7/4/2026, 12:09:36 am

🌉 OWU Bridge — 3/5/2026, 10:54:54 pm
📅 Checking since 7/4/2026, 12:09:36 am

🌉 OWU Bridge — 3/5/2026, 10:59:55 pm
📅 Checking since 7/4/2026, 12:09:36 am

🌉 OWU Bridge — 3/5/2026, 11:04:58 pm
📅 Checking since 7/4/2026, 12:09:36 am

🌉 OWU Bridge — 3/5/2026, 11:10:05 pm
📅 Checking since 7/4/2026, 12:09:36 am

🌉 OWU Bridge — 3/5/2026, 11:15:09 pm
📅 Checking since 7/4/2026, 12:09:36 am

🌉 OWU Bridge — 3/5/2026, 11:20:09 pm
📅 Checking since 7/4/2026, 12:09:36 am

🌉 OWU Bridge — 3/5/2026, 11:25:10 pm
📅 Checking since 7/4/2026, 12:09:36 am

🌉 OWU Bridge — 3/5/2026, 11:30:10 pm
📅 Checking since 7/4/2026, 12:09:36 am

🌉 OWU Bridge — 3/5/2026, 11:38:23 pm
📅 Checking since 7/4/2026, 12:09:36 am

🌉 OWU Bridge — 3/5/2026, 11:43:23 pm
📅 Checking since 7/4/2026, 12:09:36 am

🌉 OWU Bridge — 3/5/2026, 11:48:24 pm
📅 Checking since 7/4/2026, 12:09:36 am

🌉 OWU Bridge — 3/5/2026, 11:53:24 pm
📅 Checking since 7/4/2026, 12:09:36 am

🌉 OWU Bridge — 3/5/2026, 11:58:24 pm
📅 Checking since 7/4/2026, 12:09:36 am

🌉 OWU Bridge — 4/5/2026, 12:03:25 am
📅 Checking since 7/4/2026, 12:09:36 am

🌉 OWU Bridge — 4/5/2026, 12:08:25 am
📅 Checking since 7/4/2026, 12:09:36 am

🌉 OWU Bridge — 4/5/2026, 12:13:25 am
📅 Checking since 7/4/2026, 12:09:36 am

🌉 OWU Bridge — 4/5/2026, 12:18:26 am
📅 Checking since 7/4/2026, 12:09:36 am

🌉 OWU Bridge — 4/5/2026, 12:23:26 am
📅 Checking since 7/4/2026, 12:09:36 am

🌉 OWU Bridge — 4/5/2026, 12:28:31 am
📅 Checking since 7/4/2026, 12:09:36 am

🌉 OWU Bridge — 4/5/2026, 12:33:36 am
📅 Checking since 7/4/2026, 12:09:36 am

🌉 OWU Bridge — 4/5/2026, 12:38:37 am
📅 Checking since 7/4/2026, 12:09:36 am

🌉 OWU Bridge — 4/5/2026, 12:43:37 am
📅 Checking since 7/4/2026, 12:09:36 am

🌉 OWU Bridge — 4/5/2026, 12:48:37 am
📅 Checking since 7/4/2026, 12:09:36 am

🌉 OWU Bridge — 4/5/2026, 12:53:37 am
📅 Checking since 7/4/2026, 12:09:36 am

🌉 OWU Bridge — 4/5/2026, 12:58:38 am
📅 Checking since 7/4/2026, 12:09:36 am

🌉 OWU Bridge — 4/5/2026, 1:03:38 am
📅 Checking since 7/4/2026, 12:09:36 am

🌉 OWU Bridge — 4/5/2026, 1:08:38 am
📅 Checking since 7/4/2026, 12:09:36 am

🌉 OWU Bridge — 4/5/2026, 1:13:38 am
📅 Checking since 7/4/2026, 12:09:36 am

🌉 OWU Bridge — 4/5/2026, 1:18:38 am
📅 Checking since 7/4/2026, 12:09:36 am

🌉 OWU Bridge — 4/5/2026, 1:23:39 am
📅 Checking since 7/4/2026, 12:09:36 am

🌉 OWU Bridge — 4/5/2026, 1:28:39 am
📅 Checking since 7/4/2026, 12:09:36 am

🌉 OWU Bridge — 4/5/2026, 1:33:39 am
📅 Checking since 7/4/2026, 12:09:36 am

🌉 OWU Bridge — 4/5/2026, 1:38:39 am
📅 Checking since 7/4/2026, 12:09:36 am

🌉 OWU Bridge — 4/5/2026, 1:43:40 am
📅 Checking since 7/4/2026, 12:09:36 am

🌉 OWU Bridge — 4/5/2026, 1:48:40 am
📅 Checking since 7/4/2026, 12:09:36 am

🌉 OWU Bridge — 4/5/2026, 1:53:40 am
📅 Checking since 7/4/2026, 12:09:36 am

🌉 OWU Bridge — 4/5/2026, 1:58:41 am
📅 Checking since 7/4/2026, 12:09:36 am

🌉 OWU Bridge — 4/5/2026, 2:03:41 am
📅 Checking since 7/4/2026, 12:09:36 am

🌉 OWU Bridge — 4/5/2026, 2:08:41 am
📅 Checking since 7/4/2026, 12:09:36 am

🌉 OWU Bridge — 4/5/2026, 2:13:42 am
📅 Checking since 7/4/2026, 12:09:36 am

🌉 OWU Bridge — 4/5/2026, 2:18:42 am
📅 Checking since 7/4/2026, 12:09:36 am

🌉 OWU Bridge — 4/5/2026, 2:23:42 am
📅 Checking since 7/4/2026, 12:09:36 am

🌉 OWU Bridge — 4/5/2026, 2:28:43 am
📅 Checking since 7/4/2026, 12:09:36 am

🌉 OWU Bridge — 4/5/2026, 2:33:43 am
📅 Checking since 7/4/2026, 12:09:36 am

🌉 OWU Bridge — 4/5/2026, 2:38:43 am
📅 Checking since 7/4/2026, 12:09:36 am

🌉 OWU Bridge — 4/5/2026, 2:43:43 am
📅 Checking since 7/4/2026, 12:09:36 am

🌉 OWU Bridge — 4/5/2026, 2:48:44 am
📅 Checking since 7/4/2026, 12:09:36 am

🌉 OWU Bridge — 4/5/2026, 2:53:44 am
📅 Checking since 7/4/2026, 12:09:36 am

🌉 OWU Bridge — 4/5/2026, 2:58:44 am
📅 Checking since 7/4/2026, 12:09:36 am

🌉 OWU Bridge — 4/5/2026, 3:03:45 am
📅 Checking since 7/4/2026, 12:09:36 am

🌉 OWU Bridge — 4/5/2026, 3:08:45 am
📅 Checking since 7/4/2026, 12:09:36 am

🌉 OWU Bridge — 4/5/2026, 3:13:45 am
📅 Checking since 7/4/2026, 12:09:36 am

🌉 OWU Bridge — 4/5/2026, 3:18:45 am
📅 Checking since 7/4/2026, 12:09:36 am

🌉 OWU Bridge — 4/5/2026, 3:23:46 am
📅 Checking since 7/4/2026, 12:09:36 am

🌉 OWU Bridge — 4/5/2026, 3:34:27 am
📅 Checking since 7/4/2026, 12:09:36 am

🌉 OWU Bridge — 4/5/2026, 4:53:08 am
📅 Checking since 7/4/2026, 12:09:36 am

🌉 OWU Bridge — 4/5/2026, 6:27:03 am
📅 Checking since 7/4/2026, 12:09:36 am

🌉 OWU Bridge — 4/5/2026, 7:53:18 am
📅 Checking since 7/4/2026, 12:09:36 am

🌉 OWU Bridge — 4/5/2026, 8:27:40 am
📅 Checking since 7/4/2026, 12:09:36 am

🌉 OWU Bridge — 4/5/2026, 8:32:41 am
📅 Checking since 7/4/2026, 12:09:36 am

🌉 OWU Bridge — 4/5/2026, 8:37:41 am
📅 Checking since 7/4/2026, 12:09:36 am

🌉 OWU Bridge — 4/5/2026, 8:42:41 am
📅 Checking since 7/4/2026, 12:09:36 am

🌉 OWU Bridge — 4/5/2026, 8:47:42 am
📅 Checking since 7/4/2026, 12:09:36 am

🌉 OWU Bridge — 4/5/2026, 8:52:42 am
📅 Checking since 7/4/2026, 12:09:36 am

🌉 OWU Bridge — 4/5/2026, 8:57:42 am
📅 Checking since 7/4/2026, 12:09:36 am

🌉 OWU Bridge — 4/5/2026, 9:02:43 am
📅 Checking since 7/4/2026, 12:09:36 am

🌉 OWU Bridge — 4/5/2026, 9:07:43 am
📅 Checking since 7/4/2026, 12:09:36 am

🌉 OWU Bridge — 4/5/2026, 9:12:43 am
📅 Checking since 7/4/2026, 12:09:36 am

🌉 OWU Bridge — 4/5/2026, 9:17:43 am
📅 Checking since 7/4/2026, 12:09:36 am

🌉 OWU Bridge — 4/5/2026, 9:22:44 am
📅 Checking since 7/4/2026, 12:09:36 am

🌉 OWU Bridge — 4/5/2026, 9:27:44 am
📅 Checking since 7/4/2026, 12:09:36 am

🌉 OWU Bridge — 4/5/2026, 9:32:44 am
📅 Checking since 7/4/2026, 12:09:36 am

🌉 OWU Bridge — 4/5/2026, 9:37:45 am
📅 Checking since 7/4/2026, 12:09:36 am

🌉 OWU Bridge — 4/5/2026, 9:42:45 am
📅 Checking since 7/4/2026, 12:09:36 am

🌉 OWU Bridge — 4/5/2026, 9:47:45 am
📅 Checking since 7/4/2026, 12:09:36 am

🌉 OWU Bridge — 4/5/2026, 9:52:46 am
📅 Checking since 7/4/2026, 12:09:36 am

🌉 OWU Bridge — 4/5/2026, 9:57:46 am
📅 Checking since 7/4/2026, 12:09:36 am

🌉 OWU Bridge — 4/5/2026, 10:02:46 am
📅 Checking since 7/4/2026, 12:09:36 am

🌉 OWU Bridge — 4/5/2026, 10:07:47 am
📅 Checking since 7/4/2026, 12:09:36 am

🌉 OWU Bridge — 4/5/2026, 10:12:47 am
📅 Checking since 7/4/2026, 12:09:36 am

🌉 OWU Bridge — 4/5/2026, 10:17:47 am
📅 Checking since 7/4/2026, 12:09:36 am

🌉 OWU Bridge — 4/5/2026, 10:22:48 am
📅 Checking since 7/4/2026, 12:09:36 am

🌉 OWU Bridge — 4/5/2026, 10:27:48 am
📅 Checking since 7/4/2026, 12:09:36 am

🌉 OWU Bridge — 4/5/2026, 10:32:48 am
📅 Checking since 7/4/2026, 12:09:36 am

🌉 OWU Bridge — 4/5/2026, 10:37:49 am
📅 Checking since 7/4/2026, 12:09:36 am

🌉 OWU Bridge — 4/5/2026, 10:42:49 am
📅 Checking since 7/4/2026, 12:09:36 am

🌉 OWU Bridge — 4/5/2026, 10:47:49 am
📅 Checking since 7/4/2026, 12:09:36 am

🌉 OWU Bridge — 4/5/2026, 10:52:49 am
📅 Checking since 7/4/2026, 12:09:36 am

🌉 OWU Bridge — 4/5/2026, 10:57:50 am
📅 Checking since 7/4/2026, 12:09:36 am

🌉 OWU Bridge — 4/5/2026, 11:02:50 am
📅 Checking since 7/4/2026, 12:09:36 am

🌉 OWU Bridge — 4/5/2026, 11:07:50 am
📅 Checking since 7/4/2026, 12:09:36 am

🌉 OWU Bridge — 4/5/2026, 11:12:51 am
📅 Checking since 7/4/2026, 12:09:36 am

🌉 OWU Bridge — 4/5/2026, 11:17:51 am
📅 Checking since 7/4/2026, 12:09:36 am

🌉 OWU Bridge — 4/5/2026, 11:22:51 am
📅 Checking since 7/4/2026, 12:09:36 am

🌉 OWU Bridge — 4/5/2026, 11:27:52 am
📅 Checking since 7/4/2026, 12:09:36 am

🌉 OWU Bridge — 4/5/2026, 11:32:52 am
📅 Checking since 7/4/2026, 12:09:36 am

🌉 OWU Bridge — 4/5/2026, 11:37:52 am
📅 Checking since 7/4/2026, 12:09:36 am

🌉 OWU Bridge — 4/5/2026, 11:42:53 am
📅 Checking since 7/4/2026, 12:09:36 am

🌉 OWU Bridge — 4/5/2026, 11:47:53 am
📅 Checking since 7/4/2026, 12:09:36 am

🌉 OWU Bridge — 4/5/2026, 11:52:53 am
📅 Checking since 7/4/2026, 12:09:36 am

🌉 OWU Bridge — 4/5/2026, 11:57:54 am
📅 Checking since 7/4/2026, 12:09:36 am

🌉 OWU Bridge — 4/5/2026, 12:02:54 pm
📅 Checking since 7/4/2026, 12:09:36 am

🌉 OWU Bridge — 4/5/2026, 12:07:54 pm
📅 Checking since 7/4/2026, 12:09:36 am

🌉 OWU Bridge — 4/5/2026, 12:12:55 pm
📅 Checking since 7/4/2026, 12:09:36 am

🌉 OWU Bridge — 4/5/2026, 12:17:55 pm
📅 Checking since 7/4/2026, 12:09:36 am

🌉 OWU Bridge — 4/5/2026, 12:22:55 pm
📅 Checking since 7/4/2026, 12:09:36 am

🌉 OWU Bridge — 4/5/2026, 12:27:55 pm
📅 Checking since 7/4/2026, 12:09:36 am

🌉 OWU Bridge — 4/5/2026, 12:32:56 pm
📅 Checking since 7/4/2026, 12:09:36 am

🌉 OWU Bridge — 4/5/2026, 12:37:56 pm
📅 Checking since 7/4/2026, 12:09:36 am

🌉 OWU Bridge — 4/5/2026, 12:42:56 pm
📅 Checking since 7/4/2026, 12:09:36 am

🌉 OWU Bridge — 4/5/2026, 12:47:57 pm
📅 Checking since 7/4/2026, 12:09:36 am

🌉 OWU Bridge — 4/5/2026, 12:52:57 pm
📅 Checking since 7/4/2026, 12:09:36 am

🌉 OWU Bridge — 4/5/2026, 12:57:57 pm
📅 Checking since 7/4/2026, 12:09:36 am

🌉 OWU Bridge — 4/5/2026, 1:02:58 pm
📅 Checking since 7/4/2026, 12:09:36 am

🌉 OWU Bridge — 4/5/2026, 1:07:58 pm
📅 Checking since 7/4/2026, 12:09:36 am

🌉 OWU Bridge — 4/5/2026, 1:12:58 pm
📅 Checking since 7/4/2026, 12:09:36 am

🌉 OWU Bridge — 4/5/2026, 1:17:59 pm
📅 Checking since 7/4/2026, 12:09:36 am

🌉 OWU Bridge — 4/5/2026, 1:22:59 pm
📅 Checking since 7/4/2026, 12:09:36 am

🌉 OWU Bridge — 4/5/2026, 1:27:59 pm
📅 Checking since 7/4/2026, 12:09:36 am

🌉 OWU Bridge — 4/5/2026, 1:33:00 pm
📅 Checking since 7/4/2026, 12:09:36 am

🌉 OWU Bridge — 4/5/2026, 1:38:00 pm
📅 Checking since 7/4/2026, 12:09:36 am

🌉 OWU Bridge — 4/5/2026, 1:43:00 pm
📅 Checking since 7/4/2026, 12:09:36 am

🌉 OWU Bridge — 4/5/2026, 1:48:01 pm
📅 Checking since 7/4/2026, 12:09:36 am

🌉 OWU Bridge — 4/5/2026, 1:53:01 pm
📅 Checking since 7/4/2026, 12:09:36 am

🌉 OWU Bridge — 4/5/2026, 1:58:01 pm
📅 Checking since 7/4/2026, 12:09:36 am

🌉 OWU Bridge — 4/5/2026, 2:03:02 pm
📅 Checking since 7/4/2026, 12:09:36 am

🌉 OWU Bridge — 4/5/2026, 2:08:02 pm
📅 Checking since 7/4/2026, 12:09:36 am

🌉 OWU Bridge — 4/5/2026, 2:13:02 pm
📅 Checking since 7/4/2026, 12:09:36 am

🌉 OWU Bridge — 4/5/2026, 2:18:03 pm
📅 Checking since 7/4/2026, 12:09:36 am

🌉 OWU Bridge — 4/5/2026, 2:23:03 pm
📅 Checking since 7/4/2026, 12:09:36 am

🌉 OWU Bridge — 4/5/2026, 2:28:03 pm
📅 Checking since 7/4/2026, 12:09:36 am

🌉 OWU Bridge — 4/5/2026, 2:33:04 pm
📅 Checking since 7/4/2026, 12:09:36 am

🌉 OWU Bridge — 4/5/2026, 2:38:04 pm
📅 Checking since 7/4/2026, 12:09:36 am

🌉 OWU Bridge — 4/5/2026, 2:43:04 pm
📅 Checking since 7/4/2026, 12:09:36 am

🌉 OWU Bridge — 4/5/2026, 2:48:05 pm
📅 Checking since 7/4/2026, 12:09:36 am

🌉 OWU Bridge — 4/5/2026, 2:53:05 pm
📅 Checking since 7/4/2026, 12:09:36 am

🌉 OWU Bridge — 4/5/2026, 2:58:05 pm
📅 Checking since 7/4/2026, 12:09:36 am

🌉 OWU Bridge — 4/5/2026, 3:03:06 pm
📅 Checking since 7/4/2026, 12:09:36 am

🌉 OWU Bridge — 4/5/2026, 3:08:06 pm
📅 Checking since 7/4/2026, 12:09:36 am

🌉 OWU Bridge — 4/5/2026, 3:13:06 pm
📅 Checking since 7/4/2026, 12:09:36 am

🌉 OWU Bridge — 4/5/2026, 3:18:07 pm
📅 Checking since 7/4/2026, 12:09:36 am

🌉 OWU Bridge — 4/5/2026, 3:23:07 pm
📅 Checking since 7/4/2026, 12:09:36 am

🌉 OWU Bridge — 4/5/2026, 3:28:07 pm
📅 Checking since 7/4/2026, 12:09:36 am

🌉 OWU Bridge — 4/5/2026, 3:33:08 pm
📅 Checking since 7/4/2026, 12:09:36 am

🌉 OWU Bridge — 4/5/2026, 3:38:08 pm
📅 Checking since 7/4/2026, 12:09:36 am

🌉 OWU Bridge — 4/5/2026, 3:43:08 pm
📅 Checking since 7/4/2026, 12:09:36 am

🌉 OWU Bridge — 4/5/2026, 3:48:09 pm
📅 Checking since 7/4/2026, 12:09:36 am

🌉 OWU Bridge — 4/5/2026, 3:53:09 pm
📅 Checking since 7/4/2026, 12:09:36 am

🌉 OWU Bridge — 4/5/2026, 3:58:09 pm
📅 Checking since 7/4/2026, 12:09:36 am

🌉 OWU Bridge — 4/5/2026, 4:03:10 pm
📅 Checking since 7/4/2026, 12:09:36 am

🌉 OWU Bridge — 4/5/2026, 4:08:10 pm
📅 Checking since 7/4/2026, 12:09:36 am

🌉 OWU Bridge — 4/5/2026, 4:13:10 pm
📅 Checking since 7/4/2026, 12:09:36 am

🌉 OWU Bridge — 4/5/2026, 4:18:11 pm
📅 Checking since 7/4/2026, 12:09:36 am

🌉 OWU Bridge — 4/5/2026, 4:23:11 pm
📅 Checking since 7/4/2026, 12:09:36 am

🌉 OWU Bridge — 4/5/2026, 4:28:11 pm
📅 Checking since 7/4/2026, 12:09:36 am

🌉 OWU Bridge — 4/5/2026, 4:33:12 pm
📅 Checking since 7/4/2026, 12:09:36 am

🌉 OWU Bridge — 4/5/2026, 4:38:12 pm
📅 Checking since 7/4/2026, 12:09:36 am

🌉 OWU Bridge — 4/5/2026, 4:43:12 pm
📅 Checking since 7/4/2026, 12:09:36 am

🌉 OWU Bridge — 4/5/2026, 4:48:12 pm
📅 Checking since 7/4/2026, 12:09:36 am

🌉 OWU Bridge — 4/5/2026, 4:53:13 pm
📅 Checking since 7/4/2026, 12:09:36 am

🌉 OWU Bridge — 4/5/2026, 4:58:13 pm
📅 Checking since 7/4/2026, 12:09:36 am

🌉 OWU Bridge — 4/5/2026, 5:03:13 pm
📅 Checking since 7/4/2026, 12:09:36 am

🌉 OWU Bridge — 4/5/2026, 5:08:14 pm
📅 Checking since 7/4/2026, 12:09:36 am

🌉 OWU Bridge — 4/5/2026, 5:13:14 pm
📅 Checking since 7/4/2026, 12:09:36 am

🌉 OWU Bridge — 4/5/2026, 5:18:14 pm
📅 Checking since 7/4/2026, 12:09:36 am

🌉 OWU Bridge — 4/5/2026, 5:23:15 pm
📅 Checking since 7/4/2026, 12:09:36 am

🌉 OWU Bridge — 4/5/2026, 5:28:15 pm
📅 Checking since 7/4/2026, 12:09:36 am

🌉 OWU Bridge — 4/5/2026, 5:33:15 pm
📅 Checking since 7/4/2026, 12:09:36 am

🌉 OWU Bridge — 4/5/2026, 5:38:16 pm
📅 Checking since 7/4/2026, 12:09:36 am

🌉 OWU Bridge — 4/5/2026, 5:43:16 pm
📅 Checking since 7/4/2026, 12:09:36 am

🌉 OWU Bridge — 4/5/2026, 5:48:16 pm
📅 Checking since 7/4/2026, 12:09:36 am

🌉 OWU Bridge — 4/5/2026, 5:53:17 pm
📅 Checking since 7/4/2026, 12:09:36 am

🌉 OWU Bridge — 4/5/2026, 5:58:17 pm
📅 Checking since 7/4/2026, 12:09:36 am

🌉 OWU Bridge — 4/5/2026, 6:03:17 pm
📅 Checking since 7/4/2026, 12:09:36 am

🌉 OWU Bridge — 4/5/2026, 6:08:18 pm
📅 Checking since 7/4/2026, 12:09:36 am

🌉 OWU Bridge — 4/5/2026, 6:13:18 pm
📅 Checking since 7/4/2026, 12:09:36 am

🌉 OWU Bridge — 4/5/2026, 6:18:18 pm
📅 Checking since 7/4/2026, 12:09:36 am

🌉 OWU Bridge — 4/5/2026, 6:23:19 pm
📅 Checking since 7/4/2026, 12:09:36 am

🌉 OWU Bridge — 4/5/2026, 6:28:19 pm
📅 Checking since 7/4/2026, 12:09:36 am

🌉 OWU Bridge — 4/5/2026, 6:33:20 pm
📅 Checking since 7/4/2026, 12:09:36 am

🌉 OWU Bridge — 4/5/2026, 6:38:20 pm
📅 Checking since 7/4/2026, 12:09:36 am

🌉 OWU Bridge — 4/5/2026, 6:43:20 pm
📅 Checking since 7/4/2026, 12:09:36 am

🌉 OWU Bridge — 4/5/2026, 6:48:20 pm
📅 Checking since 7/4/2026, 12:09:36 am

🌉 OWU Bridge — 4/5/2026, 6:53:21 pm
📅 Checking since 7/4/2026, 12:09:36 am

🌉 OWU Bridge — 4/5/2026, 6:58:21 pm
📅 Checking since 7/4/2026, 12:09:36 am

🌉 OWU Bridge — 4/5/2026, 7:03:22 pm
📅 Checking since 7/4/2026, 12:09:36 am

🌉 OWU Bridge — 4/5/2026, 7:08:22 pm
📅 Checking since 7/4/2026, 12:09:36 am

🌉 OWU Bridge — 4/5/2026, 7:13:22 pm
📅 Checking since 7/4/2026, 12:09:36 am

🌉 OWU Bridge — 4/5/2026, 7:18:23 pm
📅 Checking since 7/4/2026, 12:09:36 am

🌉 OWU Bridge — 4/5/2026, 7:23:23 pm
📅 Checking since 7/4/2026, 12:09:36 am

🌉 OWU Bridge — 4/5/2026, 7:28:23 pm
📅 Checking since 7/4/2026, 12:09:36 am

🌉 OWU Bridge — 4/5/2026, 7:33:24 pm
📅 Checking since 7/4/2026, 12:09:36 am

🌉 OWU Bridge — 4/5/2026, 7:38:24 pm
📅 Checking since 7/4/2026, 12:09:36 am

🌉 OWU Bridge — 4/5/2026, 7:43:24 pm
📅 Checking since 7/4/2026, 12:09:36 am

🌉 OWU Bridge — 4/5/2026, 7:48:25 pm
📅 Checking since 7/4/2026, 12:09:36 am

🌉 OWU Bridge — 4/5/2026, 7:53:25 pm
📅 Checking since 7/4/2026, 12:09:36 am

🌉 OWU Bridge — 4/5/2026, 7:58:25 pm
📅 Checking since 7/4/2026, 12:09:36 am

🌉 OWU Bridge — 4/5/2026, 8:03:26 pm
📅 Checking since 7/4/2026, 12:09:36 am

🌉 OWU Bridge — 4/5/2026, 8:08:26 pm
📅 Checking since 7/4/2026, 12:09:36 am

🌉 OWU Bridge — 4/5/2026, 8:13:26 pm
📅 Checking since 7/4/2026, 12:09:36 am

🌉 OWU Bridge — 4/5/2026, 8:39:02 pm
📅 Checking since 7/4/2026, 12:09:36 am

🌉 OWU Bridge — 4/5/2026, 8:44:02 pm
📅 Checking since 7/4/2026, 12:09:36 am

🌉 OWU Bridge — 4/5/2026, 8:49:03 pm
📅 Checking since 7/4/2026, 12:09:36 am

🌉 OWU Bridge — 4/5/2026, 8:54:03 pm
📅 Checking since 7/4/2026, 12:09:36 am

🌉 OWU Bridge — 4/5/2026, 8:59:03 pm
📅 Checking since 7/4/2026, 12:09:36 am

🌉 OWU Bridge — 4/5/2026, 9:04:04 pm
📅 Checking since 7/4/2026, 12:09:36 am

🌉 OWU Bridge — 4/5/2026, 9:09:04 pm
📅 Checking since 7/4/2026, 12:09:36 am

🌉 OWU Bridge — 4/5/2026, 9:14:05 pm
📅 Checking since 7/4/2026, 12:09:36 am

🌉 OWU Bridge — 4/5/2026, 9:19:05 pm
📅 Checking since 7/4/2026, 12:09:36 am

🌉 OWU Bridge — 4/5/2026, 9:24:05 pm
📅 Checking since 7/4/2026, 12:09:36 am

🌉 OWU Bridge — 4/5/2026, 9:29:06 pm
📅 Checking since 7/4/2026, 12:09:36 am

🌉 OWU Bridge — 4/5/2026, 9:34:06 pm
📅 Checking since 7/4/2026, 12:09:36 am

🌉 OWU Bridge — 4/5/2026, 9:39:06 pm
📅 Checking since 7/4/2026, 12:09:36 am

🌉 OWU Bridge — 4/5/2026, 9:44:07 pm
📅 Checking since 7/4/2026, 12:09:36 am

🌉 OWU Bridge — 4/5/2026, 9:49:07 pm
📅 Checking since 7/4/2026, 12:09:36 am

🌉 OWU Bridge — 4/5/2026, 9:54:07 pm
📅 Checking since 7/4/2026, 12:09:36 am

🌉 OWU Bridge — 4/5/2026, 9:59:08 pm
📅 Checking since 7/4/2026, 12:09:36 am

🌉 OWU Bridge — 4/5/2026, 10:04:08 pm
📅 Checking since 7/4/2026, 12:09:36 am

🌉 OWU Bridge — 4/5/2026, 10:09:08 pm
📅 Checking since 7/4/2026, 12:09:36 am

🌉 OWU Bridge — 4/5/2026, 10:14:09 pm
📅 Checking since 7/4/2026, 12:09:36 am

🌉 OWU Bridge — 4/5/2026, 10:19:09 pm
📅 Checking since 7/4/2026, 12:09:36 am

🌉 OWU Bridge — 4/5/2026, 10:24:09 pm
📅 Checking since 7/4/2026, 12:09:36 am

🌉 OWU Bridge — 4/5/2026, 10:29:10 pm
📅 Checking since 7/4/2026, 12:09:36 am

🌉 OWU Bridge — 4/5/2026, 10:34:10 pm
📅 Checking since 7/4/2026, 12:09:36 am

🌉 OWU Bridge — 4/5/2026, 10:39:10 pm
📅 Checking since 7/4/2026, 12:09:36 am

🌉 OWU Bridge — 4/5/2026, 10:44:11 pm
📅 Checking since 7/4/2026, 12:09:36 am

🌉 OWU Bridge — 4/5/2026, 10:49:11 pm
📅 Checking since 7/4/2026, 12:09:36 am

🌉 OWU Bridge — 4/5/2026, 10:54:12 pm
📅 Checking since 7/4/2026, 12:09:36 am

🌉 OWU Bridge — 4/5/2026, 10:59:12 pm
📅 Checking since 7/4/2026, 12:09:36 am

🌉 OWU Bridge — 4/5/2026, 11:04:12 pm
📅 Checking since 7/4/2026, 12:09:36 am

🌉 OWU Bridge — 4/5/2026, 11:09:22 pm
📅 Checking since 7/4/2026, 12:09:36 am

🌉 OWU Bridge — 4/5/2026, 11:14:30 pm
📅 Checking since 7/4/2026, 12:09:36 am

🌉 OWU Bridge — 4/5/2026, 11:19:30 pm
📅 Checking since 7/4/2026, 12:09:36 am

🌉 OWU Bridge — 4/5/2026, 11:24:31 pm
📅 Checking since 7/4/2026, 12:09:36 am

🌉 OWU Bridge — 4/5/2026, 11:29:31 pm
📅 Checking since 7/4/2026, 12:09:36 am

🌉 OWU Bridge — 4/5/2026, 11:34:31 pm
📅 Checking since 7/4/2026, 12:09:36 am

🌉 OWU Bridge — 4/5/2026, 11:39:32 pm
📅 Checking since 7/4/2026, 12:09:36 am

🌉 OWU Bridge — 4/5/2026, 11:44:32 pm
📅 Checking since 7/4/2026, 12:09:36 am

🌉 OWU Bridge — 4/5/2026, 11:49:32 pm
📅 Checking since 7/4/2026, 12:09:36 am

🌉 OWU Bridge — 4/5/2026, 11:54:33 pm
📅 Checking since 7/4/2026, 12:09:36 am

🌉 OWU Bridge — 4/5/2026, 11:59:33 pm
📅 Checking since 7/4/2026, 12:09:36 am

🌉 OWU Bridge — 5/5/2026, 12:04:33 am
📅 Checking since 7/4/2026, 12:09:36 am

🌉 OWU Bridge — 5/5/2026, 12:09:34 am
📅 Checking since 7/4/2026, 12:09:36 am

🌉 OWU Bridge — 5/5/2026, 12:14:34 am
📅 Checking since 7/4/2026, 12:09:36 am

🌉 OWU Bridge — 5/5/2026, 12:19:34 am
📅 Checking since 7/4/2026, 12:09:36 am

🌉 OWU Bridge — 5/5/2026, 12:24:35 am
📅 Checking since 7/4/2026, 12:09:36 am

🌉 OWU Bridge — 5/5/2026, 12:29:35 am
📅 Checking since 7/4/2026, 12:09:36 am

🌉 OWU Bridge — 5/5/2026, 12:34:35 am
📅 Checking since 7/4/2026, 12:09:36 am

🌉 OWU Bridge — 5/5/2026, 12:39:36 am
📅 Checking since 7/4/2026, 12:09:36 am

🌉 OWU Bridge — 5/5/2026, 12:44:36 am
📅 Checking since 7/4/2026, 12:09:36 am

🌉 OWU Bridge — 5/5/2026, 12:49:36 am
📅 Checking since 7/4/2026, 12:09:36 am

🌉 OWU Bridge — 5/5/2026, 12:54:37 am
📅 Checking since 7/4/2026, 12:09:36 am

🌉 OWU Bridge — 5/5/2026, 12:59:37 am
📅 Checking since 7/4/2026, 12:09:36 am

🌉 OWU Bridge — 5/5/2026, 1:04:37 am
📅 Checking since 7/4/2026, 12:09:36 am

🌉 OWU Bridge — 5/5/2026, 1:09:38 am
📅 Checking since 7/4/2026, 12:09:36 am

🌉 OWU Bridge — 5/5/2026, 1:14:38 am
📅 Checking since 7/4/2026, 12:09:36 am

🌉 OWU Bridge — 5/5/2026, 1:19:38 am
📅 Checking since 7/4/2026, 12:09:36 am

🌉 OWU Bridge — 5/5/2026, 1:24:39 am
📅 Checking since 7/4/2026, 12:09:36 am

🌉 OWU Bridge — 5/5/2026, 1:29:39 am
📅 Checking since 7/4/2026, 12:09:36 am

🌉 OWU Bridge — 5/5/2026, 1:34:39 am
📅 Checking since 7/4/2026, 12:09:36 am

🌉 OWU Bridge — 5/5/2026, 1:39:50 am
📅 Checking since 7/4/2026, 12:09:36 am

🌉 OWU Bridge — 5/5/2026, 1:45:04 am
📅 Checking since 7/4/2026, 12:09:36 am

🌉 OWU Bridge — 5/5/2026, 1:50:05 am
📅 Checking since 7/4/2026, 12:09:36 am

🌉 OWU Bridge — 5/5/2026, 1:55:05 am
📅 Checking since 7/4/2026, 12:09:36 am

🌉 OWU Bridge — 5/5/2026, 2:00:05 am
📅 Checking since 7/4/2026, 12:09:36 am

🌉 OWU Bridge — 5/5/2026, 2:05:05 am
📅 Checking since 7/4/2026, 12:09:36 am

🌉 OWU Bridge — 5/5/2026, 2:10:06 am
📅 Checking since 7/4/2026, 12:09:36 am

🌉 OWU Bridge — 5/5/2026, 2:15:06 am
📅 Checking since 7/4/2026, 12:09:36 am

🌉 OWU Bridge — 5/5/2026, 2:20:06 am
📅 Checking since 7/4/2026, 12:09:36 am

🌉 OWU Bridge — 5/5/2026, 2:25:07 am
📅 Checking since 7/4/2026, 12:09:36 am

🌉 OWU Bridge — 5/5/2026, 2:30:07 am
📅 Checking since 7/4/2026, 12:09:36 am

🌉 OWU Bridge — 5/5/2026, 2:35:07 am
📅 Checking since 7/4/2026, 12:09:36 am

🌉 OWU Bridge — 5/5/2026, 2:40:08 am
📅 Checking since 7/4/2026, 12:09:36 am

🌉 OWU Bridge — 5/5/2026, 2:45:08 am
📅 Checking since 7/4/2026, 12:09:36 am

🌉 OWU Bridge — 5/5/2026, 2:50:08 am
📅 Checking since 7/4/2026, 12:09:36 am

🌉 OWU Bridge — 5/5/2026, 2:55:09 am
📅 Checking since 7/4/2026, 12:09:36 am

🌉 OWU Bridge — 5/5/2026, 3:00:39 am
📅 Checking since 7/4/2026, 12:09:36 am

🌉 OWU Bridge — 5/5/2026, 3:05:52 am
📅 Checking since 7/4/2026, 12:09:36 am

🌉 OWU Bridge — 5/5/2026, 3:10:52 am
📅 Checking since 7/4/2026, 12:09:36 am

🌉 OWU Bridge — 5/5/2026, 3:15:52 am
📅 Checking since 7/4/2026, 12:09:36 am

🌉 OWU Bridge — 5/5/2026, 3:20:53 am
📅 Checking since 7/4/2026, 12:09:36 am

🌉 OWU Bridge — 5/5/2026, 3:25:53 am
📅 Checking since 7/4/2026, 12:09:36 am

🌉 OWU Bridge — 5/5/2026, 3:30:53 am
📅 Checking since 7/4/2026, 12:09:36 am

🌉 OWU Bridge — 5/5/2026, 3:35:53 am
📅 Checking since 7/4/2026, 12:09:36 am

🌉 OWU Bridge — 5/5/2026, 3:40:54 am
📅 Checking since 7/4/2026, 12:09:36 am

🌉 OWU Bridge — 5/5/2026, 3:45:54 am
📅 Checking since 7/4/2026, 12:09:36 am

🌉 OWU Bridge — 5/5/2026, 3:50:54 am
📅 Checking since 7/4/2026, 12:09:36 am

🌉 OWU Bridge — 5/5/2026, 3:55:54 am
📅 Checking since 7/4/2026, 12:09:36 am

🌉 OWU Bridge — 5/5/2026, 4:00:55 am
📅 Checking since 7/4/2026, 12:09:36 am

🌉 OWU Bridge — 5/5/2026, 4:05:55 am
📅 Checking since 7/4/2026, 12:09:36 am

🌉 OWU Bridge — 5/5/2026, 4:10:55 am
📅 Checking since 7/4/2026, 12:09:36 am

🌉 OWU Bridge — 5/5/2026, 4:15:56 am
📅 Checking since 7/4/2026, 12:09:36 am

🌉 OWU Bridge — 5/5/2026, 4:20:56 am
📅 Checking since 7/4/2026, 12:09:36 am

🌉 OWU Bridge — 5/5/2026, 4:25:56 am
📅 Checking since 7/4/2026, 12:09:36 am

🌉 OWU Bridge — 5/5/2026, 4:30:57 am
📅 Checking since 7/4/2026, 12:09:36 am

🌉 OWU Bridge — 5/5/2026, 4:35:57 am
📅 Checking since 7/4/2026, 12:09:36 am

🌉 OWU Bridge — 5/5/2026, 4:40:57 am
📅 Checking since 7/4/2026, 12:09:36 am

🌉 OWU Bridge — 5/5/2026, 4:45:57 am
📅 Checking since 7/4/2026, 12:09:36 am

🌉 OWU Bridge — 5/5/2026, 4:50:58 am
📅 Checking since 7/4/2026, 12:09:36 am

🌉 OWU Bridge — 5/5/2026, 4:55:58 am
📅 Checking since 7/4/2026, 12:09:36 am

🌉 OWU Bridge — 5/5/2026, 5:00:58 am
📅 Checking since 7/4/2026, 12:09:36 am

🌉 OWU Bridge — 5/5/2026, 5:05:59 am
📅 Checking since 7/4/2026, 12:09:36 am

🌉 OWU Bridge — 5/5/2026, 5:10:59 am
📅 Checking since 7/4/2026, 12:09:36 am

🌉 OWU Bridge — 5/5/2026, 5:15:59 am
📅 Checking since 7/4/2026, 12:09:36 am

🌉 OWU Bridge — 5/5/2026, 5:21:00 am
📅 Checking since 7/4/2026, 12:09:36 am

🌉 OWU Bridge — 5/5/2026, 5:26:00 am
📅 Checking since 7/4/2026, 12:09:36 am

🌉 OWU Bridge — 5/5/2026, 6:34:16 am
📅 Checking since 7/4/2026, 12:09:36 am

🌉 OWU Bridge — 5/5/2026, 7:27:53 am
📅 Checking since 7/4/2026, 12:09:36 am

🌉 OWU Bridge — 5/5/2026, 7:32:53 am
📅 Checking since 7/4/2026, 12:09:36 am

🌉 OWU Bridge — 5/5/2026, 7:37:54 am
📅 Checking since 7/4/2026, 12:09:36 am

🌉 OWU Bridge — 5/5/2026, 7:42:54 am
📅 Checking since 7/4/2026, 12:09:36 am

🌉 OWU Bridge — 5/5/2026, 7:47:54 am
📅 Checking since 7/4/2026, 12:09:36 am

🌉 OWU Bridge — 5/5/2026, 7:52:55 am
📅 Checking since 7/4/2026, 12:09:36 am

🌉 OWU Bridge — 5/5/2026, 7:57:55 am
📅 Checking since 7/4/2026, 12:09:36 am

🌉 OWU Bridge — 5/5/2026, 8:02:55 am
📅 Checking since 7/4/2026, 12:09:36 am

🌉 OWU Bridge — 5/5/2026, 8:07:56 am
📅 Checking since 7/4/2026, 12:09:36 am

🌉 OWU Bridge — 5/5/2026, 8:12:56 am
📅 Checking since 7/4/2026, 12:09:36 am

🌉 OWU Bridge — 5/5/2026, 8:17:57 am
📅 Checking since 7/4/2026, 12:09:36 am

🌉 OWU Bridge — 5/5/2026, 8:22:57 am
📅 Checking since 7/4/2026, 12:09:36 am

🌉 OWU Bridge — 5/5/2026, 8:27:57 am
📅 Checking since 7/4/2026, 12:09:36 am

🌉 OWU Bridge — 5/5/2026, 8:32:58 am
📅 Checking since 7/4/2026, 12:09:36 am

🌉 OWU Bridge — 5/5/2026, 8:37:58 am
📅 Checking since 7/4/2026, 12:09:36 am

🌉 OWU Bridge — 5/5/2026, 8:42:58 am
📅 Checking since 7/4/2026, 12:09:36 am

🌉 OWU Bridge — 5/5/2026, 8:47:59 am
📅 Checking since 7/4/2026, 12:09:36 am

🌉 OWU Bridge — 5/5/2026, 8:52:59 am
📅 Checking since 7/4/2026, 12:09:36 am

🌉 OWU Bridge — 5/5/2026, 8:57:59 am
📅 Checking since 7/4/2026, 12:09:36 am

🌉 OWU Bridge — 5/5/2026, 9:03:00 am
📅 Checking since 7/4/2026, 12:09:36 am

🌉 OWU Bridge — 5/5/2026, 9:08:00 am
📅 Checking since 7/4/2026, 12:09:36 am

🌉 OWU Bridge — 5/5/2026, 9:13:00 am
📅 Checking since 7/4/2026, 12:09:36 am

🌉 OWU Bridge — 5/5/2026, 9:18:01 am
📅 Checking since 7/4/2026, 12:09:36 am

🌉 OWU Bridge — 5/5/2026, 9:23:01 am
📅 Checking since 7/4/2026, 12:09:36 am

🌉 OWU Bridge — 5/5/2026, 9:28:01 am
📅 Checking since 7/4/2026, 12:09:36 am

🌉 OWU Bridge — 5/5/2026, 9:33:02 am
📅 Checking since 7/4/2026, 12:09:36 am

🌉 OWU Bridge — 5/5/2026, 9:38:02 am
📅 Checking since 7/4/2026, 12:09:36 am

🌉 OWU Bridge — 5/5/2026, 9:43:02 am
📅 Checking since 7/4/2026, 12:09:36 am

🌉 OWU Bridge — 5/5/2026, 9:48:03 am
📅 Checking since 7/4/2026, 12:09:36 am

🌉 OWU Bridge — 5/5/2026, 9:53:03 am
📅 Checking since 7/4/2026, 12:09:36 am

🌉 OWU Bridge — 5/5/2026, 9:58:03 am
📅 Checking since 7/4/2026, 12:09:36 am

🌉 OWU Bridge — 5/5/2026, 10:03:04 am
📅 Checking since 7/4/2026, 12:09:36 am

🌉 OWU Bridge — 5/5/2026, 10:08:04 am
📅 Checking since 7/4/2026, 12:09:36 am

🌉 OWU Bridge — 5/5/2026, 10:13:04 am
📅 Checking since 7/4/2026, 12:09:36 am
📨 Found 0 new messages
✅ Nothing new. Done.

🌉 OWU Bridge — 5/5/2026, 10:18:05 am
📅 Checking since 5/5/2026, 10:13:05 am
📨 Found 0 new messages
✅ Nothing new. Done.

🌉 OWU Bridge — 5/5/2026, 10:23:05 am
📅 Checking since 5/5/2026, 10:18:05 am
📨 Found 0 new messages
✅ Nothing new. Done.

🌉 OWU Bridge — 5/5/2026, 10:28:05 am
📅 Checking since 5/5/2026, 10:23:05 am
📨 Found 0 new messages
✅ Nothing new. Done.

🌉 OWU Bridge — 5/5/2026, 10:33:05 am
📅 Checking since 5/5/2026, 10:28:05 am
📨 Found 0 new messages
✅ Nothing new. Done.

🌉 OWU Bridge — 5/5/2026, 10:38:06 am
📅 Checking since 5/5/2026, 10:33:06 am
📨 Found 0 new messages
✅ Nothing new. Done.

🌉 OWU Bridge — 5/5/2026, 10:43:06 am
📅 Checking since 5/5/2026, 10:38:06 am
📨 Found 0 new messages
✅ Nothing new. Done.

🌉 OWU Bridge — 5/5/2026, 10:48:06 am
📅 Checking since 5/5/2026, 10:43:06 am
📨 Found 0 new messages
✅ Nothing new. Done.

🌉 OWU Bridge — 5/5/2026, 10:53:06 am
📅 Checking since 5/5/2026, 10:48:06 am
📨 Found 0 new messages
✅ Nothing new. Done.

🌉 OWU Bridge — 5/5/2026, 10:58:06 am
📅 Checking since 5/5/2026, 10:53:06 am
📨 Found 0 new messages
✅ Nothing new. Done.

🌉 OWU Bridge — 5/5/2026, 11:03:07 am
📅 Checking since 5/5/2026, 10:58:06 am
📨 Found 0 new messages
✅ Nothing new. Done.

🌉 OWU Bridge — 5/5/2026, 11:08:07 am
📅 Checking since 5/5/2026, 11:03:07 am
📨 Found 0 new messages
✅ Nothing new. Done.

🌉 OWU Bridge — 5/5/2026, 11:13:07 am
📅 Checking since 5/5/2026, 11:08:07 am
📨 Found 0 new messages
✅ Nothing new. Done.

🌉 OWU Bridge — 5/5/2026, 11:18:07 am
📅 Checking since 5/5/2026, 11:13:07 am
📨 Found 0 new messages
✅ Nothing new. Done.

🌉 OWU Bridge — 5/5/2026, 11:23:07 am
📅 Checking since 5/5/2026, 11:18:07 am
📨 Found 0 new messages
✅ Nothing new. Done.

🌉 OWU Bridge — 5/5/2026, 11:28:07 am
📅 Checking since 5/5/2026, 11:23:07 am
📨 Found 0 new messages
✅ Nothing new. Done.

🌉 OWU Bridge — 5/5/2026, 11:33:08 am
📅 Checking since 5/5/2026, 11:28:08 am
📨 Found 0 new messages
✅ Nothing new. Done.

🌉 OWU Bridge — 5/5/2026, 11:38:08 am
📅 Checking since 5/5/2026, 11:33:08 am
📨 Found 0 new messages
✅ Nothing new. Done.

🌉 OWU Bridge — 5/5/2026, 11:43:08 am
📅 Checking since 5/5/2026, 11:38:08 am
📨 Found 0 new messages
✅ Nothing new. Done.

🌉 OWU Bridge — 5/5/2026, 11:48:08 am
📅 Checking since 5/5/2026, 11:43:08 am
📨 Found 0 new messages
✅ Nothing new. Done.

🌉 OWU Bridge — 5/5/2026, 11:53:08 am
📅 Checking since 5/5/2026, 11:48:08 am
📨 Found 0 new messages
✅ Nothing new. Done.

🌉 OWU Bridge — 5/5/2026, 11:58:09 am
📅 Checking since 5/5/2026, 11:53:09 am
📨 Found 0 new messages
✅ Nothing new. Done.

🌉 OWU Bridge — 5/5/2026, 12:03:09 pm
📅 Checking since 5/5/2026, 11:58:09 am
📨 Found 0 new messages
✅ Nothing new. Done.

🌉 OWU Bridge — 5/5/2026, 12:08:09 pm
📅 Checking since 5/5/2026, 12:03:09 pm
📨 Found 0 new messages
✅ Nothing new. Done.

🌉 OWU Bridge — 5/5/2026, 12:13:09 pm
📅 Checking since 5/5/2026, 12:08:09 pm
📨 Found 0 new messages
✅ Nothing new. Done.

🌉 OWU Bridge — 5/5/2026, 12:18:10 pm
📅 Checking since 5/5/2026, 12:13:09 pm
📨 Found 0 new messages
✅ Nothing new. Done.

🌉 OWU Bridge — 5/5/2026, 12:23:10 pm
📅 Checking since 5/5/2026, 12:18:10 pm
📨 Found 0 new messages
✅ Nothing new. Done.

🌉 OWU Bridge — 5/5/2026, 12:28:10 pm
📅 Checking since 5/5/2026, 12:23:10 pm
📨 Found 0 new messages
✅ Nothing new. Done.

🌉 OWU Bridge — 5/5/2026, 12:33:10 pm
📅 Checking since 5/5/2026, 12:28:10 pm
📨 Found 0 new messages
✅ Nothing new. Done.

🌉 OWU Bridge — 5/5/2026, 12:38:10 pm
📅 Checking since 5/5/2026, 12:33:10 pm
📨 Found 0 new messages
✅ Nothing new. Done.

🌉 OWU Bridge — 5/5/2026, 12:43:11 pm
📅 Checking since 5/5/2026, 12:38:10 pm
📨 Found 0 new messages
✅ Nothing new. Done.

🌉 OWU Bridge — 5/5/2026, 12:48:11 pm
📅 Checking since 5/5/2026, 12:43:11 pm
📨 Found 0 new messages
✅ Nothing new. Done.

🌉 OWU Bridge — 5/5/2026, 12:53:11 pm
📅 Checking since 5/5/2026, 12:48:11 pm
📨 Found 0 new messages
✅ Nothing new. Done.

🌉 OWU Bridge — 5/5/2026, 12:58:11 pm
📅 Checking since 5/5/2026, 12:53:11 pm
📨 Found 0 new messages
✅ Nothing new. Done.

🌉 OWU Bridge — 5/5/2026, 1:03:11 pm
📅 Checking since 5/5/2026, 12:58:11 pm
📨 Found 0 new messages
✅ Nothing new. Done.

🌉 OWU Bridge — 5/5/2026, 1:08:12 pm
📅 Checking since 5/5/2026, 1:03:12 pm
📨 Found 0 new messages
✅ Nothing new. Done.

🌉 OWU Bridge — 5/5/2026, 1:13:12 pm
📅 Checking since 5/5/2026, 1:08:12 pm
📨 Found 0 new messages
✅ Nothing new. Done.

🌉 OWU Bridge — 5/5/2026, 1:18:12 pm
📅 Checking since 5/5/2026, 1:13:12 pm
📨 Found 0 new messages
✅ Nothing new. Done.

🌉 OWU Bridge — 5/5/2026, 1:23:12 pm
📅 Checking since 5/5/2026, 1:18:12 pm
📨 Found 0 new messages
✅ Nothing new. Done.

🌉 OWU Bridge — 5/5/2026, 1:28:12 pm
📅 Checking since 5/5/2026, 1:23:12 pm
📨 Found 0 new messages
✅ Nothing new. Done.

🌉 OWU Bridge — 5/5/2026, 1:33:13 pm
📅 Checking since 5/5/2026, 1:28:13 pm
📨 Found 0 new messages
✅ Nothing new. Done.

🌉 OWU Bridge — 5/5/2026, 1:38:13 pm
📅 Checking since 5/5/2026, 1:33:13 pm
📨 Found 0 new messages
✅ Nothing new. Done.

🌉 OWU Bridge — 5/5/2026, 1:43:13 pm
📅 Checking since 5/5/2026, 1:38:13 pm
📨 Found 0 new messages
✅ Nothing new. Done.

🌉 OWU Bridge — 5/5/2026, 1:48:13 pm
📅 Checking since 5/5/2026, 1:43:13 pm
📨 Found 0 new messages
✅ Nothing new. Done.

🌉 OWU Bridge — 5/5/2026, 1:53:13 pm
📅 Checking since 5/5/2026, 1:48:13 pm
📨 Found 0 new messages
✅ Nothing new. Done.

🌉 OWU Bridge — 5/5/2026, 1:58:14 pm
📅 Checking since 5/5/2026, 1:53:13 pm
📨 Found 0 new messages
✅ Nothing new. Done.

🌉 OWU Bridge — 5/5/2026, 2:03:14 pm
📅 Checking since 5/5/2026, 1:58:14 pm
📨 Found 0 new messages
✅ Nothing new. Done.

🌉 OWU Bridge — 5/5/2026, 2:08:14 pm
📅 Checking since 5/5/2026, 2:03:14 pm
📨 Found 0 new messages
✅ Nothing new. Done.

🌉 OWU Bridge — 5/5/2026, 2:13:14 pm
📅 Checking since 5/5/2026, 2:08:14 pm
📨 Found 0 new messages
✅ Nothing new. Done.

🌉 OWU Bridge — 5/5/2026, 2:18:14 pm
📅 Checking since 5/5/2026, 2:13:14 pm
📨 Found 0 new messages
✅ Nothing new. Done.

🌉 OWU Bridge — 5/5/2026, 2:23:14 pm
📅 Checking since 5/5/2026, 2:18:14 pm
📨 Found 0 new messages
✅ Nothing new. Done.

🌉 OWU Bridge — 5/5/2026, 2:28:15 pm
📅 Checking since 5/5/2026, 2:23:15 pm
📨 Found 0 new messages
✅ Nothing new. Done.

🌉 OWU Bridge — 5/5/2026, 2:33:15 pm
📅 Checking since 5/5/2026, 2:28:15 pm
📨 Found 0 new messages
✅ Nothing new. Done.

🌉 OWU Bridge — 5/5/2026, 2:38:15 pm
📅 Checking since 5/5/2026, 2:33:15 pm
📨 Found 0 new messages
✅ Nothing new. Done.

🌉 OWU Bridge — 5/5/2026, 2:43:15 pm
📅 Checking since 5/5/2026, 2:38:15 pm
📨 Found 0 new messages
✅ Nothing new. Done.

🌉 OWU Bridge — 5/5/2026, 2:48:16 pm
📅 Checking since 5/5/2026, 2:43:15 pm
📨 Found 0 new messages
✅ Nothing new. Done.

🌉 OWU Bridge — 5/5/2026, 2:53:16 pm
📅 Checking since 5/5/2026, 2:48:16 pm
📨 Found 0 new messages
✅ Nothing new. Done.

🌉 OWU Bridge — 5/5/2026, 2:58:16 pm
📅 Checking since 5/5/2026, 2:53:16 pm
📨 Found 0 new messages
✅ Nothing new. Done.

🌉 OWU Bridge — 5/5/2026, 3:03:16 pm
📅 Checking since 5/5/2026, 2:58:16 pm
📨 Found 0 new messages
✅ Nothing new. Done.

🌉 OWU Bridge — 5/5/2026, 3:08:16 pm
📅 Checking since 5/5/2026, 3:03:16 pm
📨 Found 0 new messages
✅ Nothing new. Done.

🌉 OWU Bridge — 5/5/2026, 3:13:17 pm
📅 Checking since 5/5/2026, 3:08:16 pm
📨 Found 0 new messages
✅ Nothing new. Done.

🌉 OWU Bridge — 5/5/2026, 3:18:17 pm
📅 Checking since 5/5/2026, 3:13:17 pm
📨 Found 0 new messages
✅ Nothing new. Done.

🌉 OWU Bridge — 5/5/2026, 3:23:17 pm
📅 Checking since 5/5/2026, 3:18:17 pm
📨 Found 0 new messages
✅ Nothing new. Done.

🌉 OWU Bridge — 5/5/2026, 3:28:17 pm
📅 Checking since 5/5/2026, 3:23:17 pm
📨 Found 0 new messages
✅ Nothing new. Done.

🌉 OWU Bridge — 5/5/2026, 3:33:17 pm
📅 Checking since 5/5/2026, 3:28:17 pm
📨 Found 0 new messages
✅ Nothing new. Done.

🌉 OWU Bridge — 5/5/2026, 3:38:18 pm
📅 Checking since 5/5/2026, 3:33:18 pm
📨 Found 0 new messages
✅ Nothing new. Done.

🌉 OWU Bridge — 5/5/2026, 3:43:18 pm
📅 Checking since 5/5/2026, 3:38:18 pm
📨 Found 0 new messages
✅ Nothing new. Done.

🌉 OWU Bridge — 5/5/2026, 3:48:18 pm
📅 Checking since 5/5/2026, 3:43:18 pm
📨 Found 0 new messages
✅ Nothing new. Done.

🌉 OWU Bridge — 5/5/2026, 3:53:18 pm
📅 Checking since 5/5/2026, 3:48:18 pm
📨 Found 0 new messages
✅ Nothing new. Done.

🌉 OWU Bridge — 5/5/2026, 3:58:19 pm
📅 Checking since 5/5/2026, 3:53:19 pm
📨 Found 0 new messages
✅ Nothing new. Done.

🌉 OWU Bridge — 5/5/2026, 4:03:19 pm
📅 Checking since 5/5/2026, 3:58:19 pm
📨 Found 0 new messages
✅ Nothing new. Done.

🌉 OWU Bridge — 5/5/2026, 4:08:19 pm
📅 Checking since 5/5/2026, 4:03:19 pm
📨 Found 0 new messages
✅ Nothing new. Done.

🌉 OWU Bridge — 5/5/2026, 4:13:19 pm
📅 Checking since 5/5/2026, 4:08:19 pm
📨 Found 0 new messages
✅ Nothing new. Done.

🌉 OWU Bridge — 5/5/2026, 4:18:20 pm
📅 Checking since 5/5/2026, 4:13:19 pm
📨 Found 0 new messages
✅ Nothing new. Done.

🌉 OWU Bridge — 5/5/2026, 4:23:20 pm
📅 Checking since 5/5/2026, 4:18:20 pm
📨 Found 0 new messages
✅ Nothing new. Done.

🌉 OWU Bridge — 5/5/2026, 4:28:20 pm
📅 Checking since 5/5/2026, 4:23:20 pm
📨 Found 0 new messages
✅ Nothing new. Done.

🌉 OWU Bridge — 5/5/2026, 4:33:20 pm
📅 Checking since 5/5/2026, 4:28:20 pm
📨 Found 0 new messages
✅ Nothing new. Done.

🌉 OWU Bridge — 5/5/2026, 4:38:21 pm
📅 Checking since 5/5/2026, 4:33:20 pm
📨 Found 0 new messages
✅ Nothing new. Done.

🌉 OWU Bridge — 5/5/2026, 4:43:21 pm
📅 Checking since 5/5/2026, 4:38:21 pm
📨 Found 0 new messages
✅ Nothing new. Done.

🌉 OWU Bridge — 5/5/2026, 4:48:21 pm
📅 Checking since 5/5/2026, 4:43:21 pm
📨 Found 0 new messages
✅ Nothing new. Done.

🌉 OWU Bridge — 5/5/2026, 4:53:21 pm
📅 Checking since 5/5/2026, 4:48:21 pm
📨 Found 0 new messages
✅ Nothing new. Done.

🌉 OWU Bridge — 5/5/2026, 4:58:22 pm
📅 Checking since 5/5/2026, 4:53:22 pm
📨 Found 0 new messages
✅ Nothing new. Done.

🌉 OWU Bridge — 5/5/2026, 5:03:22 pm
📅 Checking since 5/5/2026, 4:58:22 pm
📨 Found 0 new messages
✅ Nothing new. Done.

🌉 OWU Bridge — 5/5/2026, 5:08:22 pm
📅 Checking since 5/5/2026, 5:03:22 pm
📨 Found 0 new messages
✅ Nothing new. Done.

🌉 OWU Bridge — 5/5/2026, 5:13:22 pm
📅 Checking since 5/5/2026, 5:08:22 pm
📨 Found 0 new messages
✅ Nothing new. Done.

🌉 OWU Bridge — 5/5/2026, 5:18:23 pm
📅 Checking since 5/5/2026, 5:13:23 pm
📨 Found 0 new messages
✅ Nothing new. Done.

🌉 OWU Bridge — 5/5/2026, 5:23:23 pm
📅 Checking since 5/5/2026, 5:18:23 pm
📨 Found 0 new messages
✅ Nothing new. Done.

🌉 OWU Bridge — 5/5/2026, 5:28:23 pm
📅 Checking since 5/5/2026, 5:23:23 pm
📨 Found 0 new messages
✅ Nothing new. Done.

🌉 OWU Bridge — 5/5/2026, 5:33:23 pm
📅 Checking since 5/5/2026, 5:28:23 pm
📨 Found 0 new messages
✅ Nothing new. Done.

🌉 OWU Bridge — 5/5/2026, 5:38:24 pm
📅 Checking since 5/5/2026, 5:33:24 pm
📨 Found 0 new messages
✅ Nothing new. Done.

🌉 OWU Bridge — 5/5/2026, 5:43:24 pm
📅 Checking since 5/5/2026, 5:38:24 pm
📨 Found 0 new messages
✅ Nothing new. Done.

🌉 OWU Bridge — 5/5/2026, 5:48:24 pm
📅 Checking since 5/5/2026, 5:43:24 pm
📨 Found 0 new messages
✅ Nothing new. Done.

🌉 OWU Bridge — 5/5/2026, 5:53:24 pm
📅 Checking since 5/5/2026, 5:48:24 pm
📨 Found 0 new messages
✅ Nothing new. Done.

🌉 OWU Bridge — 5/5/2026, 5:58:24 pm
📅 Checking since 5/5/2026, 5:53:24 pm
📨 Found 0 new messages
✅ Nothing new. Done.

🌉 OWU Bridge — 5/5/2026, 6:03:25 pm
📅 Checking since 5/5/2026, 5:58:24 pm
📨 Found 0 new messages
✅ Nothing new. Done.

🌉 OWU Bridge — 5/5/2026, 6:08:25 pm
📅 Checking since 5/5/2026, 6:03:25 pm
📨 Found 0 new messages
✅ Nothing new. Done.

🌉 OWU Bridge — 5/5/2026, 6:13:25 pm
📅 Checking since 5/5/2026, 6:08:25 pm
📨 Found 0 new messages
✅ Nothing new. Done.

🌉 OWU Bridge — 5/5/2026, 6:18:25 pm
📅 Checking since 5/5/2026, 6:13:25 pm
📨 Found 0 new messages
✅ Nothing new. Done.

🌉 OWU Bridge — 5/5/2026, 6:23:25 pm
📅 Checking since 5/5/2026, 6:18:25 pm
📨 Found 0 new messages
✅ Nothing new. Done.

🌉 OWU Bridge — 5/5/2026, 6:28:26 pm
📅 Checking since 5/5/2026, 6:23:26 pm
📨 Found 0 new messages
✅ Nothing new. Done.

🌉 OWU Bridge — 5/5/2026, 6:33:26 pm
📅 Checking since 5/5/2026, 6:28:26 pm
📨 Found 0 new messages
✅ Nothing new. Done.

🌉 OWU Bridge — 5/5/2026, 6:38:26 pm
📅 Checking since 5/5/2026, 6:33:26 pm
📨 Found 0 new messages
✅ Nothing new. Done.

🌉 OWU Bridge — 5/5/2026, 6:43:26 pm
📅 Checking since 5/5/2026, 6:38:26 pm
📨 Found 0 new messages
✅ Nothing new. Done.

🌉 OWU Bridge — 5/5/2026, 6:48:26 pm
📅 Checking since 5/5/2026, 6:43:26 pm
📨 Found 0 new messages
✅ Nothing new. Done.

🌉 OWU Bridge — 5/5/2026, 6:53:27 pm
📅 Checking since 5/5/2026, 6:48:27 pm
📨 Found 0 new messages
✅ Nothing new. Done.

🌉 OWU Bridge — 5/5/2026, 6:58:27 pm
📅 Checking since 5/5/2026, 6:53:27 pm
📨 Found 0 new messages
✅ Nothing new. Done.

🌉 OWU Bridge — 5/5/2026, 7:03:27 pm
📅 Checking since 5/5/2026, 6:58:27 pm
📨 Found 0 new messages
✅ Nothing new. Done.

🌉 OWU Bridge — 5/5/2026, 7:08:27 pm
📅 Checking since 5/5/2026, 7:03:27 pm
📨 Found 0 new messages
✅ Nothing new. Done.

🌉 OWU Bridge — 5/5/2026, 7:13:27 pm
📅 Checking since 5/5/2026, 7:08:27 pm
📨 Found 0 new messages
✅ Nothing new. Done.

🌉 OWU Bridge — 5/5/2026, 7:18:28 pm
📅 Checking since 5/5/2026, 7:13:28 pm
📨 Found 0 new messages
✅ Nothing new. Done.

🌉 OWU Bridge — 5/5/2026, 7:23:28 pm
📅 Checking since 5/5/2026, 7:18:28 pm
📨 Found 0 new messages
✅ Nothing new. Done.

🌉 OWU Bridge — 5/5/2026, 7:28:28 pm
📅 Checking since 5/5/2026, 7:23:28 pm
📨 Found 0 new messages
✅ Nothing new. Done.

🌉 OWU Bridge — 5/5/2026, 7:33:28 pm
📅 Checking since 5/5/2026, 7:28:28 pm
📨 Found 0 new messages
✅ Nothing new. Done.

🌉 OWU Bridge — 5/5/2026, 7:38:28 pm
📅 Checking since 5/5/2026, 7:33:28 pm
📨 Found 0 new messages
✅ Nothing new. Done.

🌉 OWU Bridge — 5/5/2026, 7:43:29 pm
📅 Checking since 5/5/2026, 7:38:29 pm
📨 Found 0 new messages
✅ Nothing new. Done.

🌉 OWU Bridge — 5/5/2026, 7:48:29 pm
📅 Checking since 5/5/2026, 7:43:29 pm
📨 Found 0 new messages
✅ Nothing new. Done.

🌉 OWU Bridge — 5/5/2026, 7:53:29 pm
📅 Checking since 5/5/2026, 7:48:29 pm
📨 Found 0 new messages
✅ Nothing new. Done.

🌉 OWU Bridge — 5/5/2026, 7:58:29 pm
📅 Checking since 5/5/2026, 7:53:29 pm
📨 Found 0 new messages
✅ Nothing new. Done.

🌉 OWU Bridge — 5/5/2026, 8:03:29 pm
📅 Checking since 5/5/2026, 7:58:29 pm
📨 Found 0 new messages
✅ Nothing new. Done.

🌉 OWU Bridge — 5/5/2026, 8:08:30 pm
📅 Checking since 5/5/2026, 8:03:29 pm
📨 Found 0 new messages
✅ Nothing new. Done.

🌉 OWU Bridge — 5/5/2026, 8:13:30 pm
📅 Checking since 5/5/2026, 8:08:30 pm
📨 Found 0 new messages
✅ Nothing new. Done.

🌉 OWU Bridge — 5/5/2026, 8:18:30 pm
📅 Checking since 5/5/2026, 8:13:30 pm
📨 Found 0 new messages
✅ Nothing new. Done.

🌉 OWU Bridge — 5/5/2026, 8:23:30 pm
📅 Checking since 5/5/2026, 8:18:30 pm
📨 Found 0 new messages
✅ Nothing new. Done.

🌉 OWU Bridge — 5/5/2026, 8:28:31 pm
📅 Checking since 5/5/2026, 8:23:30 pm
📨 Found 0 new messages
✅ Nothing new. Done.

🌉 OWU Bridge — 5/5/2026, 8:33:31 pm
📅 Checking since 5/5/2026, 8:28:31 pm
📨 Found 0 new messages
✅ Nothing new. Done.

🌉 OWU Bridge — 5/5/2026, 8:51:31 pm
📅 Checking since 5/5/2026, 8:33:31 pm
📨 Found 0 new messages
✅ Nothing new. Done.

🌉 OWU Bridge — 5/5/2026, 8:56:31 pm
📅 Checking since 5/5/2026, 8:51:31 pm
📨 Found 0 new messages
✅ Nothing new. Done.

🌉 OWU Bridge — 5/5/2026, 9:01:32 pm
📅 Checking since 5/5/2026, 8:56:32 pm
📨 Found 0 new messages
✅ Nothing new. Done.

🌉 OWU Bridge — 5/5/2026, 9:06:32 pm
📅 Checking since 5/5/2026, 9:01:32 pm
📨 Found 0 new messages
✅ Nothing new. Done.

🌉 OWU Bridge — 5/5/2026, 9:11:32 pm
📅 Checking since 5/5/2026, 9:06:32 pm
📨 Found 0 new messages
✅ Nothing new. Done.

🌉 OWU Bridge — 5/5/2026, 9:16:32 pm
📅 Checking since 5/5/2026, 9:11:32 pm
📨 Found 0 new messages
✅ Nothing new. Done.

🌉 OWU Bridge — 5/5/2026, 9:21:32 pm
📅 Checking since 5/5/2026, 9:16:32 pm
📨 Found 0 new messages
✅ Nothing new. Done.

🌉 OWU Bridge — 5/5/2026, 9:26:33 pm
📅 Checking since 5/5/2026, 9:21:33 pm
📨 Found 0 new messages
✅ Nothing new. Done.

🌉 OWU Bridge — 5/5/2026, 9:31:33 pm
📅 Checking since 5/5/2026, 9:26:33 pm
📨 Found 0 new messages
✅ Nothing new. Done.

🌉 OWU Bridge — 5/5/2026, 9:36:33 pm
📅 Checking since 5/5/2026, 9:31:33 pm
📨 Found 0 new messages
✅ Nothing new. Done.

🌉 OWU Bridge — 5/5/2026, 9:41:33 pm
📅 Checking since 5/5/2026, 9:36:33 pm
📨 Found 0 new messages
✅ Nothing new. Done.

🌉 OWU Bridge — 5/5/2026, 9:46:34 pm
📅 Checking since 5/5/2026, 9:41:34 pm
📨 Found 0 new messages
✅ Nothing new. Done.

🌉 OWU Bridge — 5/5/2026, 9:51:34 pm
📅 Checking since 5/5/2026, 9:46:34 pm
📨 Found 0 new messages
✅ Nothing new. Done.

🌉 OWU Bridge — 5/5/2026, 9:56:34 pm
📅 Checking since 5/5/2026, 9:51:34 pm
📨 Found 0 new messages
✅ Nothing new. Done.

🌉 OWU Bridge — 5/5/2026, 10:01:34 pm
📅 Checking since 5/5/2026, 9:56:34 pm
📨 Found 0 new messages
✅ Nothing new. Done.

🌉 OWU Bridge — 5/5/2026, 10:06:34 pm
📅 Checking since 5/5/2026, 10:01:34 pm
📨 Found 0 new messages
✅ Nothing new. Done.

🌉 OWU Bridge — 5/5/2026, 10:11:35 pm
📅 Checking since 5/5/2026, 10:06:35 pm
📨 Found 0 new messages
✅ Nothing new. Done.

🌉 OWU Bridge — 5/5/2026, 10:16:35 pm
📅 Checking since 5/5/2026, 10:11:35 pm
📨 Found 0 new messages
✅ Nothing new. Done.

🌉 OWU Bridge — 5/5/2026, 10:21:35 pm
📅 Checking since 5/5/2026, 10:16:35 pm
📨 Found 0 new messages
✅ Nothing new. Done.

🌉 OWU Bridge — 5/5/2026, 10:26:35 pm
📅 Checking since 5/5/2026, 10:21:35 pm
📨 Found 0 new messages
✅ Nothing new. Done.

🌉 OWU Bridge — 5/5/2026, 10:31:36 pm
📅 Checking since 5/5/2026, 10:26:35 pm
📨 Found 0 new messages
✅ Nothing new. Done.

🌉 OWU Bridge — 5/5/2026, 10:36:36 pm
📅 Checking since 5/5/2026, 10:31:36 pm
📨 Found 0 new messages
✅ Nothing new. Done.

🌉 OWU Bridge — 5/5/2026, 10:41:36 pm
📅 Checking since 5/5/2026, 10:36:36 pm
📨 Found 0 new messages
✅ Nothing new. Done.

🌉 OWU Bridge — 5/5/2026, 10:46:36 pm
📅 Checking since 5/5/2026, 10:41:36 pm
📨 Found 0 new messages
✅ Nothing new. Done.

🌉 OWU Bridge — 5/5/2026, 10:51:37 pm
📅 Checking since 5/5/2026, 10:46:37 pm
📨 Found 0 new messages
✅ Nothing new. Done.

🌉 OWU Bridge — 5/5/2026, 10:56:37 pm
📅 Checking since 5/5/2026, 10:51:37 pm
📨 Found 0 new messages
✅ Nothing new. Done.

🌉 OWU Bridge — 5/5/2026, 11:01:41 pm
📅 Checking since 5/5/2026, 10:56:37 pm
📨 Found 0 new messages
✅ Nothing new. Done.

🌉 OWU Bridge — 5/5/2026, 11:06:41 pm
📅 Checking since 5/5/2026, 11:01:41 pm
📨 Found 0 new messages
✅ Nothing new. Done.

🌉 OWU Bridge — 5/5/2026, 11:11:49 pm
📅 Checking since 5/5/2026, 11:06:42 pm
📨 Found 0 new messages
✅ Nothing new. Done.

🌉 OWU Bridge — 5/5/2026, 11:16:53 pm
📅 Checking since 5/5/2026, 11:11:53 pm
📨 Found 0 new messages
✅ Nothing new. Done.

🌉 OWU Bridge — 5/5/2026, 11:21:54 pm
📅 Checking since 5/5/2026, 11:16:53 pm
📨 Found 0 new messages
✅ Nothing new. Done.

🌉 OWU Bridge — 5/5/2026, 11:26:54 pm
📅 Checking since 5/5/2026, 11:21:54 pm
📨 Found 0 new messages
✅ Nothing new. Done.

🌉 OWU Bridge — 5/5/2026, 11:31:54 pm
📅 Checking since 5/5/2026, 11:26:54 pm
📨 Found 0 new messages
✅ Nothing new. Done.

🌉 OWU Bridge — 5/5/2026, 11:36:54 pm
📅 Checking since 5/5/2026, 11:31:54 pm
📨 Found 0 new messages
✅ Nothing new. Done.

🌉 OWU Bridge — 5/5/2026, 11:41:54 pm
📅 Checking since 5/5/2026, 11:36:54 pm
📨 Found 0 new messages
✅ Nothing new. Done.

🌉 OWU Bridge — 5/5/2026, 11:46:55 pm
📅 Checking since 5/5/2026, 11:41:55 pm
📨 Found 0 new messages
✅ Nothing new. Done.

🌉 OWU Bridge — 5/5/2026, 11:51:55 pm
📅 Checking since 5/5/2026, 11:46:55 pm
📨 Found 0 new messages
✅ Nothing new. Done.

🌉 OWU Bridge — 5/5/2026, 11:56:55 pm
📅 Checking since 5/5/2026, 11:51:55 pm
📨 Found 0 new messages
✅ Nothing new. Done.

🌉 OWU Bridge — 6/5/2026, 12:01:55 am
📅 Checking since 5/5/2026, 11:56:55 pm
📨 Found 0 new messages
✅ Nothing new. Done.

🌉 OWU Bridge — 6/5/2026, 12:06:56 am
📅 Checking since 6/5/2026, 12:01:56 am
📨 Found 0 new messages
✅ Nothing new. Done.

🌉 OWU Bridge — 6/5/2026, 12:11:56 am
📅 Checking since 6/5/2026, 12:06:56 am
📨 Found 0 new messages
✅ Nothing new. Done.

🌉 OWU Bridge — 6/5/2026, 12:16:56 am
📅 Checking since 6/5/2026, 12:11:56 am
📨 Found 0 new messages
✅ Nothing new. Done.

🌉 OWU Bridge — 6/5/2026, 12:21:56 am
📅 Checking since 6/5/2026, 12:16:56 am
📨 Found 0 new messages
✅ Nothing new. Done.
